Div,Date,Time,HomeTeam,AwayTeam,FTHG,FTAG,FTR,HTHG,HTAG,HS,AS,HST,AST,HC,AC,HY,AY,HR,AR,PSH,PSD,PSA,PSCH,PSCD,PSCA,BFECH,BFECD,BFECA,MaxCH,MaxCD,MaxCA,AvgCH,AvgCD,AvgCA,B365>2.5,B365<2.5,PC>2.5,PC<2.5,MaxC>2.5,MaxC<2.5,AvgC>2.5,AvgC<2.5,AHCh,PCAHH,PCAHA,Season
E0,15/08/2025,20:00,Liverpool,Bournemouth,4,2,H,1,0,19,10,10,3,6,7,1,2,0,0,1.28,6.56,9.07,1.29,6.55,9.75,1.32,6.8,10,1.31,6.6,9.5,1.29,6.02,8.68,1.36,3.2,1.41,2.95,1.4,3.2,1.36,3.05,-1.75,2.07,1.85,2526
E0,16/08/2025,12:30,Aston Villa,Newcastle,0,0,D,0,0,3,16,3,3,3,6,1,1,1,0,2.24,3.72,3.13,2.32,3.63,3.07,2.48,3.55,3.1,2.45,3.5,3.1,2.38,3.41,2.93,1.62,2.3,1.66,2.31,1.83,2.18,1.75,2.04,-0.25,2.02,1.89,2526
E0,16/08/2025,15:00,Brighton,Fulham,1,1,D,0,0,10,7,4,2,4,3,3,3,0,0,1.94,3.73,3.98,1.92,3.66,4.27,1.9,3.8,4.6,1.87,3.75,4.4,1.83,3.64,4.26,1.73,2.1,1.91,2,1.91,2.04,1.84,1.93,-0.5,1.93,2,2526
E0,16/08/2025,15:00,Sunderland,West Ham,3,0,H,0,0,10,12,5,4,5,7,0,1,0,0,3.27,3.43,2.29,3.55,3.24,2.29,3.6,3.4,2.32,3.55,3.3,2.31,3.4,3.17,2.25,1.93,1.93,2.24,1.7,2.25,1.75,2.11,1.69,0.25,1.97,1.95,2526
E0,16/08/2025,15:00,Tottenham,Burnley,3,0,H,1,0,16,14,6,4,6,5,0,0,0,0,1.4,4.71,8.79,1.56,4.2,6.7,1.61,4.3,6.8,1.58,4.1,6.5,1.55,4.01,6.16,1.73,2.1,1.91,2,1.93,1.93,1.88,1.88,-1,1.99,1.93,2526
E0,16/08/2025,17:30,Wolves,Man City,0,4,A,0,2,9,15,3,4,4,6,1,2,0,0,6.72,4.92,1.46,6.22,4.7,1.52,7,4.6,1.56,7,4.65,1.53,6.24,4.32,1.51,1.62,2.3,1.64,2.37,1.8,2.15,1.74,2.04,1,2.07,1.86,2526
E0,17/08/2025,14:00,Chelsea,Crystal Palace,0,0,D,0,0,19,12,3,4,11,2,2,3,0,0,1.66,4.12,5.25,1.75,4.1,4.67,1.88,3.85,4.7,1.88,3.85,4.5,1.82,3.72,4.26,1.67,2.2,1.74,2.18,1.75,2.23,1.71,2.09,-0.5,1.74,2.21,2526
E0,17/08/2025,14:00,Nott'm Forest,Brentford,3,1,H,3,0,11,10,5,3,5,5,1,2,0,0,2.25,3.38,3.4,2.18,3.37,3.66,1.96,3.65,4.5,1.95,3.55,4.3,1.91,3.44,4.16,2,1.85,2.09,1.81,2.08,1.88,1.99,1.79,-0.5,2.18,1.76,2526
E0,17/08/2025,16:30,Man United,Arsenal,0,1,A,0,1,22,9,7,3,3,4,1,4,0,0,3.74,3.72,2.01,3.84,3.71,2,4.1,3.8,1.99,4,3.8,1.97,3.79,3.7,1.93,1.83,2.03,1.74,2.18,1.73,2.2,1.69,2.12,0.5,1.91,2.01,2526
E0,18/08/2025,20:00,Leeds,Everton,1,0,H,0,0,21,7,3,1,7,2,0,2,0,0,2.37,3.52,3.06,2.36,3.3,3.32,2.54,3.3,3.25,2.4,3.3,3.3,2.34,3.21,3.16,2.1,1.73,2.2,1.74,2.2,1.73,2.13,1.68,-0.25,2.02,1.9,2526
E0,22/08/2025,20:00,West Ham,Chelsea,1,5,A,1,3,12,12,4,7,7,5,0,1,0,0,4.94,3.95,1.74,5.17,4.14,1.68,5.3,4.1,1.75,5,3.95,1.8,4.75,3.82,1.72,1.73,2.1,1.73,2.19,1.8,2.17,1.72,2.08,0.75,2.06,1.87,2526
E0,23/08/2025,12:30,Man City,Tottenham,0,2,A,0,2,10,12,4,5,7,2,1,4,0,0,1.49,5,6.01,1.51,4.93,6.07,1.57,4.8,6.2,1.57,4.95,5.8,1.54,4.53,5.46,1.44,2.75,1.52,2.66,1.53,2.75,1.48,2.58,-1,1.83,2.11,2526
E0,23/08/2025,15:00,Bournemouth,Wolves,1,0,H,1,0,14,6,4,1,8,3,2,4,0,1,1.79,3.98,4.4,1.81,3.88,4.59,1.9,3.85,4.6,1.87,3.9,4.6,1.8,3.74,4.32,1.73,2.1,1.81,2.09,1.88,2.07,1.81,1.96,-0.75,2.05,1.88,2526
E0,23/08/2025,15:00,Brentford,Aston Villa,1,0,H,1,0,9,17,2,2,2,9,1,2,0,0,3.26,3.49,2.27,3.29,3.48,2.29,3.5,3.65,2.22,3.5,3.6,2.28,3.25,3.45,2.18,1.8,2,1.99,1.92,1.91,1.98,1.85,1.91,0.25,1.94,1.98,2526
E0,23/08/2025,15:00,Burnley,Sunderland,2,0,H,0,0,7,9,2,1,4,3,0,1,0,0,2.21,3.26,3.63,2.35,3.19,3.47,2.46,3.3,3.4,2.42,3.2,3.3,2.38,3.11,3.22,2.3,1.62,2.45,1.61,2.4,1.62,2.29,1.59,-0.25,2,1.93,2526
E0,23/08/2025,17:30,Arsenal,Leeds,5,0,H,2,0,18,3,5,1,2,2,0,2,0,0,1.28,6.21,9.68,1.34,5.55,9.7,1.35,5.8,11,1.35,5.65,10,1.33,5.36,8.94,1.53,2.5,1.65,2.33,1.66,2.3,1.62,2.25,-1.5,2.04,1.88,2526
E0,24/08/2025,14:00,Crystal Palace,Nott'm Forest,1,1,D,1,0,8,9,4,1,1,3,3,3,0,0,2.41,3.25,3.22,2.45,3.25,3.21,2.5,3.35,3.25,2.43,3.3,3.15,2.39,3.24,3.06,2.1,1.73,2.3,1.68,2.1,1.83,2.05,1.74,-0.25,2.1,1.84,2526
E0,24/08/2025,14:00,Everton,Brighton,2,0,H,1,0,11,13,3,4,2,2,4,3,0,0,3.16,3.36,2.38,3.14,3.36,2.43,3.1,3.5,2.52,3,3.4,2.5,2.9,3.34,2.43,2,1.8,2.04,1.88,1.94,1.93,1.89,1.88,0,2.24,1.73,2526
E0,24/08/2025,16:30,Fulham,Man United,1,1,D,0,0,13,10,4,3,9,6,1,1,0,0,3.3,3.54,2.23,3.53,3.49,2.18,3.7,3.7,2.16,3.65,3.65,2.1,3.45,3.51,2.08,1.8,2,1.85,2.07,1.81,2.1,1.76,2.02,0.25,2.04,1.88,2526
E0,25/08/2025,20:00,Newcastle,Liverpool,2,3,A,0,1,10,5,3,4,7,1,2,3,1,0,3.29,3.92,2.11,2.97,3.74,2.36,3.1,3.8,2.38,3,3.8,2.4,2.92,3.65,2.29,1.57,2.38,1.6,2.42,1.63,2.5,1.56,2.37,0.25,1.87,2.07,2526
E0,30/08/2025,12:30,Chelsea,Fulham,2,0,H,1,0,13,11,6,3,6,4,2,2,0,0,1.57,4.37,5.75,1.67,3.97,5.49,1.76,3.95,5.4,1.73,4.1,5.5,1.67,3.93,5.03,1.67,2.2,1.78,2.13,1.85,2.12,1.79,1.98,-1,2.16,1.78,2526
E0,30/08/2025,15:00,Man United,Burnley,3,2,H,1,0,26,6,6,3,7,1,1,5,0,0,1.36,5.39,8.45,1.4,5.11,7.98,1.42,5.4,8.6,1.4,5.3,8,1.38,5.06,7.6,1.67,2.2,1.63,2.39,1.6,2.48,1.56,2.36,-1.25,1.89,2.03,2526
E0,30/08/2025,15:00,Sunderland,Brentford,2,1,H,0,0,12,7,3,4,3,4,3,2,0,0,3.03,3.24,2.53,3.08,3.29,2.5,3.3,3.45,2.42,3.2,3.4,2.42,3.1,3.25,2.35,2.1,1.73,2.15,1.78,2.17,1.78,2.07,1.73,0.25,1.81,2.15,2526
E0,30/08/2025,15:00,Tottenham,Bournemouth,0,1,A,0,1,5,20,1,6,0,8,2,4,0,0,1.76,4.14,4.39,1.97,3.71,3.97,1.96,3.85,4.2,1.94,3.85,4,1.89,3.75,3.84,1.57,2.38,1.68,2.31,1.67,2.35,1.63,2.22,-0.5,1.98,1.94,2526
E0,30/08/2025,15:00,Wolves,Everton,2,3,A,1,2,12,10,4,4,2,2,0,1,0,0,2.74,3.23,2.79,3.21,3.2,2.48,3.55,3.3,2.38,3.4,3.2,2.38,3.33,3.11,2.32,2.2,1.67,2.49,1.59,2.5,1.6,2.43,1.53,0.25,1.83,2.11,2526
E0,30/08/2025,17:30,Leeds,Newcastle,0,0,D,0,0,10,8,1,2,5,5,1,1,0,0,3.47,3.54,2.16,3.16,3.55,2.33,3.8,3.6,2.16,3.9,3.45,2.25,3.67,3.36,2.06,1.8,2,2,1.91,2.1,1.8,2.03,1.75,0.5,1.68,2.33,2526
E0,31/08/2025,14:00,Brighton,Man City,2,1,H,0,1,12,12,7,3,3,2,2,2,0,0,3.92,3.89,1.91,3.77,3.79,2,3.8,3.75,2.1,3.6,3.7,2.1,3.47,3.64,2.03,1.62,2.3,1.54,2.58,1.63,2.4,1.57,2.33,0.5,1.92,2.01,2526
E0,31/08/2025,14:00,Nott'm Forest,West Ham,0,3,A,0,0,11,12,3,8,9,7,0,0,0,0,1.69,3.98,5.13,1.69,4,5.17,1.71,4.2,5.4,1.69,4.2,5.5,1.65,4.01,4.98,1.98,1.88,1.81,2.08,1.8,2.15,1.72,2.07,-0.75,1.9,2.03,2526
E0,31/08/2025,16:30,Liverpool,Arsenal,1,0,H,0,0,9,11,3,1,3,8,2,2,0,0,2.27,3.47,3.28,2.4,3.53,3.05,2.46,3.5,3.2,2.4,3.5,3.1,2.37,3.33,3.01,1.73,2.1,1.74,2.19,1.81,2.1,1.77,2,-0.25,2.08,1.85,2526
E0,31/08/2025,19:00,Aston Villa,Crystal Palace,0,3,A,0,1,13,6,4,4,10,1,2,3,0,0,1.9,3.69,4.21,2.03,3.51,3.98,2.18,3.6,3.7,2.15,3.65,3.6,2.09,3.51,3.44,1.98,1.88,2.04,1.88,1.91,2.05,1.8,1.96,-0.25,1.75,2.21,2526
E0,13/09/2025,12:30,Arsenal,Nott'm Forest,3,0,H,1,0,16,5,5,1,8,4,1,1,0,0,1.38,5.25,8.14,1.38,5.12,8.32,1.45,5,8.8,1.44,5,8,1.41,4.78,7.48,1.73,2.1,1.67,2.29,1.7,2.3,1.65,2.2,-1.25,1.86,2.05,2526
E0,13/09/2025,15:00,Bournemouth,Brighton,2,1,H,1,0,13,6,5,2,4,4,4,4,0,0,2.4,3.57,2.98,2.47,3.54,2.94,2.5,3.65,3.05,2.5,3.6,2.9,2.42,3.51,2.82,1.67,2.2,1.67,2.3,1.66,2.3,1.62,2.24,0,1.79,2.14,2526
E0,13/09/2025,15:00,Crystal Palace,Sunderland,0,0,D,0,0,14,6,6,0,5,3,1,1,0,0,1.69,3.77,5.51,1.69,3.69,5.82,1.72,3.85,6,1.7,3.85,5.75,1.68,3.65,5.41,2.1,1.73,2.22,1.71,2.25,1.71,2.16,1.67,-0.75,1.92,2.01,2526
E0,13/09/2025,15:00,Everton,Aston Villa,0,0,D,0,0,20,7,2,1,10,3,3,3,0,0,2.46,3.41,3.01,2.7,3.26,2.86,2.76,3.35,2.94,2.75,3.4,2.9,2.62,3.2,2.8,2.05,1.8,2.21,1.72,2.2,1.76,2.1,1.71,0,1.91,2.02,2526
E0,13/09/2025,15:00,Fulham,Leeds,1,0,H,0,0,5,10,3,3,3,3,1,2,0,0,1.99,3.56,3.99,2.11,3.38,3.87,2.12,3.55,4,2.1,3.5,4,2.04,3.37,3.76,2.03,1.83,2.13,1.78,2.2,1.79,2.06,1.73,-0.25,1.8,2.12,2526
E0,13/09/2025,15:00,Newcastle,Wolves,1,0,H,1,0,16,8,4,3,10,4,1,4,0,0,1.43,4.93,7.21,1.37,5.2,9.25,1.39,5.4,9.8,1.4,5.25,9.5,1.36,5,8.48,1.8,2,1.72,2.21,1.8,2.2,1.68,2.14,-1.25,1.85,2.09,2526
E0,13/09/2025,17:30,West Ham,Tottenham,0,3,A,0,0,7,14,4,5,2,13,0,1,1,0,3.55,3.62,2.1,3.44,3.59,2.18,3.5,3.65,2.26,3.45,3.6,2.2,3.27,3.51,2.17,1.8,2,1.77,2.15,1.8,2.15,1.73,2.07,0.25,2.03,1.89,2526
E0,13/09/2025,20:00,Brentford,Chelsea,2,2,D,1,0,7,16,4,6,5,6,3,2,0,0,4.63,3.95,1.76,4.21,3.86,1.88,4.6,3.9,1.89,4.33,3.8,1.91,4.21,3.72,1.83,1.73,2.1,1.74,2.19,1.83,2.05,1.79,2,0.5,2.05,1.88,2526
E0,14/09/2025,14:00,Burnley,Liverpool,0,1,A,0,0,3,27,0,4,1,13,0,2,0,0,9,5.44,1.34,9.5,5.7,1.33,10.5,6,1.34,9.5,5.75,1.35,8.63,5.54,1.32,1.53,2.5,1.53,2.61,1.53,2.7,1.49,2.55,1.5,1.95,1.97,2526
E0,14/09/2025,16:30,Man City,Man United,3,0,H,1,0,13,12,6,2,2,4,0,0,0,0,1.8,4,4.33,1.77,4.05,4.53,1.7,4.4,5.2,1.73,4.33,5.1,1.65,4.14,4.83,1.57,2.38,1.59,2.49,1.58,2.55,1.53,2.44,-1,2.32,1.68,2526
E0,20/09/2025,12:30,Liverpool,Everton,2,1,H,2,0,11,9,3,2,5,4,2,3,0,0,1.45,4.7,7.25,1.54,4.4,6.5,1.54,4.6,7.2,1.53,4.6,7,1.51,4.35,6.31,1.62,2.3,1.73,2.2,1.75,2.23,1.69,2.13,-1,1.93,1.99,2526
E0,20/09/2025,15:00,Brighton,Tottenham,2,2,D,2,1,12,11,4,3,2,10,1,2,0,0,2.28,3.67,3.1,2.28,3.74,3.1,2.2,3.8,3.5,2.2,3.75,3.3,2.17,3.63,3.14,1.67,2.2,1.67,2.33,1.68,2.3,1.65,2.2,-0.25,2,1.93,2526
E0,20/09/2025,15:00,Burnley,Nott'm Forest,1,1,D,1,1,12,17,5,8,4,5,1,1,0,0,3.43,3.47,2.2,3.46,3.37,2.26,3.5,3.5,2.28,3.6,3.4,2.25,3.41,3.31,2.18,2,1.85,2.09,1.81,2.1,1.8,2.04,1.75,0.25,1.98,1.94,2526
E0,20/09/2025,15:00,West Ham,Crystal Palace,1,2,A,0,1,8,18,3,3,8,8,3,3,0,0,3.09,3.39,2.41,3.26,3.4,2.34,3.2,3.55,2.42,3.15,3.6,2.4,3.04,3.42,2.31,2.05,1.8,2.01,1.9,2,2.05,1.83,1.95,0.25,1.91,2.02,2526
E0,20/09/2025,15:00,Wolves,Leeds,1,3,A,1,3,16,6,6,4,4,0,1,1,0,0,2.78,3.21,2.76,2.85,3.17,2.77,3.1,3.2,2.7,3.1,3.2,2.7,2.88,3.08,2.58,2.3,1.62,2.32,1.66,2.38,1.64,2.3,1.59,0,1.99,1.93,2526
E0,20/09/2025,17:30,Man United,Chelsea,2,1,H,2,0,11,5,4,1,5,5,0,5,1,1,2.71,3.74,2.52,2.71,3.69,2.58,2.76,3.85,2.62,2.7,3.75,2.63,2.64,3.62,2.51,1.57,2.38,1.59,2.44,1.6,2.45,1.57,2.37,0,2.01,1.92,2526
E0,20/09/2025,20:00,Fulham,Brentford,3,1,H,2,1,14,8,3,3,2,10,4,1,0,0,2.05,3.44,3.92,2.19,3.32,3.71,2.22,3.35,3.9,2.16,3.4,3.8,2.12,3.29,3.58,2,1.85,2.11,1.8,2.1,1.86,2.02,1.77,-0.25,1.88,2.06,2526
E0,21/09/2025,14:00,Bournemouth,Newcastle,0,0,D,0,0,11,4,2,1,5,2,2,1,0,0,2.47,3.57,2.87,2.52,3.45,2.93,2.5,3.3,3.3,2.57,3.4,3.2,2.38,3.29,3.02,1.83,2.03,1.88,2.04,1.94,1.98,1.86,1.91,-0.25,2.17,1.78,2526
E0,21/09/2025,14:00,Sunderland,Aston Villa,1,1,D,0,0,14,12,4,2,6,5,2,1,1,0,3.71,3.37,2.14,3.61,3.32,2.22,4.1,3.6,2.06,4,3.4,2.1,3.8,3.32,2.04,2.2,1.67,2.23,1.72,2.1,1.8,2.05,1.75,0.5,1.74,2.22,2526
E0,21/09/2025,16:30,Arsenal,Man City,1,1,D,0,1,12,5,3,3,11,2,1,2,0,0,1.92,3.8,3.99,2.05,3.65,3.76,2.1,3.6,3.9,2.1,3.65,3.75,2.05,3.56,3.54,1.8,2,1.83,2.05,1.8,2.1,1.75,2.03,-0.5,2.06,1.88,2526
E0,27/09/2025,12:30,Brentford,Man United,3,1,H,2,1,10,14,8,6,4,2,2,2,0,0,3.47,3.79,2.07,3.39,3.82,2.12,3.55,3.95,2.14,3.6,3.85,2.1,3.3,3.74,2.07,1.67,2.2,1.65,2.34,1.64,2.4,1.58,2.33,0.5,1.81,2.12,2526
E0,27/09/2025,15:00,Chelsea,Brighton,1,3,A,1,0,13,12,3,3,5,7,3,5,1,0,1.9,3.86,3.98,1.91,3.91,4,2.08,3.75,3.95,2.02,4,3.8,1.98,3.75,3.57,1.62,2.3,1.68,2.28,1.72,2.35,1.64,2.22,-0.5,1.92,2.01,2526
E0,27/09/2025,15:00,Crystal Palace,Liverpool,2,1,H,1,0,16,20,7,4,2,6,1,3,0,0,3.93,3.73,1.95,4.3,3.71,1.89,4.5,3.8,1.93,4.2,3.8,1.91,4.01,3.71,1.87,1.73,2.1,1.75,2.18,1.73,2.17,1.71,2.11,0.5,2.02,1.91,2526
E0,27/09/2025,15:00,Leeds,Bournemouth,2,2,D,1,1,19,12,8,5,7,4,2,2,0,0,2.99,3.32,2.51,3.01,3.37,2.5,3.1,3.4,2.6,3.05,3.3,2.54,2.96,3.23,2.46,2.03,1.83,2.09,1.83,2.05,1.84,1.99,1.8,0.25,1.8,2.16,2526
E0,27/09/2025,15:00,Man City,Burnley,5,1,H,1,1,21,9,8,2,10,2,1,3,0,0,1.17,8.36,14.45,1.2,7.49,14.84,1.22,7.8,19,1.21,7.5,15,1.19,7.02,14.17,1.44,2.75,1.49,2.66,1.5,2.9,1.44,2.74,-2,2.03,1.88,2526
E0,27/09/2025,17:30,Nott'm Forest,Sunderland,0,1,A,0,1,22,11,6,3,7,4,4,2,0,0,1.78,3.82,4.76,1.78,3.82,4.79,1.81,3.95,5.1,1.8,3.8,5,1.75,3.69,4.73,2,1.85,2.02,1.88,2.02,1.93,1.95,1.83,-0.75,2.03,1.9,2526
E0,27/09/2025,20:00,Tottenham,Wolves,1,1,D,0,0,10,9,3,3,10,9,3,2,0,0,1.49,4.96,6.08,1.58,4.37,5.76,1.54,4.5,7.4,1.57,4.6,6.5,1.53,4.27,6.05,1.73,2.1,1.77,2.14,1.75,2.15,1.72,2.1,-1,2.01,1.92,2526
E0,28/09/2025,14:00,Aston Villa,Fulham,3,1,H,1,1,9,11,4,4,2,8,1,4,0,0,2.3,3.15,3.55,2.38,3.25,3.34,2.34,3.45,3.5,2.32,3.33,3.5,2.25,3.24,3.34,2.1,1.73,2.16,1.76,2.14,1.83,2.04,1.76,-0.25,2.03,1.89,2526
E0,28/09/2025,16:30,Newcastle,Arsenal,1,2,A,1,0,8,20,3,7,7,12,2,1,0,0,3.64,3.4,2.15,3.78,3.36,2.14,3.65,3.4,2.28,3.5,3.33,2.3,3.4,3.26,2.21,2.1,1.73,2.3,1.67,2.18,1.75,2.11,1.71,0.25,2.1,1.84,2526
E0,29/09/2025,20:00,Everton,West Ham,1,1,D,1,0,12,14,6,3,3,5,3,4,0,0,1.74,3.88,4.9,1.68,3.9,5.46,1.71,4.1,5.7,1.68,4,5.5,1.65,3.87,5.28,1.93,1.93,2,1.9,1.92,1.98,1.86,1.91,-0.75,1.89,2.03,2526
E0,03/10/2025,20:00,Bournemouth,Fulham,3,1,H,0,0,11,12,6,4,4,3,0,1,0,0,1.99,3.6,3.93,2.02,3.55,3.98,2.02,3.55,4.4,2,3.6,4.2,1.95,3.43,4.01,2,1.85,2.04,1.88,2.1,1.78,2.06,1.75,-0.5,2.03,1.9,2526
E0,04/10/2025,12:30,Leeds,Tottenham,1,2,A,1,1,16,9,4,3,4,1,2,3,0,0,2.78,3.56,2.55,2.77,3.45,2.65,2.92,3.5,2.68,2.85,3.4,2.63,2.75,3.35,2.55,1.95,1.9,1.97,1.93,1.98,1.91,1.91,1.86,0,2.01,1.92,2526
E0,04/10/2025,15:00,Arsenal,West Ham,2,0,H,1,0,21,4,5,0,8,3,0,2,0,0,1.21,6.93,13.68,1.22,6.82,14.76,1.19,8.8,19.5,1.2,8,17,1.18,7.28,14.63,1.53,2.5,1.49,2.64,1.55,3.1,1.41,2.84,-2,2.08,1.84,2526
E0,04/10/2025,15:00,Man United,Sunderland,2,0,H,2,0,15,8,6,3,2,3,1,4,0,0,1.51,4.7,6.18,1.57,4.41,5.78,1.67,4.5,5.5,1.69,4.5,5.5,1.61,4.22,5.1,1.62,2.3,1.73,2.19,1.68,2.3,1.64,2.22,-0.75,1.72,2.24,2526
E0,04/10/2025,17:30,Chelsea,Liverpool,2,1,H,1,0,12,12,6,2,7,2,0,2,0,0,2.92,3.89,2.3,2.9,3.85,2.36,3.05,3.8,2.42,3,3.8,2.38,2.87,3.64,2.31,1.53,2.5,1.52,2.59,1.6,2.6,1.55,2.41,0.25,1.86,2.07,2526
E0,05/10/2025,14:00,Aston Villa,Burnley,2,1,H,1,0,15,5,7,2,6,4,3,1,0,0,1.6,3.99,6.21,1.65,3.91,5.77,1.59,4.3,7,1.62,4.25,6.5,1.55,4.05,6.13,1.98,1.88,1.95,1.95,1.93,2,1.88,1.9,-1,2.15,1.78,2526
E0,05/10/2025,14:00,Everton,Crystal Palace,2,1,H,0,1,14,15,7,8,2,4,2,3,0,0,2.59,3.26,2.95,2.61,3.23,2.99,2.8,3.2,2.98,2.75,3.2,2.9,2.65,3.1,2.82,2.2,1.67,2.23,1.72,2.32,1.67,2.25,1.62,0,1.83,2.11,2526
E0,05/10/2025,14:00,Newcastle,Nott'm Forest,2,0,H,0,0,18,5,9,4,8,1,0,4,0,0,1.63,4.3,5.27,1.57,4.39,5.91,1.55,4.8,6.6,1.53,4.6,6.5,1.51,4.42,6.06,1.73,2.1,1.71,2.23,1.66,2.3,1.64,2.23,-1,1.96,1.96,2526
E0,05/10/2025,14:00,Wolves,Brighton,1,1,D,1,0,6,17,3,6,2,8,2,4,0,0,3.82,3.68,1.99,3.82,3.68,2.02,3.75,3.6,2.16,3.75,3.65,2.25,3.46,3.53,2.08,1.85,2,1.89,2.01,1.84,2.1,1.77,2.02,0.25,2.2,1.76,2526
E0,05/10/2025,16:30,Brentford,Man City,0,1,A,0,1,6,10,1,4,3,2,3,2,0,0,4.87,4.5,1.64,5.04,4.39,1.65,5.5,4.4,1.68,5.5,4.33,1.65,5.03,4.18,1.62,1.57,2.38,1.63,2.36,1.62,2.43,1.58,2.32,1,1.84,2.1,2526
E0,18/10/2025,12:30,Nott'm Forest,Chelsea,0,3,A,0,0,12,17,2,6,5,2,2,2,0,1,3.77,3.88,1.95,3.24,3.5,2.31,3.2,3.6,2.4,3.25,3.5,2.38,3.07,3.43,2.27,1.73,2.1,1.86,2.05,1.88,2.1,1.82,1.97,0.25,1.93,2,2526
E0,18/10/2025,15:00,Brighton,Newcastle,2,1,H,1,0,13,16,5,3,8,4,0,1,0,0,2.71,3.52,2.64,2.87,3.5,2.54,3,3.55,2.54,2.9,3.6,2.5,2.86,3.44,2.42,1.88,1.98,1.79,2.11,1.82,2.1,1.75,2.05,0.25,1.76,2.19,2526
E0,18/10/2025,15:00,Burnley,Leeds,2,0,H,1,0,4,19,3,4,1,5,2,1,0,0,3.43,3.29,2.28,3.57,3.23,2.28,3.7,3.35,2.28,3.75,3.33,2.23,3.48,3.22,2.19,2.2,1.67,2.37,1.65,2.3,1.67,2.26,1.62,0.25,1.97,1.95,2526
E0,18/10/2025,15:00,Crystal Palace,Bournemouth,3,3,D,0,2,20,8,7,5,6,5,1,4,0,0,2.23,3.4,3.43,2.24,3.41,3.47,2.22,3.4,3.8,2.15,3.5,3.6,2.13,3.39,3.44,1.95,1.9,1.87,2.05,1.84,2.08,1.8,1.99,-0.25,1.93,1.99,2526
E0,18/10/2025,15:00,Man City,Everton,2,0,H,0,0,19,5,7,1,11,3,0,2,0,0,1.39,5.29,7.71,1.44,4.55,8.31,1.45,4.6,10,1.48,4.8,8.5,1.44,4.46,7.29,1.73,2.1,1.71,2.22,1.71,2.25,1.67,2.17,-1.25,2.03,1.9,2526
E0,18/10/2025,15:00,Sunderland,Wolves,2,0,H,1,0,8,16,2,3,3,2,0,0,0,0,2.5,3.07,3.25,2.65,3.03,3.12,2.62,3.15,3.25,2.54,3.1,3.15,2.49,3.03,3.08,2.5,1.53,2.48,1.57,2.5,1.6,2.37,1.56,-0.25,2.23,1.74,2526
E0,18/10/2025,17:30,Fulham,Arsenal,0,1,A,0,0,9,16,0,5,6,10,0,0,0,0,5.98,4.46,1.55,7.25,4.15,1.54,7.8,4.5,1.52,7.5,4.35,1.53,6.77,4.18,1.5,1.98,1.88,1.96,1.94,2,1.91,1.91,1.86,1,1.99,1.93,2526
E0,19/10/2025,14:00,Tottenham,Aston Villa,1,2,A,1,1,9,8,3,2,6,6,2,0,0,0,2.07,3.77,3.5,2.32,3.44,3.27,2.36,3.5,3.4,2.3,3.5,3.4,2.24,3.36,3.21,1.83,2.03,1.88,2.02,1.89,2,1.83,1.95,-0.25,2,1.93,2526
E0,19/10/2025,16:30,Liverpool,Man United,1,2,A,0,1,19,12,6,4,9,4,0,2,0,0,1.63,4.27,5.32,1.63,4.46,5.12,1.75,4.6,4.6,1.73,4.35,5,1.67,4.3,4.55,1.44,2.75,1.49,2.69,1.5,2.88,1.44,2.69,-0.75,1.78,2.15,2526
E0,20/10/2025,20:00,West Ham,Brentford,0,2,A,0,1,7,22,1,7,6,10,1,1,0,0,2.54,3.43,2.87,2.63,3.31,2.9,2.94,3.4,2.7,2.88,3.4,2.63,2.75,3.29,2.57,1.9,1.95,2,1.91,1.93,1.93,1.9,1.88,0,1.87,2.06,2526
E0,24/10/2025,20:00,Leeds,West Ham,2,1,H,2,0,13,9,5,3,3,4,3,3,0,0,1.82,3.72,4.72,1.81,3.71,4.79,1.85,3.85,4.9,1.83,3.85,5.1,1.79,3.64,4.56,2.1,1.73,2.05,1.87,2.05,1.91,1.97,1.81,-0.75,2.07,1.86,2526
E0,25/10/2025,15:00,Chelsea,Sunderland,1,2,A,1,1,16,10,7,4,9,1,1,1,0,0,1.38,5.22,8,1.45,4.7,7.85,1.45,5.1,8.2,1.48,4.7,8,1.44,4.52,7.2,1.73,2.1,1.71,2.22,1.75,2.2,1.7,2.11,-1.25,2.06,1.87,2526
E0,25/10/2025,15:00,Newcastle,Fulham,2,1,H,1,0,18,12,7,5,4,3,0,2,0,0,1.65,3.97,5.59,1.61,4.15,6,1.64,4.3,6.2,1.62,4.1,6.25,1.6,3.99,5.62,1.93,1.93,1.85,2.07,1.85,2.05,1.8,2,-1,2.06,1.87,2526
E0,25/10/2025,17:30,Man United,Brighton,4,2,H,2,0,13,17,9,5,1,6,2,2,0,0,2,3.92,3.57,2.03,3.9,3.57,2.08,3.95,3.7,2.05,4,3.5,1.99,3.85,3.41,1.53,2.5,1.55,2.55,1.53,2.75,1.5,2.53,-0.5,2.04,1.88,2526
E0,25/10/2025,20:00,Brentford,Liverpool,3,2,H,2,1,17,18,8,5,5,4,3,2,0,0,4.25,4.18,1.78,4.27,3.93,1.85,4.4,4,1.89,4.2,4.2,1.86,3.92,4.01,1.82,1.53,2.5,1.58,2.46,1.57,2.55,1.53,2.44,0.5,2.08,1.86,2526
E0,26/10/2025,14:00,Arsenal,Crystal Palace,1,0,H,1,0,10,7,3,1,4,3,0,0,0,0,1.44,4.71,7.49,1.39,5,9,1.41,5.2,9.6,1.4,5.1,8.5,1.38,4.91,8.08,1.73,2.1,1.7,2.24,1.71,2.28,1.66,2.18,-1.25,1.91,2.01,2526
E0,26/10/2025,14:00,Aston Villa,Man City,1,0,H,1,0,9,18,3,4,5,6,1,4,0,0,4.24,4.06,1.81,4.27,3.77,1.88,4.5,3.9,1.89,4.5,3.9,1.92,4.16,3.77,1.82,1.73,2.1,1.73,2.2,1.75,2.28,1.68,2.15,0.5,2.03,1.89,2526
E0,26/10/2025,14:00,Bournemouth,Nott'm Forest,2,0,H,2,0,13,8,5,4,6,4,3,1,0,0,1.79,3.96,4.48,2.02,3.54,3.98,2.04,3.65,4.2,2,3.75,4.1,1.95,3.59,3.82,1.88,1.98,1.86,2.05,1.85,2,1.81,1.97,-0.5,2.03,1.89,2526
E0,26/10/2025,14:00,Wolves,Burnley,2,3,A,2,2,15,11,7,7,5,3,1,0,0,0,2,3.39,4.18,1.93,3.41,4.55,2,3.5,4.6,1.95,3.4,4.5,1.92,3.3,4.34,2.3,1.62,2.32,1.67,2.3,1.68,2.22,1.64,-0.5,1.94,1.98,2526
E0,26/10/2025,16:30,Everton,Tottenham,0,3,A,0,2,12,7,2,4,9,8,2,0,0,0,2.42,3.33,3.13,2.28,3.39,3.4,2.32,3.45,3.5,2.28,3.5,3.5,2.2,3.34,3.32,1.98,1.88,1.99,1.91,2,2,1.92,1.89,-0.25,1.96,1.96,2526
E0,01/11/2025,15:00,Brighton,Leeds,3,0,H,1,0,14,5,7,2,4,7,0,1,0,0,1.89,3.77,4.15,2.03,3.6,3.86,1.97,3.95,4.1,1.95,3.75,4,1.93,3.61,3.88,1.85,2,1.92,1.99,1.86,2.07,1.82,1.97,-0.5,2.04,1.88,2526
E0,01/11/2025,15:00,Burnley,Arsenal,0,2,A,0,2,3,12,0,8,1,6,2,1,0,0,9.99,6.26,1.28,12.24,6.08,1.27,15.5,6.8,1.25,17,6.25,1.26,13.66,5.78,1.24,1.73,2.1,1.82,2.08,1.91,2.02,1.85,1.93,1.75,1.83,2.09,2526
E0,01/11/2025,15:00,Crystal Palace,Brentford,2,0,H,1,0,9,6,2,2,6,5,0,3,0,0,1.94,3.68,4.01,2.07,3.53,3.81,2.16,3.6,3.85,2.15,3.6,3.8,2.06,3.43,3.6,1.73,2.1,1.84,2.05,1.9,2.06,1.82,1.96,-0.5,2.08,1.85,2526
E0,01/11/2025,15:00,Fulham,Wolves,3,0,H,1,0,19,5,6,2,10,1,1,3,0,1,1.88,3.54,4.56,1.79,3.73,4.92,1.86,3.9,4.7,1.83,3.8,4.6,1.79,3.69,4.44,2.2,1.67,2.08,1.84,1.98,2,1.89,1.89,-0.75,2.05,1.88,2526
E0,01/11/2025,15:00,Nott'm Forest,Man United,2,2,D,0,1,17,18,3,7,8,5,1,1,0,0,3.43,3.87,2.06,3.48,3.77,2.1,3.5,3.7,2.24,3.5,3.8,2.2,3.27,3.63,2.12,1.73,2.1,1.79,2.13,1.77,2.2,1.7,2.13,0.25,2.1,1.84,2526
E0,01/11/2025,17:30,Tottenham,Chelsea,0,1,A,0,1,3,15,1,9,6,5,4,2,0,0,2.73,3.63,2.56,2.83,3.51,2.57,3.2,3.55,2.42,3.1,3.6,2.4,3.02,3.44,2.31,1.73,2.1,1.8,2.11,1.81,2.15,1.76,2.04,0.25,1.75,2.21,2526
E0,01/11/2025,20:00,Liverpool,Aston Villa,2,0,H,1,0,16,10,4,3,1,4,2,3,0,0,1.66,4.21,5.07,1.68,4.34,4.92,1.7,4.6,5.1,1.7,4.5,4.9,1.65,4.28,4.67,1.53,2.5,1.57,2.52,1.55,2.6,1.53,2.46,-1,2.12,1.8,2526
E0,02/11/2025,14:00,West Ham,Newcastle,3,1,H,2,1,15,12,9,4,7,6,1,2,0,0,5.07,4.45,1.63,5.17,4.22,1.66,5.4,4.4,1.69,5.25,4.35,1.67,4.99,4.08,1.64,1.8,2,1.75,2.18,1.74,2.2,1.68,2.15,1,1.79,2.14,2526
E0,02/11/2025,16:30,Man City,Bournemouth,3,1,H,2,1,15,8,8,5,10,4,2,2,0,0,1.51,4.75,6.02,1.43,5.35,6.8,1.46,5.4,7.6,1.42,5.33,7.5,1.41,5.08,6.86,1.53,2.5,1.49,2.71,1.5,2.75,1.47,2.64,-1.25,1.91,2.01,2526
E0,03/11/2025,20:00,Sunderland,Everton,1,1,D,0,1,17,8,3,2,4,1,3,2,0,0,2.82,3.18,2.75,3.32,3.2,2.42,3.35,3.25,2.48,3.4,3.2,2.5,3.24,3.09,2.37,2.3,1.62,2.5,1.57,2.45,1.64,2.35,1.58,0.25,1.87,2.06,2526
E0,08/11/2025,12:30,Tottenham,Man United,2,2,D,0,1,10,5,4,2,5,3,5,1,0,0,2.72,3.59,2.58,3.01,3.59,2.43,3,3.65,2.5,3,3.6,2.5,2.9,3.47,2.38,1.67,2.2,1.72,2.21,1.73,2.2,1.68,2.15,0.25,1.84,2.1,2526
E0,08/11/2025,15:00,Everton,Fulham,2,0,H,1,0,14,8,5,4,7,5,2,2,0,0,2.26,3.35,3.41,2.38,3.24,3.35,2.42,3.3,3.45,2.38,3.3,3.35,2.31,3.21,3.23,2.2,1.67,2.18,1.75,2.23,1.73,2.12,1.7,-0.25,2.03,1.89,2526
E0,08/11/2025,15:00,West Ham,Burnley,3,2,H,1,1,15,16,6,7,7,4,2,2,0,0,1.95,3.58,4.12,1.88,3.66,4.44,1.93,3.75,4.5,1.91,3.7,4.5,1.86,3.56,4.23,2,1.8,2,1.91,2,1.88,1.95,1.83,-0.5,1.89,2.03,2526
E0,08/11/2025,17:30,Sunderland,Arsenal,2,2,D,1,0,6,17,2,7,2,2,2,1,0,0,7.56,5.01,1.41,8,4.5,1.47,8.8,4.6,1.49,8.5,4.33,1.5,7.33,4.23,1.46,2.05,1.8,2.2,1.72,2.2,1.73,2.13,1.69,1,2.07,1.86,2526
E0,08/11/2025,20:00,Chelsea,Wolves,3,0,H,0,0,20,3,8,0,10,1,1,2,0,0,1.37,5.26,8.42,1.36,5.4,9.2,1.39,5.5,9.6,1.4,5.33,9,1.36,5.1,8.12,1.62,2.3,1.62,2.42,1.6,2.55,1.56,2.37,-1.5,2.1,1.84,2526
E0,09/11/2025,14:00,Aston Villa,Bournemouth,4,0,H,2,0,16,13,8,4,6,9,2,2,0,0,2.25,3.49,3.29,2.37,3.4,3.2,2.44,3.5,3.25,2.38,3.5,3.15,2.3,3.37,3.1,1.88,1.98,1.93,1.98,1.91,2.06,1.83,1.95,-0.25,2.05,1.88,2526
E0,09/11/2025,14:00,Brentford,Newcastle,3,1,H,0,1,15,5,7,1,6,2,2,1,0,0,2.97,3.39,2.5,2.93,3.51,2.49,3.05,3.5,2.54,2.9,3.5,2.55,2.83,3.38,2.47,1.85,2,1.79,2.13,1.83,2.04,1.81,1.98,0,2.14,1.81,2526
E0,09/11/2025,14:00,Crystal Palace,Brighton,0,0,D,0,0,10,7,2,3,4,8,1,4,0,0,2.3,3.62,3.1,2.43,3.45,3.07,2.48,3.45,3.2,2.4,3.5,3.05,2.38,3.39,2.97,1.73,2.1,1.88,2.02,1.85,2.05,1.81,1.98,-0.25,2.1,1.84,2526
E0,09/11/2025,14:00,Nott'm Forest,Leeds,3,1,H,1,1,14,10,6,3,6,4,2,1,0,0,2.29,3.45,3.27,2.23,3.3,3.62,2.32,3.3,3.7,2.3,3.25,3.6,2.23,3.14,3.46,2.1,1.73,2.44,1.59,2.4,1.65,2.3,1.6,-0.25,1.91,2.02,2526
E0,09/11/2025,16:30,Man City,Liverpool,3,0,H,2,0,14,7,6,1,7,7,2,4,0,0,1.88,4.08,3.85,1.94,4,3.86,1.92,4.1,4.1,1.95,4.1,3.8,1.89,3.94,3.69,1.5,2.63,1.49,2.69,1.5,2.8,1.46,2.68,-0.5,1.94,1.98,2526
E0,22/11/2025,12:30,Burnley,Chelsea,0,2,A,0,1,8,15,2,5,1,9,2,3,0,0,6.45,4.73,1.49,5.8,4.25,1.61,6,4.5,1.63,6,4.35,1.62,5.46,4.14,1.58,1.8,2,1.71,2.23,1.72,2.2,1.67,2.16,1,1.87,2.06,2526
E0,22/11/2025,15:00,Bournemouth,West Ham,2,2,D,0,2,28,5,10,2,9,2,3,2,0,0,1.65,4.16,5.26,1.68,4.09,5.12,1.72,4.2,5.3,1.7,4.1,5.5,1.67,3.97,4.95,1.67,2.2,1.69,2.27,1.7,2.22,1.67,2.16,-0.75,1.88,2.05,2526
E0,22/11/2025,15:00,Brighton,Brentford,2,1,H,0,1,14,10,5,4,7,4,4,2,0,0,1.96,3.6,4.05,2.17,3.47,3.59,2.2,3.55,3.7,2.15,3.6,3.65,2.1,3.44,3.47,1.73,2.1,1.78,2.14,1.75,2.15,1.72,2.08,-0.25,1.87,2.06,2526
E0,22/11/2025,15:00,Fulham,Sunderland,1,0,H,0,0,24,4,6,2,7,4,3,3,0,0,2.12,3.24,3.95,2.07,3.38,4,2.12,3.5,4,2.1,3.5,4.1,2.02,3.33,3.81,2.2,1.67,2.13,1.78,2.1,1.83,2.06,1.74,-0.5,2.08,1.85,2526
E0,22/11/2025,15:00,Liverpool,Nott'm Forest,0,3,A,0,1,21,15,4,7,8,6,2,0,0,0,1.45,4.9,6.9,1.47,4.69,6.97,1.48,5.1,7.6,1.48,4.8,7,1.45,4.6,6.58,1.53,2.5,1.64,2.34,1.62,2.48,1.56,2.37,-1.25,2.08,1.85,2526
E0,22/11/2025,15:00,Wolves,Crystal Palace,0,2,A,0,0,8,10,1,4,1,4,2,3,0,0,3.92,3.62,1.99,4.53,3.8,1.82,4.7,3.95,1.86,4.75,3.9,1.86,4.43,3.65,1.81,2.05,1.8,1.96,1.94,2.02,1.95,1.93,1.84,0.75,1.85,2.09,2526
E0,22/11/2025,17:30,Newcastle,Man City,2,1,H,0,0,9,17,5,4,5,9,1,3,0,0,3.69,3.8,2,4.06,3.85,1.93,4.1,3.9,1.96,3.85,3.8,2,3.67,3.7,1.95,1.67,2.2,1.61,2.42,1.68,2.4,1.6,2.29,0.5,1.99,1.93,2526
E0,23/11/2025,14:00,Leeds,Aston Villa,1,2,A,1,0,14,14,5,3,3,3,5,1,0,0,3.05,3.27,2.51,3.3,3.46,2.29,3.45,3.5,2.32,3.3,3.4,2.4,3.22,3.3,2.27,2.1,1.73,2.15,1.77,2.12,1.78,2.07,1.74,0.25,1.94,1.98,2526
E0,23/11/2025,16:30,Arsenal,Tottenham,4,1,H,2,0,17,3,8,2,4,1,1,3,0,0,1.43,4.75,7.88,1.47,4.47,7.69,1.5,4.6,8.2,1.5,4.4,8,1.47,4.29,7.15,1.8,2,2,1.9,2,1.91,1.92,1.86,-1,1.83,2.12,2526
E0,24/11/2025,20:00,Man United,Everton,0,1,A,0,1,25,3,6,1,9,1,2,0,0,1,1.8,3.76,4.68,1.9,3.87,4.08,1.92,3.95,4.3,1.91,3.75,4.35,1.86,3.69,4.09,1.73,2.1,1.85,2.06,1.85,2.1,1.78,2.01,-0.5,1.91,2.01,2526
E0,29/11/2025,15:00,Brentford,Burnley,3,1,H,0,0,14,6,4,2,5,6,0,2,0,0,1.47,4.72,6.95,1.5,4.55,7.05,1.53,4.7,7.2,1.52,4.5,7,1.48,4.36,6.61,1.73,2.1,1.85,2.07,1.83,2.08,1.77,2.02,-1,1.83,2.11,2526
E0,29/11/2025,15:00,Man City,Leeds,3,2,H,2,0,18,9,9,4,8,1,4,1,0,0,1.25,6.77,10.58,1.22,7.5,13.5,1.25,7.6,13.5,1.25,7.5,13,1.22,6.58,11.56,1.53,2.5,1.42,2.91,1.46,3,1.41,2.83,-1.75,1.87,2.04,2526
E0,29/11/2025,15:00,Sunderland,Bournemouth,3,2,H,1,2,12,18,6,6,6,3,5,5,0,1,3.14,3.4,2.38,3.29,3.43,2.31,3.4,3.45,2.36,3.25,3.4,2.38,3.14,3.3,2.3,2,1.85,2.02,1.89,2,1.87,1.96,1.82,0.25,1.93,2,2526
E0,29/11/2025,17:30,Everton,Newcastle,1,4,A,0,3,10,13,2,8,8,7,0,0,0,0,2.79,3.38,2.64,2.75,3.36,2.73,2.8,3.45,2.8,2.8,3.4,2.75,2.68,3.3,2.65,2,1.8,1.92,1.99,1.95,1.98,1.87,1.91,0,1.97,1.95,2526
E0,29/11/2025,20:00,Tottenham,Fulham,1,2,A,0,2,14,7,2,3,8,2,3,2,0,0,2.3,3.31,3.38,2.4,3.44,3.12,2.46,3.5,3.2,2.38,3.4,3.15,2.34,3.35,3.04,1.95,1.9,1.86,2.05,1.86,2,1.82,1.96,-0.25,2.07,1.86,2526
E0,30/11/2025,12:00,Crystal Palace,Man United,1,2,A,1,0,14,14,3,6,4,4,3,2,0,0,2.29,3.62,3.11,2.1,3.75,3.56,2.14,3.8,3.6,2.12,3.7,3.5,2.07,3.6,3.4,1.73,2.1,1.75,2.19,1.76,2.15,1.71,2.1,-0.5,2.1,1.83,2526
E0,30/11/2025,14:05,Aston Villa,Wolves,1,0,H,0,0,16,9,6,4,7,3,0,4,0,0,1.48,4.76,6.56,1.47,4.65,7.25,1.51,4.7,7.8,1.5,4.75,7.5,1.46,4.46,6.83,1.8,2,1.82,2.07,1.8,2.18,1.75,2.04,-1.25,2.12,1.82,2526
E0,30/11/2025,14:05,Nott'm Forest,Brighton,0,2,A,0,1,19,17,3,6,9,2,0,1,0,0,2.81,3.46,2.58,2.95,3.35,2.57,3.05,3.4,2.64,3,3.4,2.65,2.85,3.29,2.51,1.91,1.91,1.98,1.92,1.94,1.98,1.9,1.88,0,2.11,1.83,2526
E0,30/11/2025,14:05,West Ham,Liverpool,0,2,A,0,0,7,9,0,5,7,2,1,0,1,0,4.45,4.22,1.74,5.15,4.75,1.6,5.4,4.8,1.63,5.33,4.6,1.67,5.07,4.49,1.58,1.53,2.5,1.55,2.55,1.53,2.7,1.49,2.57,1,1.95,1.97,2526
E0,30/11/2025,16:30,Chelsea,Arsenal,1,1,D,0,0,11,8,4,4,3,3,1,6,1,0,3.47,3.33,2.25,3.19,3.17,2.51,3.3,3.25,2.54,3.1,3.25,2.55,3.01,3.14,2.46,1.98,1.88,2.11,1.78,2.14,1.8,2.05,1.75,0.25,1.81,2.14,2526
E0,02/12/2025,19:30,Bournemouth,Everton,0,1,A,0,0,5,13,2,3,1,6,3,3,0,0,2.28,3.36,3.43,2.23,3.5,3.41,2.28,3.6,3.5,2.23,3.5,3.4,2.17,3.4,3.34,1.98,1.88,1.83,2.07,1.83,2.05,1.79,1.99,-0.25,1.93,2,2526
E0,02/12/2025,19:30,Fulham,Man City,4,5,A,1,3,12,11,6,4,7,2,0,1,0,0,4.73,4.13,1.72,5.3,4.12,1.66,5.9,4.3,1.66,5.5,4.2,1.67,5.14,4.08,1.63,1.67,2.2,1.75,2.17,1.73,2.3,1.68,2.15,0.75,2.08,1.85,2526
E0,02/12/2025,20:15,Newcastle,Tottenham,2,2,D,0,0,19,8,7,2,11,8,0,3,0,0,1.85,3.87,4.29,1.85,3.89,4.3,1.9,3.95,4.4,1.9,3.95,4.4,1.83,3.78,4.07,1.73,2.1,1.72,2.22,1.71,2.28,1.66,2.18,-0.5,1.86,2.07,2526
E0,03/12/2025,19:30,Arsenal,Brentford,2,0,H,1,0,15,6,7,1,4,8,0,1,0,0,1.35,5.41,8.75,1.44,4.65,8.07,1.46,4.8,8.8,1.48,4.75,8,1.43,4.53,7.43,1.73,2.1,1.94,1.96,1.93,2.02,1.85,1.93,-1.25,2.11,1.83,2526
E0,03/12/2025,19:30,Brighton,Aston Villa,3,4,A,2,2,16,14,7,10,5,6,2,2,0,0,2.18,3.58,3.37,2.31,3.45,3.27,2.34,3.55,3.35,2.32,3.5,3.33,2.25,3.42,3.17,1.88,1.98,1.91,2,1.86,2.03,1.83,1.96,-0.25,2,1.93,2526
E0,03/12/2025,19:30,Burnley,Crystal Palace,0,1,A,0,1,11,3,4,3,3,4,0,0,0,0,4.64,3.81,1.79,5.05,3.77,1.76,5.4,3.85,1.79,5.33,3.8,1.8,4.99,3.62,1.73,2,1.8,2.22,1.72,2.2,1.75,2.14,1.69,0.75,1.92,2.01,2526
E0,03/12/2025,19:30,Wolves,Nott'm Forest,0,1,A,0,0,5,10,1,3,3,9,2,2,0,0,3.27,3.37,2.32,3.17,3.32,2.44,3.25,3.45,2.44,3.2,3.3,2.4,3.1,3.23,2.37,2.1,1.73,2.18,1.75,2.2,1.73,2.12,1.7,0.25,1.85,2.09,2526
E0,03/12/2025,20:15,Leeds,Chelsea,3,1,H,2,0,17,14,5,2,4,2,1,1,0,0,4.27,4.05,1.8,4.11,3.53,1.99,4.3,3.65,2.02,4.2,3.6,2,3.94,3.45,1.95,1.83,2.03,2.09,1.83,2,1.92,1.96,1.81,0.5,1.93,2,2526
E0,03/12/2025,20:15,Liverpool,Sunderland,1,1,D,0,0,23,9,4,6,7,3,1,1,0,0,1.37,5.44,8.12,1.36,5.47,8.52,1.38,5.9,9,1.37,5.5,8.5,1.35,5.25,7.98,1.57,2.38,1.65,2.32,1.62,2.43,1.59,2.31,-1.5,2.08,1.85,2526
E0,04/12/2025,20:00,Man United,West Ham,1,1,D,0,0,17,11,4,3,6,6,2,2,0,0,1.47,4.9,6.52,1.39,5.2,8.25,1.43,5.5,8,1.41,5.25,7.5,1.4,5.03,7.21,1.53,2.5,1.55,2.59,1.53,2.63,1.5,2.52,-1.25,1.87,2.06,2526
E0,06/12/2025,12:30,Aston Villa,Arsenal,2,1,H,1,0,15,15,6,9,3,3,0,2,0,0,4.32,3.53,1.92,4.5,3.54,1.93,4.7,3.6,1.95,4.4,3.5,1.91,4.18,3.47,1.9,2.1,1.73,2.1,1.81,2.1,1.8,2.04,1.76,0.5,2,1.93,2526
E0,06/12/2025,15:00,Bournemouth,Chelsea,0,0,D,0,0,13,11,5,4,5,0,0,2,0,0,3.15,3.83,2.2,3.38,3.85,2.12,3.55,3.9,2.14,3.55,3.9,2.1,3.33,3.75,2.05,1.62,2.3,1.64,2.38,1.66,2.45,1.59,2.32,0.25,2.08,1.86,2526
E0,06/12/2025,15:00,Everton,Nott'm Forest,3,0,H,2,0,11,7,5,3,6,3,4,3,0,0,2.23,3.24,3.63,2.12,3.37,3.84,2.16,3.4,4,2.12,3.4,3.95,2.08,3.28,3.72,2.1,1.73,2.13,1.78,2.18,1.75,2.09,1.72,-0.25,1.83,2.12,2526
E0,06/12/2025,15:00,Man City,Sunderland,3,0,H,2,0,18,8,6,1,6,5,1,0,0,1,1.24,6.68,11.08,1.27,6.45,11,1.29,6.6,12.5,1.29,6.5,11.5,1.25,6.18,10.59,1.5,2.63,1.45,2.77,1.48,2.88,1.44,2.72,-1.75,1.99,1.92,2526
E0,06/12/2025,15:00,Newcastle,Burnley,2,1,H,2,0,17,9,7,3,9,9,2,2,0,1,1.27,6.25,10.24,1.33,5.75,9.25,1.34,6,10.5,1.33,6,11,1.3,5.53,9.5,1.57,2.38,1.58,2.46,1.62,2.45,1.57,2.35,-1.5,1.94,1.98,2526
E0,06/12/2025,15:00,Tottenham,Brentford,2,0,H,2,0,15,4,7,1,7,6,3,4,0,0,2.39,3.42,3.09,2.49,3.43,3,2.56,3.5,3.05,2.5,3.45,3.05,2.42,3.35,2.9,1.83,2.03,2.02,1.88,1.94,1.92,1.9,1.87,0,1.79,2.15,2526
E0,06/12/2025,17:30,Leeds,Liverpool,3,3,D,0,0,12,16,5,7,5,4,3,3,0,0,3.96,3.85,1.91,4.58,4.07,1.76,4.7,4.1,1.81,4.7,4,1.83,4.4,3.88,1.76,1.67,2.2,1.79,2.11,1.8,2.1,1.75,2.05,0.75,1.93,2,2526
E0,07/12/2025,14:00,Brighton,West Ham,1,1,D,0,0,22,14,4,5,10,6,2,2,0,0,1.56,4.52,5.73,1.63,4.35,5.35,1.65,4.5,5.6,1.62,4.33,5.5,1.6,4.24,5.16,1.62,2.3,1.61,2.41,1.62,2.4,1.58,2.34,-1,2.07,1.87,2526
E0,07/12/2025,16:30,Fulham,Crystal Palace,1,2,A,1,1,12,11,4,5,6,4,0,0,0,0,2.59,3.35,2.87,2.53,3.4,2.96,2.6,3.45,3.05,2.55,3.4,2.95,2.49,3.32,2.85,2,1.8,2.01,1.9,2,1.91,1.93,1.85,0,1.82,2.13,2526
E0,08/12/2025,20:00,Wolves,Man United,1,4,A,1,1,8,27,2,10,1,9,3,2,0,0,4.19,4.01,1.83,5.35,4.2,1.65,5.6,4.2,1.7,5.5,4.2,1.67,5.04,4.09,1.64,1.67,2.2,1.75,2.17,1.73,2.25,1.68,2.15,0.75,2.1,1.84,2526
E0,13/12/2025,15:00,Chelsea,Everton,2,0,H,2,0,17,11,5,2,4,7,1,0,0,0,1.67,4.04,5.3,1.75,3.91,4.86,1.78,4,5.2,1.75,3.95,5.1,1.71,3.84,4.77,1.88,1.98,1.91,2,1.86,2,1.82,1.95,-0.75,1.98,1.94,2526
E0,13/12/2025,15:00,Liverpool,Brighton,2,0,H,1,0,18,14,4,1,2,2,1,2,0,0,1.69,4.32,4.68,1.8,4.1,4.28,1.82,4.2,4.6,1.76,4,4.6,1.74,3.98,4.37,1.53,2.5,1.67,2.32,1.66,2.45,1.58,2.32,-0.75,2.04,1.89,2526
E0,13/12/2025,17:30,Burnley,Fulham,2,3,A,1,2,16,6,8,4,10,4,1,2,0,0,3.98,3.59,1.98,4.06,3.51,2.01,4.1,3.65,2.04,4.1,3.5,2.05,3.88,3.41,1.99,2.1,1.73,2.14,1.78,2.1,1.78,2.05,1.74,0.5,1.91,2.02,2526
E0,13/12/2025,20:00,Arsenal,Wolves,2,1,H,0,0,16,3,2,2,8,0,0,4,0,0,1.14,8.77,21.15,1.13,9.55,27,1.15,10,29,1.14,9.5,28,1.12,8.9,22.31,1.53,2.5,1.45,2.72,1.5,2.75,1.47,2.61,-2.25,1.89,2.02,2526
E0,14/12/2025,14:00,Crystal Palace,Man City,0,3,A,0,1,16,7,4,6,2,2,2,0,0,0,4.05,3.99,1.86,4.23,3.82,1.9,4.4,3.85,1.94,4.2,3.8,1.9,4.01,3.73,1.85,1.67,2.2,1.75,2.17,1.75,2.25,1.69,2.13,0.5,2.02,1.9,2526
E0,14/12/2025,14:00,Nott'm Forest,Tottenham,3,0,H,1,0,15,6,6,1,3,3,1,3,0,0,2.6,3.4,2.82,2.75,3.35,2.74,2.82,3.45,2.78,2.7,3.4,2.8,2.62,3.31,2.7,2.03,1.83,1.99,1.92,2,1.91,1.92,1.85,0,1.96,1.96,2526
E0,14/12/2025,14:00,Sunderland,Newcastle,1,0,H,0,0,5,6,1,2,3,6,5,4,0,0,3.43,3.33,2.26,3.61,3.43,2.18,3.65,3.55,2.22,3.55,3.5,2.25,3.41,3.35,2.16,1.91,1.91,1.95,1.95,1.95,1.93,1.89,1.87,0.25,2.05,1.88,2526
E0,14/12/2025,14:00,West Ham,Aston Villa,2,3,A,2,1,10,7,3,4,5,3,1,2,0,0,3.76,3.57,2.05,3.35,3.57,2.23,3.5,3.6,2.26,3.6,3.5,2.2,3.31,3.42,2.18,1.8,2,1.81,2.09,1.83,2.17,1.75,2.04,0.25,1.99,1.93,2526
E0,14/12/2025,16:30,Brentford,Leeds,1,1,D,0,0,7,18,2,4,0,3,0,0,0,0,1.97,3.69,3.89,2.23,3.33,3.59,2.22,3.4,3.8,2.23,3.4,3.75,2.14,3.25,3.56,1.9,1.95,2.2,1.74,2.2,1.91,2.09,1.71,-0.25,1.91,2.02,2526
E0,15/12/2025,20:00,Man United,Bournemouth,4,4,D,2,1,25,14,9,9,5,4,2,3,0,0,1.84,4.21,3.93,1.81,4.15,4.2,1.81,4.3,4.5,1.83,4.33,4.33,1.76,4.18,4.1,1.57,2.38,1.49,2.7,1.5,2.8,1.47,2.64,-0.75,2.04,1.88,2526
E0,20/12/2025,12:30,Newcastle,Chelsea,2,2,D,2,0,11,13,5,4,6,4,3,6,0,0,2.87,3.41,2.55,2.87,3.55,2.52,2.94,3.7,2.52,2.9,3.6,2.5,2.79,3.53,2.41,1.67,2.2,1.7,2.27,1.67,2.38,1.63,2.23,0,2.1,1.84,2526
E0,20/12/2025,15:00,Bournemouth,Burnley,1,1,D,0,0,16,4,1,1,5,3,1,1,0,0,1.48,4.65,6.73,1.48,4.8,6.95,1.51,5,7.2,1.5,4.75,7,1.47,4.62,6.47,1.67,2.2,1.59,2.48,1.62,2.43,1.57,2.35,-1.25,2.07,1.86,2526
E0,20/12/2025,15:00,Brighton,Sunderland,0,0,D,0,0,16,14,4,6,3,4,2,2,0,0,1.63,4.15,5.5,1.88,3.63,4.64,1.89,3.75,4.8,1.95,3.8,4.6,1.83,3.65,4.27,1.85,2,1.91,2,1.88,2,1.83,1.94,-0.5,1.88,2.05,2526
E0,20/12/2025,15:00,Man City,West Ham,3,0,H,2,0,17,7,8,3,6,0,1,1,0,0,1.2,7.87,12.43,1.19,8.25,14,1.22,8.6,15,1.22,8,14,1.2,7.44,12.02,1.36,3.2,1.34,3.31,1.35,3.4,1.34,3.17,-2,1.97,1.93,2526
E0,20/12/2025,15:00,Wolves,Brentford,0,2,A,0,0,9,7,2,6,3,4,2,4,0,0,3.66,3.56,2.08,3.47,3.48,2.21,3.65,3.5,2.26,3.55,3.4,2.2,3.42,3.37,2.15,2,1.85,2.05,1.86,2,1.86,1.96,1.81,0.25,2.01,1.91,2526
E0,20/12/2025,17:30,Tottenham,Liverpool,1,2,A,0,0,15,8,4,4,2,6,3,3,2,0,3.42,3.8,2.09,3.71,3.68,2.05,3.85,3.8,2.08,3.7,3.7,2.1,3.54,3.59,2.02,1.67,2.2,1.83,2.05,1.8,2.07,1.76,2.02,0.5,1.87,2.06,2526
E0,20/12/2025,20:00,Everton,Arsenal,0,1,A,0,1,5,13,1,2,2,3,2,2,0,0,6.18,4.09,1.58,6.65,4.2,1.56,6.8,4.4,1.58,7,4.2,1.57,6.26,4.02,1.54,2.1,1.73,2.03,1.88,2.06,1.9,1.94,1.82,1,1.95,1.97,2526
E0,20/12/2025,20:00,Leeds,Crystal Palace,4,1,H,2,0,20,9,8,3,9,5,1,3,0,0,2.66,3.32,2.81,2.93,3.11,2.74,2.98,3.2,2.8,2.88,3.13,2.75,2.83,3.06,2.66,2.1,1.73,2.53,1.57,2.5,1.6,2.35,1.57,0,2.03,1.89,2526
E0,21/12/2025,16:30,Aston Villa,Man United,2,1,H,1,1,12,15,4,6,5,5,1,2,0,0,2.08,3.73,3.49,2.04,3.75,3.76,2.06,3.8,3.85,2.15,3.8,3.7,2.01,3.67,3.53,1.67,2.2,1.64,2.33,1.68,2.43,1.61,2.26,-0.5,2.04,1.88,2526
E0,22/12/2025,20:00,Fulham,Nott'm Forest,1,0,H,1,0,11,12,1,2,1,5,5,4,0,0,2.51,3.29,3.01,2.66,3.35,2.83,2.72,3.45,2.88,2.63,3.4,2.85,2.55,3.33,2.75,2.05,1.8,1.94,1.96,1.91,1.96,1.88,1.88,0,1.9,2.03,2526
E0,26/12/2025,20:00,Man United,Newcastle,1,0,H,1,0,10,16,4,3,2,11,2,1,0,0,2.57,3.71,2.67,2.49,3.77,2.71,2.62,3.85,2.78,2.5,3.75,2.75,2.47,3.64,2.66,1.67,2.2,1.62,2.37,1.62,2.45,1.58,2.32,0,1.88,2.05,2526
E0,27/12/2025,12:30,Nott'm Forest,Man City,1,2,A,0,0,7,16,2,5,5,5,1,2,0,0,5.26,4.53,1.6,5.55,4.15,1.64,5.8,4.3,1.67,5.6,4.2,1.65,5.17,4.16,1.61,1.67,2.2,1.61,2.43,1.66,2.38,1.6,2.28,1,1.81,2.12,2526
E0,27/12/2025,15:00,Arsenal,Brighton,2,1,H,1,0,24,8,6,3,7,2,2,3,0,0,1.39,5.09,8.08,1.33,5.65,9.7,1.35,5.9,10.5,1.36,5.75,10,1.32,5.45,8.87,1.67,2.2,1.58,2.46,1.55,2.6,1.53,2.45,-1.5,1.95,1.97,2526
E0,27/12/2025,15:00,Brentford,Bournemouth,4,1,H,2,0,15,20,7,10,2,15,2,2,0,0,2.31,3.67,3.05,2.32,3.59,3.15,2.36,3.65,3.25,2.33,3.6,3.2,2.28,3.47,3.04,1.67,2.2,1.87,2.05,1.93,2.12,1.8,1.98,-0.25,2.01,1.91,2526
E0,27/12/2025,15:00,Burnley,Everton,0,0,D,0,0,16,15,0,6,6,5,0,2,0,0,4.12,3.35,2.03,3.74,3.25,2.21,3.85,3.25,2.3,3.8,3.2,2.2,3.66,3.1,2.18,2.2,1.67,2.5,1.57,2.63,1.58,2.41,1.55,0.25,2.04,1.88,2526
E0,27/12/2025,15:00,Liverpool,Wolves,2,1,H,2,0,14,9,4,4,6,4,0,1,0,0,1.23,7.02,11.7,1.25,6.61,11.61,1.26,7.4,13.5,1.26,7,13,1.24,6.43,11.22,1.5,2.63,1.47,2.73,1.48,2.8,1.45,2.7,-1.75,1.93,1.97,2526
E0,27/12/2025,15:00,West Ham,Fulham,0,1,A,0,0,11,15,2,4,5,4,1,3,0,0,2.69,3.49,2.67,3.06,3.38,2.47,3.1,3.5,2.5,3.1,3.4,2.45,2.98,3.33,2.39,1.8,2,2,1.9,1.95,2,1.86,1.9,0.25,1.82,2.13,2526
E0,27/12/2025,17:30,Chelsea,Aston Villa,1,2,A,1,0,14,11,3,8,6,7,5,3,0,0,1.85,3.95,4.1,1.79,4.14,4.31,1.83,4.3,4.5,1.81,4,4.33,1.77,3.94,4.23,1.67,2.2,1.7,2.25,1.71,2.25,1.67,2.16,-0.75,2.03,1.9,2526
E0,28/12/2025,14:00,Sunderland,Leeds,1,1,D,1,0,8,17,3,6,3,9,1,0,0,0,2.63,3.31,2.86,3.01,3.15,2.65,3,3.2,2.76,2.9,3.2,2.75,2.84,3.1,2.63,2.2,1.67,2.43,1.6,2.38,1.62,2.31,1.58,0,2.1,1.84,2526
E0,28/12/2025,16:30,Crystal Palace,Tottenham,0,1,A,0,1,15,8,2,4,3,2,3,2,0,0,2.29,3.34,3.36,2.29,3.45,3.33,2.34,3.55,3.35,2.25,3.45,3.3,2.23,3.38,3.22,2,1.8,1.97,1.93,1.93,2,1.86,1.91,-0.25,1.97,1.95,2526
E0,30/12/2025,19:30,Burnley,Newcastle,1,3,A,1,2,15,20,4,9,3,4,2,1,0,0,5.67,4.28,1.61,6,4.4,1.57,6.2,4.5,1.61,6,4.33,1.6,5.71,4.12,1.56,1.8,2,1.79,2.11,1.83,2.06,1.77,2.01,1,1.91,2.01,2526
E0,30/12/2025,19:30,Chelsea,Bournemouth,2,2,D,2,2,17,17,3,6,12,3,1,1,0,0,1.53,4.74,5.95,1.59,4.5,5.6,1.65,4.5,5.6,1.62,4.6,5.8,1.56,4.45,5.25,1.5,2.63,1.47,2.8,1.5,3,1.45,2.7,-1,1.98,1.94,2526
E0,30/12/2025,19:30,Nott'm Forest,Everton,0,2,A,0,1,21,11,6,3,9,2,1,0,0,0,2.13,3.31,3.88,1.92,3.49,4.54,1.97,3.6,4.6,1.95,3.5,4.4,1.9,3.37,4.29,2.3,1.62,2.3,1.68,2.3,1.67,2.21,1.65,-0.5,1.93,2,2526
E0,30/12/2025,19:30,West Ham,Brighton,2,2,D,2,1,10,16,4,6,5,5,3,5,0,0,3.6,3.82,2.05,3.53,3.65,2.12,3.55,3.75,2.18,3.4,3.75,2.15,3.32,3.59,2.1,1.67,2.2,1.75,2.19,1.75,2.3,1.69,2.13,0.25,2.09,1.85,2526
E0,30/12/2025,20:15,Arsenal,Aston Villa,4,1,H,0,0,22,11,7,3,3,3,2,3,0,0,1.43,4.97,7.51,1.37,5.5,8.25,1.41,5.6,8.6,1.4,5.25,9,1.37,5.03,7.76,1.67,2.2,1.73,2.2,1.71,2.25,1.66,2.17,-1.25,1.83,2.09,2526
E0,30/12/2025,20:15,Man United,Wolves,1,1,D,1,1,15,11,6,4,8,4,0,2,0,0,1.37,5.38,8.33,1.38,5.4,8.25,1.42,5.4,8.6,1.4,5.25,8.5,1.37,5.04,7.63,1.62,2.3,1.54,2.61,1.57,2.55,1.53,2.45,-1.25,1.87,2.06,2526
E0,01/01/2026,17:30,Crystal Palace,Fulham,1,1,D,1,0,11,17,2,5,6,3,0,5,0,0,2.2,3.34,3.59,2.29,3.31,3.47,2.38,3.35,3.5,2.28,3.4,3.5,2.22,3.27,3.34,2.1,1.73,2.15,1.77,2.1,1.82,2.06,1.73,-0.25,1.96,1.96,2526
E0,01/01/2026,17:30,Liverpool,Leeds,0,0,D,0,0,19,4,4,2,8,3,0,2,0,0,1.55,4.45,5.94,1.48,4.65,7.25,1.51,4.7,7.8,1.5,4.6,7,1.47,4.45,6.68,1.62,2.3,1.77,2.15,1.75,2.25,1.69,2.13,-1,1.82,2.13,2526
E0,01/01/2026,20:00,Brentford,Tottenham,0,0,D,0,0,7,9,2,3,3,1,1,2,0,0,2.18,3.49,3.48,2.52,3.45,2.94,2.54,3.5,3.05,2.5,3.55,3,2.4,3.4,2.91,1.93,1.93,2.04,1.88,2,1.94,1.91,1.86,0,1.82,2.13,2526
E0,01/01/2026,20:00,Sunderland,Man City,0,0,D,0,0,10,14,4,4,3,5,1,1,0,0,7.71,5.15,1.4,7.75,4.9,1.44,8.2,5.1,1.46,8,5,1.46,7.23,4.7,1.42,1.62,2.3,1.69,2.27,1.68,2.3,1.63,2.24,1.25,1.89,2.04,2526
E0,03/01/2026,12:30,Aston Villa,Nott'm Forest,3,1,H,1,0,11,10,4,5,4,4,1,2,0,0,1.76,3.86,4.83,1.96,3.49,4.29,1.98,3.55,4.6,1.95,3.6,4.4,1.9,3.51,4.1,1.8,2,1.93,1.98,1.91,2,1.83,1.93,-0.5,1.97,1.95,2526
E0,03/01/2026,15:00,Brighton,Burnley,2,0,H,1,0,15,5,4,3,4,4,0,4,0,0,1.5,4.54,6.59,1.47,4.6,7.55,1.49,4.8,8.2,1.48,4.6,7.5,1.45,4.51,7,1.73,2.1,1.74,2.19,1.73,2.28,1.67,2.16,-1.25,2.08,1.85,2526
E0,03/01/2026,15:00,Wolves,West Ham,3,0,H,3,0,11,6,8,0,6,7,1,0,0,0,2.53,3.44,2.88,2.73,3.4,2.72,2.76,3.55,2.76,2.7,3.5,2.75,2.63,3.36,2.66,1.98,1.88,1.89,2.01,1.96,2.1,1.86,1.91,0,1.96,1.96,2526
E0,03/01/2026,17:30,Bournemouth,Arsenal,2,3,A,1,1,15,12,3,5,7,5,3,1,0,0,6.16,5.04,1.48,6.3,4.55,1.53,6.6,4.8,1.55,6.5,4.6,1.54,5.95,4.43,1.51,1.62,2.3,1.65,2.31,1.66,2.4,1.61,2.27,1,2.01,1.92,2526
E0,04/01/2026,12:30,Leeds,Man United,1,1,D,0,0,11,15,3,2,6,4,0,1,0,0,2.71,3.57,2.61,2.77,3.4,2.68,2.86,3.5,2.72,2.8,3.4,2.65,2.73,3.3,2.59,1.83,2.03,2.04,1.87,2,1.87,1.95,1.82,0,1.99,1.93,2526
E0,04/01/2026,15:00,Everton,Brentford,2,4,A,0,1,14,11,6,7,4,5,0,2,0,0,2.45,3.16,3.24,2.53,3.24,3.09,2.54,3.3,3.25,2.55,3.3,3.15,2.46,3.16,3.01,2.2,1.67,2.21,1.73,2.2,1.73,2.15,1.68,-0.25,2.16,1.79,2526
E0,04/01/2026,15:00,Newcastle,Crystal Palace,2,0,H,0,0,12,11,7,1,8,6,1,3,0,0,1.71,4.04,4.86,1.69,4,5.19,1.73,4.1,5.3,1.73,4.1,5.1,1.68,3.93,4.9,1.8,2,1.78,2.13,1.75,2.2,1.71,2.09,-0.75,1.9,2.03,2526
E0,04/01/2026,15:00,Tottenham,Sunderland,1,1,D,1,0,13,10,5,3,3,5,2,3,0,0,1.83,3.85,4.39,2.01,3.46,4.22,2.04,3.5,4.3,2.02,3.5,4.2,1.97,3.39,3.95,2,1.8,2.16,1.76,2.25,1.75,2.09,1.72,-0.5,2.01,1.92,2526
E0,04/01/2026,15:15,Fulham,Liverpool,2,2,D,1,0,8,10,2,2,3,8,1,1,0,0,3.75,3.84,1.97,4.39,3.67,1.91,4.5,3.75,1.94,4.25,3.75,1.91,4.07,3.61,1.88,1.8,2,1.99,1.92,1.95,2,1.87,1.89,0.5,2.01,1.91,2526
E0,04/01/2026,17:30,Man City,Chelsea,1,1,D,1,0,14,8,3,3,8,2,3,3,0,0,1.65,4.66,4.64,1.48,5.05,6.35,1.5,5.2,6.8,1.5,5,6.5,1.47,4.9,5.88,1.5,2.63,1.38,3.15,1.4,3.2,1.37,3.02,-1.25,2.02,1.91,2526
E0,06/01/2026,20:00,West Ham,Nott'm Forest,1,2,A,1,0,14,13,3,5,6,5,3,0,0,0,3.29,3.37,2.34,3.05,3.5,2.41,3.1,3.6,2.48,3,3.5,2.45,2.92,3.39,2.39,1.98,1.88,1.88,2.02,1.91,2,1.83,1.93,0.25,1.85,2.09,2526
E0,07/01/2026,19:30,Bournemouth,Tottenham,3,2,H,2,1,11,16,3,4,3,7,3,3,0,0,2.14,3.72,3.36,2.25,3.64,3.23,2.26,3.7,3.4,2.25,3.6,3.33,2.17,3.51,3.21,1.73,2.1,1.77,2.13,1.79,2.1,1.72,2.07,-0.25,1.96,1.96,2526
E0,07/01/2026,19:30,Brentford,Sunderland,3,0,H,1,0,18,11,6,3,7,4,2,1,0,0,1.85,3.63,4.56,2.08,3.17,4.3,2,3.4,4.6,2.05,3.4,4.6,2.01,3.22,4.07,2.05,1.8,2.45,1.59,2.4,1.66,2.31,1.59,-0.5,2.09,1.85,2526
E0,07/01/2026,19:30,Crystal Palace,Aston Villa,0,0,D,0,0,11,15,5,3,3,5,2,0,0,0,3.14,3.4,2.38,3.08,3.4,2.45,3.25,3.45,2.46,3.05,3.4,2.45,2.99,3.33,2.38,1.93,1.93,1.88,2.03,1.91,2,1.84,1.93,0.25,1.83,2.11,2526
E0,07/01/2026,19:30,Everton,Wolves,1,1,D,1,0,13,13,2,4,2,7,1,3,2,0,1.79,3.57,5.06,1.89,3.52,4.6,1.91,3.65,4.8,1.91,3.55,5,1.84,3.46,4.51,2.1,1.73,2.06,1.85,2.1,1.86,2.01,1.77,-0.5,1.9,2.02,2526
E0,07/01/2026,19:30,Fulham,Chelsea,2,1,H,0,0,16,14,5,6,2,11,3,3,0,1,3.45,3.76,2.09,3.7,3.58,2.09,3.95,3.7,2.06,3.7,3.8,2.05,3.61,3.56,2.01,1.8,2,1.93,1.98,1.93,2.07,1.84,1.93,0.5,1.84,2.1,2526
E0,07/01/2026,19:30,Man City,Brighton,1,1,D,1,0,22,6,6,3,6,2,1,6,0,0,1.4,5.43,7.17,1.53,4.63,6.1,1.55,4.9,6.4,1.55,5,6.4,1.5,4.62,5.79,1.44,2.75,1.47,2.77,1.45,2.95,1.43,2.75,-1,1.87,2.06,2526
E0,07/01/2026,20:15,Burnley,Man United,2,2,D,1,0,7,30,1,10,2,6,2,0,0,0,4.92,4.15,1.69,4.98,3.87,1.74,5.3,4,1.75,5.2,3.9,1.75,4.8,3.76,1.72,1.73,2.1,1.87,2.04,1.85,2.05,1.81,1.96,0.75,1.95,1.97,2526
E0,07/01/2026,20:15,Newcastle,Leeds,4,3,H,1,2,18,14,8,6,8,4,3,2,0,0,1.7,3.89,5.19,1.65,4.04,5.57,1.67,4.1,6,1.64,4,6,1.61,3.94,5.56,1.83,2.03,1.85,2.07,1.83,2.06,1.78,1.99,-0.75,1.84,2.1,2526
E0,08/01/2026,20:00,Arsenal,Liverpool,0,0,D,0,0,9,8,4,0,3,0,2,2,0,0,1.6,4.35,5.49,1.59,4.4,5.75,1.62,4.5,6,1.6,4.3,6.4,1.57,4.16,5.65,1.73,2.1,1.82,2.07,1.83,2.08,1.77,2.01,-1,2.05,1.88,2526
E0,17/01/2026,12:30,Man United,Man City,2,0,H,0,0,11,7,7,1,1,6,2,3,0,0,,,,,,,3.1,3.75,2.38,3.25,3.8,2.33,3.01,3.63,2.23,1.53,2.5,,,1.53,2.75,1.5,2.54,0.25,,,2526
E0,17/01/2026,15:00,Chelsea,Brentford,2,0,H,1,0,6,15,2,5,3,9,3,2,0,0,,,,,,,1.92,3.9,4.4,1.9,3.9,4.2,1.86,3.78,3.93,1.62,2.3,,,1.64,2.4,1.61,2.27,-0.5,,,2526
E0,17/01/2026,15:00,Leeds,Fulham,1,0,H,0,0,14,8,5,1,7,3,1,5,0,0,,,,,,,2.44,3.4,3.3,2.38,3.5,3.25,2.31,3.34,3.1,2.1,1.73,,,1.96,1.93,1.91,1.86,-0.25,,,2526
E0,17/01/2026,15:00,Liverpool,Burnley,1,1,D,1,0,32,7,11,1,9,1,1,2,0,0,,,,,,,1.25,7.4,14.5,1.26,6.75,14,1.23,6.38,11.91,1.57,2.38,,,1.56,2.5,1.53,2.44,-1.75,,,2526
E0,17/01/2026,15:00,Sunderland,Crystal Palace,2,1,H,1,1,13,6,7,2,3,4,3,3,0,0,,,,,,,2.52,3.2,3.3,2.4,3.2,3.3,2.38,3.13,3.15,2.2,1.67,,,2.33,1.67,2.23,1.63,-0.25,,,2526
E0,17/01/2026,15:00,Tottenham,West Ham,1,2,A,0,1,21,17,6,4,11,5,5,3,0,0,,,,,,,1.9,3.8,4.6,1.95,3.8,4.4,1.84,3.72,4.13,1.73,2.1,,,1.76,2.15,1.71,2.09,-0.5,,,2526
E0,17/01/2026,17:30,Nott'm Forest,Arsenal,0,0,D,0,0,6,15,0,3,4,9,1,1,0,0,,,,,,,6.8,4,1.63,6.2,4,1.62,5.79,3.87,1.6,1.91,1.91,,,2.05,1.83,1.99,1.78,1,,,2526
E0,18/01/2026,14:00,Wolves,Newcastle,0,0,D,0,0,6,12,2,2,4,7,2,2,0,0,,,,,,,5,4.2,1.76,4.7,4.1,1.75,4.5,3.98,1.72,1.67,2.2,,,1.66,2.4,1.6,2.27,0.75,,,2526
E0,18/01/2026,16:30,Aston Villa,Everton,0,1,A,0,0,18,9,5,3,6,4,1,2,0,0,,,,,,,1.63,4.1,6.6,1.64,4,6.5,1.6,3.94,5.77,1.93,1.93,,,1.85,2,1.81,1.95,-0.75,,,2526
E0,19/01/2026,20:00,Brighton,Bournemouth,1,1,D,0,1,17,11,5,2,11,6,2,3,0,0,,,,,,,2,3.9,4,2.02,3.9,3.75,1.96,3.79,3.55,1.5,2.63,,,1.55,2.7,1.51,2.51,-0.5,,,2526
E0,24/01/2026,12:30,West Ham,Sunderland,3,1,H,3,0,13,7,5,2,3,3,2,4,0,0,,,,,,,2.34,3.45,3.5,2.25,3.4,3.4,2.21,3.32,3.28,2.1,1.73,,,2.1,1.83,2.02,1.76,-0.25,,,2526
E0,24/01/2026,15:00,Burnley,Tottenham,2,2,D,1,1,9,18,4,11,1,3,1,0,0,0,,,,,,,4.1,3.5,2.1,4,3.4,2.06,3.85,3.33,2.01,2,1.8,,,2.14,1.74,2.1,1.71,0.5,,,2526
E0,24/01/2026,15:00,Fulham,Brighton,2,1,H,0,1,12,13,4,5,6,6,1,1,0,0,,,,,,,2.68,3.45,2.92,2.63,3.4,2.83,2.57,3.28,2.76,1.73,2.1,,,1.93,2,1.84,1.93,0,,,2526
E0,24/01/2026,15:00,Man City,Wolves,2,0,H,2,0,11,11,4,1,4,6,1,3,0,0,,,,,,,1.32,6.2,11,1.32,6.1,10.5,1.3,5.63,9.5,1.4,3,,,1.56,2.5,1.54,2.43,-1.5,,,2526
E0,24/01/2026,17:30,Bournemouth,Liverpool,3,2,H,2,1,12,14,5,4,3,11,1,1,0,0,,,,,,,4.7,4.1,1.82,4.5,4.1,1.87,4.21,3.98,1.77,1.62,2.3,,,1.57,2.55,1.53,2.44,0.75,,,2526
E0,25/01/2026,14:00,Brentford,Nott'm Forest,0,2,A,0,1,10,7,1,2,6,5,1,0,0,0,,,,,,,1.91,3.65,4.8,1.9,3.6,4.75,1.84,3.5,4.38,1.98,1.88,,,2,1.91,1.93,1.85,-0.5,,,2526
E0,25/01/2026,14:00,Crystal Palace,Chelsea,1,3,A,0,1,13,10,7,6,4,5,2,2,1,0,,,,,,,3.65,3.65,2.16,3.6,3.6,2.2,3.39,3.48,2.11,1.73,2.1,,,1.83,2.05,1.78,2,0.5,,,2526
E0,25/01/2026,14:00,Newcastle,Aston Villa,0,2,A,0,1,15,14,4,8,6,5,1,2,0,0,,,,,,,2.2,3.85,3.45,2.22,3.6,3.35,2.15,3.53,3.26,1.67,2.2,,,1.68,2.3,1.64,2.22,-0.25,,,2526
E0,25/01/2026,16:30,Arsenal,Man United,2,3,A,1,1,15,10,4,3,9,2,2,0,0,0,,,,,,,1.57,4.7,6.2,1.57,4.5,5.8,1.54,4.32,5.69,1.73,2.1,,,1.71,2.25,1.66,2.18,-1,,,2526
E0,26/01/2026,20:00,Everton,Leeds,1,1,D,0,1,10,14,3,4,4,4,0,3,0,0,,,,,,,2.64,3.2,3.2,2.6,3.2,3.15,2.49,3.07,3.03,2.2,1.67,,,2.3,1.67,2.24,1.63,-0.25,,,2526
E0,31/01/2026,15:00,Brighton,Everton,1,1,D,0,0,11,7,2,4,5,2,1,2,0,0,,,,,,,1.97,3.7,4.4,1.95,3.6,4.2,1.91,3.47,4.08,1.9,1.95,,,2.05,1.92,1.98,1.8,-0.5,,,2526
E0,31/01/2026,15:00,Leeds,Arsenal,0,4,A,0,2,3,14,1,8,4,12,1,1,0,0,,,,,,,6.8,4.3,1.59,6.5,4.2,1.62,5.87,3.99,1.57,1.98,1.88,,,1.92,1.94,1.87,1.89,1,,,2526
E0,31/01/2026,15:00,Wolves,Bournemouth,0,2,A,0,1,17,9,7,4,5,6,3,3,0,0,,,,,,,3.1,3.55,2.48,3,3.5,2.45,2.94,3.41,2.37,1.73,2.1,,,1.86,2.05,1.79,1.98,0.25,,,2526
E0,31/01/2026,17:30,Chelsea,West Ham,3,2,H,0,2,14,11,6,6,9,3,3,2,0,1,,,,,,,1.65,4.6,5.5,1.62,4.5,5.5,1.59,4.34,5.11,1.53,2.5,,,1.55,2.63,1.51,2.49,-1,,,2526
E0,31/01/2026,20:00,Liverpool,Newcastle,4,1,H,2,1,17,8,7,2,7,11,1,3,0,0,,,,,,,1.67,4.4,5.4,1.7,4.4,5,1.64,4.22,4.78,1.62,2.3,,,1.48,2.8,1.45,2.68,-1,,,2526
E0,01/02/2026,14:00,Aston Villa,Brentford,0,1,A,0,1,27,6,5,2,12,1,0,3,0,0,,,,,,,2.38,3.45,3.4,2.38,3.4,3.3,2.3,3.32,3.13,1.8,2,,,1.91,2,1.85,1.92,-0.25,,,2526
E0,01/02/2026,14:00,Man United,Fulham,3,2,H,1,0,13,14,6,6,3,7,2,1,0,0,,,,,,,1.57,4.9,6.2,1.55,4.8,5.75,1.52,4.63,5.47,1.67,2.2,,,1.5,2.75,1.47,2.62,-1,,,2526
E0,01/02/2026,14:00,Nott'm Forest,Crystal Palace,1,1,D,1,1,9,14,1,3,5,7,1,3,0,0,,,,,,,2.16,3.4,4,2.15,3.3,4,2.09,3.22,3.73,2,1.8,,,2.22,1.76,2.16,1.68,-0.25,,,2526
E0,01/02/2026,16:30,Tottenham,Man City,2,2,D,0,2,12,15,6,3,3,4,3,3,0,0,,,,,,,5.4,4.2,1.72,5.5,4.2,1.7,4.98,4.01,1.65,1.62,2.3,,,1.65,2.43,1.61,2.27,0.75,,,2526
E0,02/02/2026,20:00,Sunderland,Burnley,3,0,H,2,0,14,5,5,0,1,2,1,4,0,0,,,,,,,2,3.45,4.6,1.95,3.3,4.75,1.91,3.23,4.46,2.2,1.67,,,2.5,1.57,2.42,1.54,-0.5,,,2526
E0,06/02/2026,20:00,Leeds,Nott'm Forest,3,1,H,2,0,14,16,5,6,5,10,1,1,0,0,,,,,,,2.24,3.55,3.6,2.22,3.6,3.5,2.14,3.37,3.4,2.1,1.73,,,2,1.91,1.91,1.86,-0.25,,,2526
E0,07/02/2026,12:30,Man United,Tottenham,2,0,H,1,0,23,7,10,1,7,0,1,2,0,1,,,,,,,1.63,4.6,5.7,1.62,4.6,5.3,1.59,4.38,4.95,1.44,2.75,,,1.5,2.75,1.47,2.64,-1,,,2526
E0,07/02/2026,15:00,Arsenal,Sunderland,3,0,H,1,0,16,5,5,3,5,2,1,2,0,0,,,,,,,1.29,6.4,14,1.29,6.25,14,1.26,5.65,12.04,1.73,2.1,,,1.86,2.06,1.79,1.98,-1.5,,,2526
E0,07/02/2026,15:00,Bournemouth,Aston Villa,1,1,D,0,1,20,7,9,4,11,4,1,1,0,0,,,,,,,2.98,3.75,2.46,2.9,3.75,2.4,2.84,3.58,2.35,1.67,2.2,,,1.67,2.3,1.63,2.23,0.25,,,2526
E0,07/02/2026,15:00,Burnley,West Ham,0,2,A,0,2,18,6,5,4,5,2,3,1,0,0,,,,,,,3.35,3.7,2.28,3.25,3.7,2.25,3.11,3.58,2.19,1.9,1.95,,,1.77,2.2,1.7,2.12,0.25,,,2526
E0,07/02/2026,15:00,Fulham,Everton,1,2,A,1,0,13,16,3,3,6,6,1,5,0,0,,,,,,,2.24,3.45,3.7,2.17,3.6,3.55,2.13,3.41,3.4,2.2,1.67,,,1.97,1.94,1.89,1.87,-0.25,,,2526
E0,07/02/2026,15:00,Wolves,Chelsea,1,3,A,0,3,11,15,3,6,3,4,1,1,0,0,,,,,,,6,4.4,1.64,5.75,4.33,1.62,5.31,4.19,1.58,1.73,2.1,,,1.66,2.3,1.62,2.25,1,,,2526
E0,07/02/2026,17:30,Newcastle,Brentford,2,3,A,1,2,16,11,4,5,9,3,2,2,0,0,,,,,,,2,3.85,4,1.95,4,3.9,1.92,3.7,3.77,1.73,2.1,,,1.68,2.38,1.64,2.22,-0.5,,,2526
E0,08/02/2026,14:00,Brighton,Crystal Palace,0,1,A,0,0,7,7,2,4,3,4,1,3,0,0,,,,,,,2.3,3.4,3.6,2.22,3.4,3.55,2.19,3.27,3.39,1.8,2,,,1.97,1.91,1.91,1.85,-0.25,,,2526
E0,08/02/2026,16:30,Liverpool,Man City,1,2,A,0,0,15,17,4,7,5,4,2,4,1,0,,,,,,,2.24,4,3.2,2.25,4,3.1,2.15,3.84,3.01,1.57,2.38,,,1.48,2.75,1.45,2.66,-0.25,,,2526
E0,10/02/2026,19:30,Chelsea,Leeds,2,2,D,1,0,19,4,4,2,4,1,4,4,0,0,,,,,,,1.56,4.7,6.8,1.53,4.6,6.5,1.51,4.4,6.03,1.62,2.3,,,1.67,2.38,1.61,2.25,-1,,,2526
E0,10/02/2026,19:30,Everton,Bournemouth,1,2,A,1,0,16,11,6,4,7,2,1,3,1,0,,,,,,,2.42,3.6,3.2,2.38,3.5,3.1,2.32,3.41,3,1.88,1.98,,,1.73,2.2,1.7,2.09,-0.25,,,2526
E0,10/02/2026,19:30,Tottenham,Newcastle,1,2,A,0,1,16,21,2,5,2,12,3,2,0,0,,,,,,,3.15,3.8,2.36,3.15,3.75,2.3,3,3.6,2.25,1.73,2.1,,,1.58,2.45,1.56,2.38,0.25,,,2526
E0,10/02/2026,20:15,West Ham,Man United,1,1,D,0,0,7,9,3,3,5,3,1,1,0,0,,,,,,,4.7,4.5,1.74,4.8,4.33,1.73,4.47,4.15,1.69,1.5,2.63,,,1.5,2.7,1.48,2.59,0.75,,,2526
E0,11/02/2026,19:30,Aston Villa,Brighton,1,0,H,0,0,15,9,1,3,7,5,2,3,0,0,,,,,,,2.12,3.9,3.55,2.1,3.8,3.6,2.06,3.69,3.34,1.8,2,,,1.65,2.32,1.61,2.27,-0.25,,,2526
E0,11/02/2026,19:30,Crystal Palace,Burnley,2,3,A,2,3,21,8,3,3,8,2,2,1,0,0,,,,,,,1.53,4.6,7.4,1.48,4.5,7.5,1.46,4.45,6.9,1.98,1.88,,,1.78,2.1,1.73,2.07,-1.25,,,2526
E0,11/02/2026,19:30,Man City,Fulham,3,0,H,3,0,13,14,5,3,4,4,3,1,0,0,,,,,,,1.41,5.7,8.4,1.4,5.5,8,1.37,5.23,7.38,1.53,2.5,,,1.45,2.85,1.43,2.73,-1.5,,,2526
E0,11/02/2026,19:30,Nott'm Forest,Wolves,0,0,D,0,0,35,7,10,3,8,2,0,2,0,0,,,,,,,1.82,3.95,4.9,1.75,4,5.1,1.73,3.79,4.66,2,1.85,,,1.82,2.1,1.76,2.02,-0.75,,,2526
E0,11/02/2026,20:15,Sunderland,Liverpool,0,1,A,0,0,11,23,2,3,3,11,1,0,0,0,,,,,,,4.8,4.1,1.81,4.7,4,1.8,4.45,3.83,1.75,1.8,2,,,1.8,2.17,1.73,2.07,0.75,,,2526
E0,12/02/2026,20:00,Brentford,Arsenal,1,1,D,0,0,12,7,3,2,6,4,3,2,0,0,,,,,,,5.6,4.1,1.72,5.6,4,1.71,5.08,3.77,1.68,1.88,1.98,,,1.91,1.96,1.85,1.91,0.75,,,2526
E0,18/02/2026,20:00,Wolves,Arsenal,2,2,D,0,1,5,10,2,4,1,3,2,1,0,0,,,,,,,14,6.8,1.27,14,6.5,1.27,12.35,5.93,1.24,1.73,2.1,,,1.73,2.28,1.69,2.13,1.75,,,2526
E0,21/02/2026,15:00,Aston Villa,Leeds,1,1,D,0,1,16,14,4,4,7,2,1,4,0,0,,,,,,,1.9,3.85,4.6,1.87,3.75,4.5,1.82,3.68,4.18,1.83,2.03,,,1.8,2.1,1.77,2.02,-0.5,,,2526
E0,21/02/2026,15:00,Brentford,Brighton,0,2,A,0,2,13,11,3,7,6,4,1,2,0,0,,,,,,,2.38,3.5,3.35,2.3,3.6,3.2,2.25,3.39,3.13,1.8,2,,,1.8,2.1,1.75,2.04,-0.25,,,2526
E0,21/02/2026,15:00,Chelsea,Burnley,1,1,D,1,0,12,12,2,4,9,5,2,2,1,0,,,,,,,1.25,7.6,14,1.26,6.75,13,1.23,6.31,11.6,1.44,2.75,,,1.5,2.8,1.45,2.69,-1.75,,,2526
E0,21/02/2026,17:30,West Ham,Bournemouth,0,0,D,0,0,20,10,3,5,9,5,1,1,0,0,,,,,,,2.86,3.85,2.54,2.75,3.75,2.6,2.66,3.62,2.46,1.57,2.38,,,1.6,2.55,1.55,2.38,0,,,2526
E0,21/02/2026,20:00,Man City,Newcastle,2,1,H,2,1,15,13,7,7,5,5,2,5,0,0,,,,,,,1.57,4.9,6,1.57,4.8,5.8,1.54,4.63,5.31,1.44,2.75,,,1.46,2.9,1.43,2.73,-1,,,2526
E0,22/02/2026,14:00,Crystal Palace,Wolves,1,0,H,0,0,14,12,3,7,7,3,5,1,0,1,,,,,,,1.85,3.9,4.7,1.83,3.8,4.8,1.77,3.71,4.44,1.91,1.91,,,1.91,1.96,1.87,1.9,-0.5,,,2526
E0,22/02/2026,14:00,Nott'm Forest,Liverpool,0,1,A,0,0,18,10,2,4,7,2,2,0,0,0,,,,,,,4,3.9,2,4.1,3.9,1.91,3.83,3.78,1.87,1.73,2.1,,,1.68,2.28,1.64,2.2,0.5,,,2526
E0,22/02/2026,14:00,Sunderland,Fulham,1,3,A,0,0,12,12,2,4,6,4,1,1,0,0,,,,,,,3.1,3.3,2.64,2.9,3.3,2.62,2.85,3.18,2.55,2.2,1.67,,,2.05,1.83,2.01,1.78,0,,,2526
E0,22/02/2026,16:30,Tottenham,Arsenal,1,4,A,1,1,6,20,5,7,2,5,2,1,0,0,,,,,,,8,5.3,1.44,7.8,4.5,1.5,7.2,4.35,1.45,1.8,2,,,1.9,2.07,1.82,1.96,1.25,,,2526
E0,23/02/2026,20:00,Everton,Man United,0,1,A,0,0,12,11,4,3,10,1,2,3,0,0,,,,,,,3.7,3.85,2.1,3.75,3.75,2.05,3.52,3.62,1.99,1.73,2.1,,,1.78,2.1,1.74,2.05,0.5,,,2526
E0,27/02/2026,20:00,Wolves,Aston Villa,2,0,H,0,0,9,14,2,5,0,5,3,3,0,0,,,,,,,5.2,3.95,1.79,4.8,3.85,1.8,4.6,3.74,1.74,1.85,2,,,1.91,1.97,1.87,1.89,0.75,,,2526
E0,28/02/2026,12:30,Bournemouth,Sunderland,1,1,D,0,1,21,8,5,4,7,3,4,2,0,0,,,,,,,1.88,3.9,4.7,1.83,3.75,4.6,1.8,3.68,4.27,1.8,2,,,1.9,2,1.82,1.95,-0.5,,,2526
E0,28/02/2026,15:00,Burnley,Brentford,3,4,A,1,3,12,16,3,7,4,8,2,2,0,0,,,,,,,4.7,4,1.84,4.5,3.95,1.8,4.34,3.79,1.77,1.85,2,,,1.8,2.12,1.74,2.06,0.75,,,2526
E0,28/02/2026,15:00,Liverpool,West Ham,5,2,H,3,0,18,11,7,4,10,5,2,2,0,0,,,,,,,1.44,5.6,7.4,1.44,5.25,7,1.41,4.98,6.69,1.44,2.75,,,1.45,2.9,1.43,2.75,-1.25,,,2526
E0,28/02/2026,15:00,Newcastle,Everton,2,3,A,1,2,17,9,7,5,7,2,2,3,0,0,,,,,,,1.87,3.95,4.7,1.86,3.8,4.6,1.78,3.73,4.34,1.73,2.1,,,1.8,2.1,1.76,2.02,-0.5,,,2526
E0,28/02/2026,17:30,Leeds,Man City,0,1,A,0,1,14,14,2,5,5,3,0,3,0,0,,,,,,,5.2,4.2,1.74,5,4,1.73,4.77,3.91,1.69,1.62,2.3,,,1.83,2.1,1.76,2.01,0.75,,,2526
E0,01/03/2026,14:00,Brighton,Nott'm Forest,2,1,H,2,1,14,13,7,4,4,4,3,1,0,0,,,,,,,2.18,3.55,3.75,2.15,3.6,3.6,2.09,3.39,3.48,1.83,2.03,,,1.96,1.94,1.88,1.88,-0.25,,,2526
E0,01/03/2026,14:00,Fulham,Tottenham,2,1,H,2,0,18,13,4,1,5,8,3,3,0,0,,,,,,,2.12,3.8,3.7,2.1,3.75,3.6,2.02,3.66,3.45,1.73,2.1,,,1.7,2.25,1.66,2.18,-0.5,,,2526
E0,01/03/2026,14:00,Man United,Crystal Palace,2,1,H,0,1,20,8,11,3,7,1,2,2,0,1,,,,,,,1.57,4.6,6.6,1.53,4.5,6.4,1.51,4.35,5.95,1.67,2.2,,,1.73,2.28,1.67,2.17,-1,,,2526
E0,01/03/2026,16:30,Arsenal,Chelsea,2,1,H,1,1,12,9,5,3,5,10,1,3,0,1,,,,,,,1.55,4.7,6.8,1.53,4.5,6.5,1.5,4.36,6.05,1.73,2.1,,,1.71,2.33,1.66,2.17,-1,,,2526
E0,03/03/2026,19:30,Bournemouth,Brentford,0,0,D,0,0,13,5,2,2,4,3,2,1,0,0,,,,,,,2.58,3.85,2.8,2.55,3.75,2.7,2.5,3.56,2.65,1.62,2.3,,,1.65,2.38,1.6,2.28,0,,,2526
E0,03/03/2026,19:30,Everton,Burnley,2,0,H,1,0,14,5,5,2,6,3,0,1,0,0,,,,,,,1.67,4,6.4,1.64,4,6,1.61,3.78,5.73,1.98,1.88,,,2.1,1.8,2.04,1.75,-0.75,,,2526
E0,03/03/2026,19:30,Leeds,Sunderland,0,1,A,0,0,18,3,4,1,9,2,1,3,0,0,,,,,,,1.87,3.75,4.9,1.85,3.6,5,1.81,3.51,4.51,2.1,1.73,,,2.1,1.8,2.03,1.75,-0.5,,,2526
E0,03/03/2026,20:15,Wolves,Liverpool,2,1,H,0,0,4,19,3,7,2,11,2,1,0,0,,,,,,,8.2,5.1,1.46,7.5,5,1.46,6.85,4.71,1.43,1.62,2.3,,,1.62,2.4,1.58,2.33,1.25,,,2526
E0,04/03/2026,19:30,Aston Villa,Chelsea,1,4,A,1,2,9,15,4,8,3,8,3,2,0,0,,,,,,,2.82,3.65,2.68,2.7,3.6,2.66,2.64,3.48,2.54,1.73,2.1,,,1.77,2.15,1.71,2.09,0,,,2526
E0,04/03/2026,19:30,Brighton,Arsenal,0,1,A,0,1,11,7,3,2,4,3,4,1,0,0,,,,,,,5.4,4.1,1.74,5.25,4,1.7,5.03,3.84,1.67,1.91,1.91,,,1.92,1.95,1.86,1.9,0.75,,,2526
E0,04/03/2026,19:30,Fulham,West Ham,0,1,A,0,0,13,9,5,3,7,5,2,4,0,0,,,,,,,2.3,3.65,3.4,2.28,3.6,3.2,2.2,3.51,3.13,1.73,2.1,,,1.68,2.38,1.62,2.25,-0.25,,,2526
E0,04/03/2026,19:30,Man City,Nott'm Forest,2,2,D,1,0,21,9,7,4,6,1,0,4,0,0,,,,,,,1.42,5.2,9.2,1.4,5.1,8.5,1.39,4.83,7.62,1.57,2.38,,,1.65,2.38,1.62,2.26,-1.25,,,2526
E0,04/03/2026,20:15,Newcastle,Man United,2,1,H,1,1,12,14,5,5,2,4,2,3,1,0,,,,,,,2.7,3.85,2.7,2.63,3.8,2.6,2.56,3.62,2.52,1.57,2.38,,,1.6,2.55,1.56,2.38,0,,,2526
E0,05/03/2026,20:00,Tottenham,Crystal Palace,1,3,A,1,3,12,9,4,4,6,3,3,2,0,0,,,,,,,2.56,3.5,3,2.5,3.5,2.9,2.44,3.37,2.83,1.8,2,,,1.93,2,1.84,1.93,0,,,2526
E0,14/03/2026,15:00,Burnley,Bournemouth,0,0,D,0,0,15,22,2,3,5,8,1,0,0,0,,,,,,,4.3,4.2,1.87,4.2,4,1.94,3.92,3.93,1.82,1.73,2.1,,,1.63,2.4,1.58,2.31,0.5,,,2526
E0,14/03/2026,15:00,Sunderland,Brighton,0,1,A,0,0,14,12,4,4,7,3,1,2,0,0,,,,,,,3.9,3.65,2.1,3.75,3.6,2.05,3.64,3.46,2.01,2.1,1.73,,,2.1,1.86,1.99,1.78,0.5,,,2526
E0,14/03/2026,17:30,Arsenal,Everton,2,0,H,0,0,25,9,7,3,8,3,0,0,0,0,,,,,,,1.4,5.2,10,1.4,5,9.5,1.37,4.65,8.58,1.98,1.88,,,1.94,1.98,1.85,1.91,-1.25,,,2526
E0,14/03/2026,17:30,Chelsea,Newcastle,0,1,A,0,1,22,7,3,5,8,1,2,2,0,0,,,,,,,1.76,4.5,4.7,1.72,4.33,4.4,1.69,4.24,4.3,1.5,2.63,,,1.5,2.75,1.48,2.59,-0.75,,,2526
E0,14/03/2026,20:00,West Ham,Man City,1,1,D,1,1,1,24,1,6,1,15,2,2,0,0,,,,,,,5.5,4.4,1.67,5.1,4.33,1.68,4.81,4.16,1.63,1.53,2.5,,,1.63,2.48,1.58,2.32,0.75,,,2526
E0,15/03/2026,14:00,Crystal Palace,Leeds,0,0,D,0,0,12,10,0,3,8,3,2,1,0,1,,,,,,,2.88,3.3,2.82,2.75,3.3,2.75,2.66,3.23,2.69,2.1,1.73,,,2.1,1.77,2.04,1.73,0,,,2526
E0,15/03/2026,14:00,Man United,Aston Villa,3,1,H,0,0,16,9,6,2,6,6,3,2,0,0,,,,,,,1.76,4.2,5,1.73,4.2,4.75,1.69,4,4.56,1.67,2.2,,,1.65,2.3,1.61,2.25,-0.75,,,2526
E0,15/03/2026,14:00,Nott'm Forest,Fulham,0,0,D,0,0,11,5,2,0,5,4,2,3,0,0,,,,,,,2.38,3.45,3.35,2.38,3.4,3.25,2.29,3.31,3.13,1.93,1.93,,,2.05,1.9,1.98,1.79,-0.25,,,2526
E0,15/03/2026,16:30,Liverpool,Tottenham,1,1,D,1,0,17,13,4,7,3,4,0,0,0,0,,,,,,,1.34,6.4,9.4,1.33,6.25,9,1.3,5.87,8.24,1.44,2.75,,,1.4,3.4,1.34,3.13,-1.5,,,2526
E0,16/03/2026,20:00,Brentford,Wolves,2,2,D,2,1,10,13,3,4,1,5,2,4,0,0,,,,,,,1.55,4.7,6.6,1.56,4.5,6,1.53,4.29,5.78,1.73,2.1,,,1.7,2.22,1.67,2.17,-1,,,2526
E0,20/03/2026,20:00,Bournemouth,Man United,2,2,D,0,0,16,14,5,5,6,8,2,2,0,1,,,,,,,3.3,3.85,2.26,3.2,3.8,2.2,3.07,3.72,2.15,1.57,2.38,,,1.58,2.5,1.52,2.46,0.25,,,2526
E0,21/03/2026,12:30,Brighton,Liverpool,2,1,H,1,1,16,12,7,5,4,8,5,5,0,0,,,,,,,3.3,3.8,2.26,3.1,3.75,2.25,3.05,3.62,2.19,1.73,2.1,,,1.63,2.4,1.57,2.35,0.25,,,2526
E0,21/03/2026,15:00,Fulham,Burnley,3,1,H,0,0,22,9,6,5,6,6,2,2,0,1,,,,,,,1.57,4.6,6.4,1.55,4.5,6.33,1.52,4.29,5.92,1.8,2,,,1.7,2.3,1.65,2.2,-1,,,2526
E0,21/03/2026,17:30,Everton,Chelsea,3,0,H,1,0,10,12,9,4,3,9,0,2,0,0,,,,,,,3.3,3.65,2.34,3.35,3.6,2.28,3.15,3.43,2.22,1.83,2.03,,,1.87,2,1.82,1.94,0.25,,,2526
E0,21/03/2026,20:00,Leeds,Brentford,0,0,D,0,0,14,6,4,2,6,2,2,0,0,0,,,,,,,2.48,3.5,3.15,2.5,3.5,3,2.35,3.41,2.95,1.88,1.98,,,1.91,1.98,1.85,1.91,-0.25,,,2526
E0,22/03/2026,12:00,Newcastle,Sunderland,1,2,A,1,0,16,17,4,7,9,5,1,6,0,0,,,,,,,1.58,4.5,6.6,1.57,4.33,6.33,1.53,4.2,5.83,1.88,1.98,,,1.76,2.2,1.69,2.14,-1,,,2526
E0,22/03/2026,14:15,Aston Villa,West Ham,2,0,H,1,0,23,9,7,1,6,6,0,1,0,0,,,,,,,1.8,4,5,1.8,3.95,4.8,1.73,3.79,4.55,1.8,2,,,1.73,2.18,1.7,2.1,-0.75,,,2526
E0,22/03/2026,14:15,Tottenham,Nott'm Forest,0,3,A,0,1,14,8,3,7,13,3,1,2,0,0,,,,,,,2.5,3.45,3.2,2.45,3.4,3.1,2.37,3.29,3,1.93,1.93,,,2.1,1.88,2,1.78,-0.25,,,2526
E0,10/04/2026,20:00,West Ham,Wolves,4,0,H,1,0,18,14,7,3,5,2,2,2,0,0,,,,,,,1.86,3.9,4.8,1.8,3.9,4.75,1.77,3.74,4.38,1.8,2,,,1.86,2.1,1.77,2.01,-0.5,,,2526
E0,11/04/2026,12:30,Arsenal,Bournemouth,1,2,A,1,1,15,8,3,3,10,1,1,3,0,0,,,,,,,1.51,4.9,7.4,1.5,4.75,7,1.47,4.47,6.4,1.62,2.3,,,1.62,2.45,1.57,2.34,-1,,,2526
E0,11/04/2026,15:00,Brentford,Everton,2,2,D,1,1,17,14,4,7,2,3,0,2,0,0,,,,,,,2.22,3.4,3.8,2.2,3.4,3.5,2.15,3.34,3.37,2,1.8,,,1.98,1.92,1.88,1.88,-0.25,,,2526
E0,11/04/2026,15:00,Burnley,Brighton,0,2,A,0,1,10,13,5,6,8,2,2,1,0,0,,,,,,,5.8,4.4,1.66,5.7,4.25,1.7,5.29,4.13,1.59,1.73,2.1,,,1.68,2.25,1.66,2.18,1,,,2526
E0,11/04/2026,17:30,Liverpool,Fulham,2,0,H,2,0,18,19,5,4,6,9,0,0,0,0,,,,,,,1.79,4.2,4.8,1.78,4.2,5,1.71,4.06,4.38,1.57,2.38,,,1.52,2.65,1.5,2.54,-0.75,,,2526
E0,12/04/2026,14:00,Crystal Palace,Newcastle,2,1,H,0,1,11,7,5,3,2,4,0,3,0,0,,,,,,,3.1,3.4,2.58,3,3.5,2.5,2.91,3.3,2.42,1.73,2.1,,,1.91,2.05,1.85,1.91,0,,,2526
E0,12/04/2026,14:00,Nott'm Forest,Aston Villa,1,1,D,1,1,15,12,4,5,7,3,2,2,0,0,,,,,,,2.48,3.45,3.2,2.5,3.5,3.1,2.35,3.32,2.99,2,1.85,,,2,2,1.87,1.9,-0.25,,,2526
E0,12/04/2026,14:00,Sunderland,Tottenham,1,0,H,0,0,13,11,2,7,2,6,3,3,0,0,,,,,,,2.94,3.45,2.66,2.9,3.5,2.63,2.75,3.31,2.53,2,1.85,,,1.89,2,1.81,1.95,0,,,2526
E0,12/04/2026,16:30,Chelsea,Man City,0,3,A,0,0,12,18,3,8,4,12,3,1,0,0,,,,,,,3.75,4.2,2,3.6,4,2.1,3.48,3.89,1.94,1.57,2.38,,,1.54,2.7,1.5,2.55,0.5,,,2526
E0,13/04/2026,20:00,Man United,Leeds,1,2,A,0,2,20,15,9,6,11,4,3,2,1,0,,,,,,,1.68,4.2,5.8,1.7,4.2,5.25,1.62,4.07,5.08,1.73,2.1,,,1.68,2.3,1.64,2.22,-0.75,,,2526
E0,18/04/2026,12:30,Brentford,Fulham,0,0,D,0,0,13,11,4,0,9,3,0,1,0,0,,,,,,,2.04,3.95,3.75,2.05,3.8,3.66,1.96,3.75,3.52,1.73,2.1,,,1.68,2.38,1.62,2.26,-0.5,,,2526
E0,18/04/2026,15:00,Leeds,Wolves,3,0,H,2,0,17,7,6,2,5,6,2,1,0,0,,,,,,,1.55,4.4,7.4,1.67,4.2,6.66,1.53,4.11,6.26,1.9,1.95,,,1.85,2,1.79,1.98,-1,,,2526
E0,18/04/2026,15:00,Newcastle,Bournemouth,1,2,A,0,1,12,12,3,3,2,3,2,4,0,0,,,,,,,2.34,3.85,3.15,2.3,4,3.5,2.18,3.67,3.04,1.5,2.63,,,1.55,2.7,1.5,2.53,-0.25,,,2526
E0,18/04/2026,17:30,Tottenham,Brighton,2,2,D,1,1,13,10,6,3,7,5,3,1,0,0,,,,,,,3.1,4.1,2.26,3,4,2.5,2.93,3.76,2.21,1.67,2.2,,,1.66,2.4,1.62,2.26,0.25,,,2526
E0,18/04/2026,20:00,Chelsea,Man United,0,1,A,0,1,21,4,3,1,7,1,1,3,0,0,,,,,,,2.2,3.9,3.4,2.15,3.8,3.35,2.1,3.69,3.21,1.57,2.38,,,1.52,2.7,1.49,2.57,-0.25,,,2526
E0,19/04/2026,14:00,Aston Villa,Sunderland,4,3,H,2,1,15,10,7,7,4,5,1,3,0,0,,,,,,,1.8,3.85,5.3,1.8,3.9,5.25,1.73,3.66,4.8,1.98,1.88,,,2,1.91,1.92,1.85,-0.75,,,2526
E0,19/04/2026,14:00,Everton,Liverpool,1,2,A,0,1,10,14,4,6,1,6,2,0,0,0,,,,,,,3.55,3.4,2.32,3.3,3.6,2.3,3.2,3.33,2.24,1.9,1.95,,,1.85,2.04,1.8,1.98,0.25,,,2526
E0,19/04/2026,14:00,Nott'm Forest,Burnley,4,1,H,0,1,10,4,4,3,4,4,0,2,0,0,,,,,,,1.5,4.7,7.8,1.53,4.6,7.5,1.46,4.39,6.84,1.73,2.1,,,1.76,2.2,1.7,2.11,-1.25,,,2526
E0,19/04/2026,16:30,Man City,Arsenal,2,1,H,1,1,15,9,5,3,8,5,2,2,0,0,,,,,,,1.91,3.75,4.7,2,3.7,4.5,1.84,3.59,4.22,2,1.8,,,2,1.93,1.9,1.86,-0.5,,,2526
E0,20/04/2026,20:00,Crystal Palace,West Ham,0,0,D,0,0,9,9,1,4,4,6,2,1,0,0,,,,,,,,,,2.63,3.4,3.3,2.53,3.33,2.76,1.93,1.93,,,1.9,2,1.82,1.95,0,,,2526
E0,21/04/2026,20:00,Brighton,Chelsea,3,0,H,1,0,15,6,9,0,6,5,1,1,0,0,,,,,,,,,,2.32,3.6,3.14,2.28,3.43,3.01,1.67,2.2,,,1.91,2,1.83,1.93,-0.25,,,2526
E0,22/04/2026,20:00,Bournemouth,Leeds,2,2,D,0,0,17,10,7,3,12,1,3,0,0,0,,,,,,,,,,1.9,3.9,4.33,1.83,3.78,4.02,1.73,2.1,,,1.66,2.4,1.59,2.28,-0.5,,,2526
E0,22/04/2026,20:00,Burnley,Man City,0,1,A,0,1,9,28,1,9,3,11,0,0,0,0,,,,,,,,,,20,9.5,1.22,15.78,8.1,1.15,1.33,3.4,,,1.38,3.5,1.34,3.19,2.25,,,2526
E0,24/04/2026,20:00,Sunderland,Nott'm Forest,0,5,A,0,4,14,10,4,6,3,6,2,5,0,0,,,,,,,,,,2.75,3.25,2.87,2.66,3.1,2.75,2.2,1.67,,,2.3,1.7,2.19,1.65,0,,,2526
E0,25/04/2026,12:30,Fulham,Aston Villa,1,0,H,1,0,13,10,6,1,2,5,2,2,0,0,,,,,,,,,,2.5,3.6,2.85,2.43,3.55,2.7,1.73,2.1,,,1.77,2.2,1.71,2.08,0,,,2526
E0,25/04/2026,15:00,Liverpool,Crystal Palace,3,1,H,2,0,9,14,3,7,5,8,1,3,0,0,,,,,,,,,,1.6,4.5,5.6,1.56,4.37,5.21,1.57,2.38,,,1.54,2.63,1.5,2.52,-1,,,2526
E0,25/04/2026,15:00,West Ham,Everton,2,1,H,0,0,10,11,3,3,3,4,3,4,0,0,,,,,,,,,,2.5,3.4,2.95,2.42,3.38,2.82,1.9,1.95,,,1.86,2.03,1.8,1.96,0,,,2526
E0,25/04/2026,15:00,Wolves,Tottenham,0,1,A,0,0,11,11,2,2,5,5,3,4,0,0,,,,,,,,,,5,4.33,1.7,4.62,4.17,1.64,1.67,2.2,,,1.67,2.3,1.62,2.23,0.75,,,2526
E0,25/04/2026,17:30,Arsenal,Newcastle,1,0,H,1,0,11,13,4,3,7,2,2,2,0,0,,,,,,,,,,1.41,5,8,1.38,4.87,7.59,1.57,2.38,,,1.68,2.28,1.65,2.18,-1.25,,,2526
E0,27/04/2026,20:00,Man United,Brentford,2,1,H,2,0,11,12,6,4,7,8,2,4,0,0,,,,,,,,,,2,4,3.75,1.96,3.73,3.53,1.57,2.38,,,1.61,2.45,1.56,2.36,-0.5,,,2526
E0,01/05/2026,20:00,Leeds,Burnley,3,1,H,1,0,18,9,8,3,5,0,4,3,0,0,,,,,,,,,,1.4,5.25,9.5,1.36,4.93,8.54,1.67,2.2,,,1.73,2.23,1.69,2.11,-1.25,,,2526
E0,02/05/2026,15:00,Brentford,West Ham,3,0,H,1,0,14,13,6,4,2,6,1,3,0,0,,,,,,,,,,1.9,4,4,1.86,3.86,3.8,1.62,2.3,,,1.62,2.5,1.57,2.35,-0.5,,,2526
E0,02/05/2026,15:00,Newcastle,Brighton,3,1,H,2,0,13,13,6,4,2,10,3,3,0,0,,,,,,,,,,2.75,3.75,2.5,2.66,3.6,2.46,1.73,2.1,,,1.71,2.3,1.65,2.18,0,,,2526
E0,02/05/2026,15:00,Wolves,Sunderland,1,1,D,0,1,20,10,7,2,6,3,0,4,0,1,,,,,,,,,,3.82,3.6,2.05,3.67,3.52,1.98,2.1,1.73,,,2,1.85,1.96,1.8,0.5,,,2526
E0,02/05/2026,17:30,Arsenal,Fulham,3,0,H,3,0,18,10,9,1,3,4,0,1,0,0,,,,,,,,,,1.5,4.5,8,1.45,4.42,7.02,1.8,2,,,1.92,2.02,1.83,1.94,-1,,,2526
E0,03/05/2026,14:00,Bournemouth,Crystal Palace,3,0,H,2,0,16,7,5,1,7,1,0,2,0,0,,,,,,,,,,1.61,4.33,5.66,1.56,4.23,5.36,1.67,2.2,,,1.68,2.3,1.63,2.21,-1,,,2526
E0,03/05/2026,15:30,Man United,Liverpool,3,2,H,2,0,18,13,6,5,3,2,2,2,0,0,,,,,,,,,,2.4,3.8,2.83,2.35,3.71,2.74,1.5,2.63,,,1.53,2.63,1.49,2.53,-0.25,,,2526
E0,03/05/2026,19:00,Aston Villa,Tottenham,1,2,A,0,2,5,10,1,5,5,5,2,5,0,0,,,,,,,,,,2.28,3.7,3.1,2.24,3.54,2.99,1.73,2.1,,,1.74,2.25,1.67,2.15,-0.25,,,2526
E0,04/05/2026,15:00,Chelsea,Nott'm Forest,1,3,A,0,2,21,6,5,4,10,1,3,1,0,0,,,,,,,,,,1.45,5,8.2,1.41,4.78,7.11,1.67,2.2,,,1.65,2.4,1.6,2.28,-1.25,,,2526
E0,04/05/2026,20:00,Everton,Man City,3,3,D,0,1,14,21,6,4,5,9,4,1,0,0,,,,,,,,,,7,5,1.48,6.69,4.61,1.44,1.62,2.3,,,1.6,2.4,1.57,2.35,1.25,,,2526
E0,09/05/2026,12:30,Liverpool,Chelsea,1,1,D,1,1,8,6,3,3,5,2,2,4,0,0,,,,,,,,,,2.05,3.8,3.65,1.99,3.69,3.48,1.44,2.75,,,1.62,2.5,1.58,2.33,-0.5,,,2526
E0,09/05/2026,15:00,Brighton,Wolves,3,0,H,2,0,14,5,6,1,7,1,1,2,0,0,,,,,,,1.31,6.4,12,1.29,6.25,11,1.27,5.95,9.93,1.53,2.5,,,1.55,2.75,1.5,2.53,-1.75,,,2526
E0,09/05/2026,15:00,Fulham,Bournemouth,0,1,A,0,0,14,10,2,5,11,2,4,2,1,1,,,,,,,2.86,3.65,2.62,2.7,3.7,2.54,2.63,3.6,2.47,1.57,2.38,,,1.63,2.43,1.59,2.3,0,,,2526
E0,09/05/2026,15:00,Sunderland,Man United,0,0,D,0,0,15,11,4,1,7,8,0,3,0,0,,,,,,,3.45,3.65,2.26,3.4,3.7,2.2,3.21,3.51,2.15,1.73,2.1,,,1.75,2.2,1.71,2.09,0.25,,,2526
E0,09/05/2026,17:30,Man City,Brentford,3,0,H,0,0,25,4,10,2,10,2,4,2,0,0,,,,,,,1.38,6,9,1.38,5.75,8.5,1.34,5.57,7.32,1.36,3.2,,,1.38,3.3,1.35,3.12,-1.5,,,2526
E0,10/05/2026,14:00,Burnley,Aston Villa,2,2,D,1,1,15,18,6,7,2,8,1,1,0,0,,,,,,,6.8,4.8,1.54,7,4.6,1.52,6.34,4.42,1.48,1.73,2.1,,,1.78,2.2,1.69,2.12,1,,,2526
E0,10/05/2026,14:00,Crystal Palace,Everton,2,2,D,1,1,21,13,8,6,5,10,0,2,0,0,,,,,,,3,3.35,2.68,2.88,3.4,2.6,2.78,3.25,2.54,2.03,1.83,,,2.05,1.9,1.98,1.79,0,,,2526
E0,10/05/2026,14:00,Nott'm Forest,Newcastle,1,1,D,0,0,17,16,6,6,2,1,2,0,0,0,,,,,,,3.65,3.6,2.2,3.5,3.55,2.23,3.27,3.44,2.15,1.73,2.1,,,1.83,2.1,1.78,1.99,0.25,,,2526
E0,10/05/2026,16:30,West Ham,Arsenal,0,1,A,0,0,9,15,3,4,4,3,3,4,0,0,,,,,,,6.6,4.4,1.6,6.4,4.33,1.6,5.83,4.14,1.54,1.67,2.2,,,1.91,2.1,1.8,1.98,1,,,2526
E0,11/05/2026,20:00,Tottenham,Leeds,1,1,D,0,0,16,11,3,4,14,2,3,1,0,0,,,,,,,1.88,3.9,4.6,1.83,4,4.4,1.81,3.73,4.15,1.73,2.1,,,1.88,2.14,1.79,1.98,-0.5,,,2526
E0,13/05/2026,20:00,Man City,Crystal Palace,3,0,H,2,0,15,6,4,2,9,4,0,2,0,0,,,,,,,1.33,6.4,10,1.33,6,9.5,1.3,5.7,8.53,1.4,3,,,1.45,2.9,1.43,2.76,-1.5,,,2526
E0,15/05/2026,20:00,Aston Villa,Liverpool,4,2,H,1,0,14,16,9,5,4,9,3,1,0,0,,,,,,,2.84,3.55,2.68,2.8,3.84,2.6,2.68,3.42,2.5,1.73,2.1,,,1.85,2.1,1.79,1.97,0,,,2526
E0,17/05/2026,12:30,Man United,Nott'm Forest,3,2,H,1,0,29,11,8,4,7,6,2,1,0,0,,,,,,,1.59,4.7,6,1.57,4.6,5.5,1.56,4.42,5.12,1.62,2.3,,,1.53,2.63,1.5,2.51,-1,,,2526
E0,17/05/2026,15:00,Brentford,Crystal Palace,2,2,D,1,1,14,16,3,5,9,4,1,3,0,0,,,,,,,1.8,4.1,4.8,1.75,4,4.75,1.72,3.9,4.41,1.67,2.2,,,1.73,2.3,1.67,2.16,-0.75,,,2526
E0,17/05/2026,15:00,Everton,Sunderland,1,3,A,1,0,10,7,4,3,3,2,3,0,0,0,,,,,,,1.9,3.8,4.6,1.9,3.75,4.4,1.84,3.58,4.13,1.91,1.91,,,1.91,2,1.85,1.9,-0.5,,,2526
E0,17/05/2026,15:00,Leeds,Brighton,1,0,H,0,0,7,19,1,8,7,8,1,0,0,0,,,,,,,3.7,3.7,2.14,3.66,3.6,2.1,3.43,3.48,2.04,1.67,2.2,,,1.91,2.08,1.81,1.95,0.5,,,2526
E0,17/05/2026,15:00,Wolves,Fulham,1,1,D,1,1,11,13,3,5,3,6,1,0,0,0,,,,,,,4.5,3.9,1.9,4.2,3.8,1.9,4.03,3.63,1.84,1.73,2.1,,,1.9,2.02,1.8,1.96,0.5,,,2526
E0,17/05/2026,17:30,Newcastle,West Ham,3,1,H,2,0,15,15,7,8,9,1,1,3,0,0,,,,,,,2.12,4.2,3.35,2.15,4,3.3,2.05,3.81,3.15,1.5,2.63,,,1.57,2.65,1.52,2.46,-0.5,,,2526
E0,18/05/2026,20:00,Arsenal,Burnley,1,0,H,1,0,13,5,3,0,3,3,1,3,0,0,,,,,,,1.11,13,32,1.12,12,26,1.09,10.11,22.69,1.33,3.4,,,1.4,3.25,1.36,3.04,-2.5,,,2526
E0,19/05/2026,19:30,Bournemouth,Man City,1,1,D,1,0,10,14,2,5,7,6,4,2,0,0,,,,,,,5.1,4.5,1.7,4.8,4.5,1.68,4.62,4.24,1.63,1.44,2.75,,,1.55,2.6,1.51,2.49,0.75,,,2526
E0,19/05/2026,20:15,Chelsea,Tottenham,2,1,H,1,0,9,9,4,3,3,4,4,3,0,0,,,,,,,2.36,3.35,3.55,2.25,3.4,3.33,2.19,3.28,3.25,1.73,2.1,,,1.91,1.96,1.86,1.89,-0.25,,,2526
E0,24/05/2026,16:00,Brighton,Man United,0,3,A,0,2,13,11,2,7,0,3,0,1,0,0,,,,,,,1.95,4.5,3.7,1.92,4.33,3.8,1.87,4.08,3.49,1.5,2.63,,,1.45,2.88,1.43,2.7,-0.5,,,2526
E0,24/05/2026,16:00,Burnley,Wolves,1,1,D,0,1,16,16,8,4,7,7,2,2,0,0,,,,,,,2.52,3.55,3.05,2.5,3.6,3,2.39,3.42,2.82,1.73,2.1,,,1.79,2.1,1.73,2.04,-0.25,,,2526
E0,24/05/2026,16:00,Crystal Palace,Arsenal,1,2,A,0,1,8,17,3,7,3,4,0,1,0,0,,,,,,,4.3,3.9,1.94,4.1,3.9,1.91,3.97,3.66,1.86,1.67,2.2,,,1.8,2.2,1.72,2.07,0.5,,,2526
E0,24/05/2026,16:00,Fulham,Newcastle,2,0,H,1,0,21,7,6,2,6,6,2,2,0,0,,,,,,,2.68,3.8,2.72,2.6,3.75,2.6,2.54,3.63,2.53,1.62,2.3,,,1.5,2.7,1.48,2.57,0,,,2526
E0,24/05/2026,16:00,Liverpool,Brentford,1,1,D,0,0,24,11,8,2,14,2,2,3,0,0,,,,,,,1.86,4.2,4.3,1.81,4.33,4.2,1.77,4.06,3.96,1.5,2.63,,,1.48,3.6,1.4,2.87,-0.75,,,2526
E0,24/05/2026,16:00,Man City,Aston Villa,1,2,A,1,0,16,12,3,5,9,4,1,0,0,0,,,,,,,1.45,5.4,7.6,1.44,5.5,7.3,1.39,5.15,6.71,1.3,3.5,,,1.4,3.2,1.38,2.97,-1.25,,,2526
E0,24/05/2026,16:00,Nott'm Forest,Bournemouth,1,1,D,1,0,15,17,5,4,6,3,1,1,0,0,,,,,,,3.8,3.9,2.06,3.81,3.85,2.05,3.54,3.7,1.96,1.57,2.38,,,1.64,2.4,1.6,2.27,0.5,,,2526
E0,24/05/2026,16:00,Sunderland,Chelsea,2,1,H,1,0,20,10,2,1,7,7,3,2,0,0,,,,,,,3.5,4,2.12,3.5,3.8,2.05,3.39,3.65,2.03,1.73,2.1,,,1.75,2.18,1.71,2.09,0.5,,,2526
E0,24/05/2026,16:00,Tottenham,Everton,1,0,H,1,0,21,8,6,3,6,2,5,3,0,1,,,,,,,1.97,3.65,4.5,1.92,3.7,4.4,1.87,3.48,4.1,1.73,2.1,,,2.05,1.91,1.95,1.82,-0.5,,,2526
E0,24/05/2026,16:00,West Ham,Leeds,3,0,H,0,0,16,13,9,3,6,4,0,3,0,0,,,,,,,1.75,4.4,4.9,1.74,4.33,4.5,1.7,4.11,4.35,1.67,2.2,,,1.61,2.4,1.57,2.34,-0.75,,,2526
D1,22/08/2025,19:30,Bayern Munich,RB Leipzig,6,0,H,3,0,19,12,10,1,5,5,4,1,0,0,1.23,7.43,10.85,1.25,7.24,10.31,1.27,7.6,12,1.26,7.5,11,1.23,6.98,9.87,1.25,4,1.32,3.33,1.25,4.33,1.22,4.06,-2,1.98,1.93,2526
D1,23/08/2025,14:30,Ein Frankfurt,Werder Bremen,4,1,H,2,0,18,10,5,5,7,1,1,3,0,0,1.7,4.26,4.68,1.62,4.52,5.21,1.59,4.8,6,1.57,4.75,5.5,1.53,4.55,5.28,1.57,2.38,1.52,2.63,1.5,3,1.42,2.77,-1,2.02,1.91,2526
D1,23/08/2025,14:30,Freiburg,Augsburg,1,3,A,0,3,16,14,4,5,5,5,4,5,0,0,1.87,3.71,4.33,1.96,3.63,4.11,2.02,3.65,4.2,2,3.6,4,1.93,3.5,3.88,1.93,1.93,1.99,1.92,1.98,1.91,1.93,1.83,-0.5,1.97,1.95,2526
D1,23/08/2025,14:30,Heidenheim,Wolfsburg,1,3,A,1,1,7,15,2,5,2,5,2,3,0,0,3.19,3.59,2.26,2.84,3.47,2.58,2.98,3.45,2.64,2.8,3.5,2.56,2.74,3.38,2.5,1.67,2.2,1.81,2.08,1.9,2.06,1.8,1.98,0,2.06,1.87,2526
D1,23/08/2025,14:30,Leverkusen,Hoffenheim,1,2,A,1,1,7,10,2,5,6,4,0,4,0,0,1.56,4.74,5.46,1.76,4.25,4.41,1.79,4.3,4.7,1.75,4.7,4.4,1.71,4.15,4.24,1.5,2.63,1.57,2.51,1.57,2.5,1.53,2.43,-0.75,1.97,1.95,2526
D1,23/08/2025,14:30,Union Berlin,Stuttgart,2,1,H,2,0,8,21,2,6,5,11,4,4,0,0,3.56,3.69,2.07,4.23,3.87,1.87,4.4,4,1.89,4.1,3.9,1.92,3.91,3.78,1.85,1.67,2.2,1.67,2.32,1.67,2.3,1.63,2.21,0.5,2.05,1.88,2526
D1,23/08/2025,17:30,St Pauli,Dortmund,3,3,D,0,1,11,8,7,7,5,2,2,3,0,1,4.82,3.79,1.77,4.13,3.64,1.95,4.4,3.75,1.97,4.2,3.75,1.95,4.04,3.65,1.86,1.83,2.03,1.86,2.05,1.82,2.05,1.77,2.01,0.5,1.96,1.96,2526
D1,24/08/2025,14:30,Mainz,FC Koln,0,1,A,0,0,19,12,2,2,8,3,0,2,1,0,1.93,3.7,4.07,1.93,3.73,4.12,2.04,3.8,3.95,2,3.75,3.85,1.95,3.6,3.7,1.83,2.03,1.85,2.06,1.83,2.05,1.79,1.98,-0.5,1.93,1.98,2526
D1,24/08/2025,16:30,M'gladbach,Hamburg,0,0,D,0,0,17,7,4,2,7,6,2,1,0,0,1.86,4.06,3.96,1.88,4.02,4.03,1.99,4,4,2,4,3.85,1.89,3.87,3.65,1.53,2.5,1.58,2.51,1.58,2.55,1.52,2.45,-0.5,1.88,2.04,2526
D1,29/08/2025,19:30,Hamburg,St Pauli,0,2,A,0,1,5,17,2,6,2,5,3,3,1,0,2.45,3.29,3.12,2.49,3.18,3.2,2.52,3.35,3.2,2.47,3.3,3.1,2.42,3.22,2.97,2,1.8,2.29,1.69,2.22,1.8,2.1,1.7,-0.25,2.13,1.82,2526
D1,30/08/2025,14:30,Hoffenheim,Ein Frankfurt,1,3,A,0,2,17,9,5,6,4,5,2,3,0,0,2.95,3.84,2.3,2.74,3.81,2.47,2.78,4,2.52,2.7,3.9,2.5,2.64,3.79,2.4,1.5,2.63,1.48,2.68,1.45,2.9,1.42,2.75,0,2.06,1.85,2526
D1,30/08/2025,14:30,RB Leipzig,Heidenheim,2,0,H,0,0,19,5,5,3,4,3,2,5,0,0,1.45,5.17,6.4,1.48,4.96,6.28,1.53,5.3,6.2,1.5,5,6,1.47,4.88,5.82,1.5,2.63,1.51,2.61,1.44,3,1.41,2.8,-1.25,2.01,1.89,2526
D1,30/08/2025,14:30,Stuttgart,M'gladbach,1,0,H,0,0,13,15,5,6,6,10,2,1,0,0,1.62,4.59,4.97,1.58,4.81,5.08,1.62,5,5.2,1.59,4.8,5,1.57,4.59,4.9,1.4,3,1.34,3.31,1.35,3.4,1.34,3.16,-1,1.91,2,2526
D1,30/08/2025,14:30,Werder Bremen,Leverkusen,3,3,D,1,2,12,10,5,4,3,7,4,3,1,0,3.82,3.87,1.94,3.59,3.89,2,3.9,4,2,3.75,4,1.95,3.54,3.9,1.92,1.57,2.38,1.49,2.66,1.48,2.75,1.44,2.68,0.5,1.89,2.01,2526
D1,30/08/2025,17:30,Augsburg,Bayern Munich,2,3,A,0,2,10,20,3,10,7,5,3,4,0,0,9.88,6.53,1.27,9.65,6.2,1.29,11,6.6,1.31,10,6,1.32,9.33,5.93,1.28,1.33,3.4,1.43,2.87,1.44,3.1,1.4,2.86,1.75,1.88,2.03,2526
D1,31/08/2025,14:30,Wolfsburg,Mainz,1,1,D,1,0,11,17,3,3,3,10,3,5,1,0,2.08,3.68,3.54,2.13,3.65,3.51,2.24,3.65,3.5,2.2,3.6,3.3,2.14,3.53,3.23,1.73,2.1,1.79,2.13,1.77,2.1,1.73,2.06,-0.25,1.85,2.08,2526
D1,31/08/2025,16:30,Dortmund,Union Berlin,3,0,H,1,0,11,12,6,3,4,6,0,0,0,0,1.4,5.3,7.28,1.41,5.29,7.35,1.46,5.1,8,1.46,5.1,8,1.41,4.84,6.88,1.5,2.63,1.55,2.6,1.6,2.45,1.56,2.36,-1.25,1.88,2.04,2526
D1,31/08/2025,18:30,FC Koln,Freiburg,4,1,H,1,0,18,12,6,2,3,5,2,1,0,0,2.66,3.38,2.77,2.6,3.42,2.86,2.68,3.5,2.9,2.62,3.4,2.8,2.53,3.31,2.72,2.03,1.83,1.92,1.98,1.91,1.96,1.87,1.9,0,1.87,2.06,2526
D1,12/09/2025,19:30,Leverkusen,Ein Frankfurt,3,1,H,2,0,18,13,8,2,4,8,5,3,2,0,2.16,3.83,3.29,2.19,3.8,3.24,2.22,3.75,3.45,2.16,3.85,3.2,2.12,3.72,3.13,1.44,2.75,1.57,2.49,1.56,2.6,1.51,2.48,-0.25,1.93,2,2526
D1,13/09/2025,14:30,Freiburg,Stuttgart,3,1,H,0,1,14,7,6,2,7,1,1,1,1,0,2.92,3.64,2.41,2.66,3.5,2.73,2.76,3.55,2.78,3,3.65,2.65,2.62,3.54,2.53,1.57,2.38,1.73,2.22,1.75,2.28,1.64,2.19,0,1.93,1.99,2526
D1,13/09/2025,14:30,Heidenheim,Dortmund,0,2,A,0,2,6,17,1,8,5,4,2,3,1,0,5.53,4.66,1.56,5.34,4.54,1.6,5.6,4.5,1.66,5.33,4.5,1.62,4.98,4.44,1.58,1.5,2.63,1.47,2.75,1.5,2.75,1.46,2.63,1,1.95,1.97,2526
D1,13/09/2025,14:30,Mainz,RB Leipzig,0,1,A,0,1,13,19,2,3,3,5,1,0,0,0,2.6,3.7,2.64,2.41,3.79,2.87,2.44,3.9,2.94,2.38,3.8,2.88,2.32,3.69,2.8,1.67,2.2,1.56,2.55,1.55,2.63,1.52,2.47,-0.25,2.11,1.83,2526
D1,13/09/2025,14:30,Union Berlin,Hoffenheim,2,4,A,0,2,20,9,7,8,9,2,1,1,1,0,2.66,3.51,2.68,2.94,3.42,2.53,2.94,3.5,2.6,2.88,3.6,2.55,2.74,3.4,2.49,1.88,1.98,1.88,2.03,1.84,2.05,1.79,1.98,0,2.12,1.83,2526
D1,13/09/2025,14:30,Wolfsburg,FC Koln,3,3,D,1,1,14,14,6,8,7,4,2,3,0,0,2.01,3.61,3.85,1.97,3.71,3.97,1.98,3.8,4.2,1.95,3.8,4,1.92,3.65,3.76,1.8,2,1.76,2.17,1.8,2.15,1.73,2.06,-0.5,1.98,1.94,2526
D1,13/09/2025,17:30,Bayern Munich,Hamburg,5,0,H,4,0,22,9,12,2,5,3,2,2,0,0,1.07,14.97,29.41,1.08,16.5,21,1.08,19.5,38,1.08,14,29,1.07,12.59,25.03,1.22,4.33,1.32,3.2,1.17,6,1.15,5.3,-3,1.88,1.98,2526
D1,14/09/2025,14:30,St Pauli,Augsburg,2,1,H,1,1,13,10,7,5,3,1,1,4,0,0,2.23,3.39,3.46,2.23,3.32,3.6,2.22,3.4,3.85,2.18,3.5,3.55,2.11,3.37,3.43,2.1,1.73,2.17,1.75,2.1,1.95,1.96,1.82,-0.25,1.91,2.02,2526
D1,14/09/2025,16:30,M'gladbach,Werder Bremen,0,4,A,0,2,19,12,3,7,9,4,1,0,0,0,2,4.11,3.44,2.05,4.08,3.38,2.16,4,3.4,2.15,4,3.2,2.09,3.89,3.09,1.5,2.63,1.39,3.09,1.44,3,1.42,2.79,-0.25,1.81,2.12,2526
D1,19/09/2025,19:30,Stuttgart,St Pauli,2,0,H,1,0,17,9,8,2,8,4,0,2,0,0,1.78,4,4.46,1.8,4.09,4.37,1.95,4,4.1,1.87,4,4,1.82,3.88,3.89,1.73,2.1,1.66,2.32,1.62,2.38,1.6,2.28,-0.5,1.79,2.13,2526
D1,20/09/2025,14:30,Augsburg,Mainz,1,4,A,0,2,18,12,5,4,6,6,1,2,0,1,2.77,3.47,2.61,2.75,3.42,2.69,2.78,3.6,2.72,2.65,3.6,2.66,2.61,3.47,2.58,1.93,1.93,1.96,1.94,1.79,2.2,1.72,2.08,0,1.98,1.94,2526
D1,20/09/2025,14:30,Hamburg,Heidenheim,2,1,H,1,0,22,20,9,8,1,12,5,1,0,0,2.1,3.53,3.66,1.88,3.89,4.18,1.84,4.1,4.6,1.81,4,4.5,1.77,3.87,4.2,1.8,2,1.68,2.29,1.67,2.28,1.64,2.21,-0.75,2.12,1.79,2526
D1,20/09/2025,14:30,Hoffenheim,Bayern Munich,1,4,A,0,1,12,18,4,10,5,5,1,2,0,0,7.87,6.19,1.33,8.29,6.37,1.31,8.2,5.7,1.41,7.5,5.6,1.4,6.98,5.37,1.37,1.29,3.75,1.32,3.45,1.35,3.5,1.32,3.26,1.5,2.08,1.81,2526
D1,20/09/2025,14:30,Werder Bremen,Freiburg,0,3,A,0,1,12,10,5,5,2,0,5,2,0,0,2.38,3.81,2.86,2.51,3.68,2.79,2.54,3.65,2.96,2.45,3.7,2.9,2.37,3.55,2.79,1.62,2.3,1.64,2.38,1.73,2.25,1.64,2.2,-0.25,2.18,1.76,2526
D1,20/09/2025,17:30,RB Leipzig,FC Koln,3,1,H,3,1,18,13,8,2,9,5,1,1,0,0,1.68,4.39,4.73,1.95,3.9,3.84,1.98,4,4,1.91,4.2,3.8,1.86,4.01,3.64,1.53,2.5,1.49,2.72,1.43,3.13,1.4,2.88,-0.5,1.96,1.96,2526
D1,21/09/2025,14:30,Ein Frankfurt,Union Berlin,3,4,A,1,2,19,11,10,5,5,1,3,2,0,0,1.58,4.47,5.57,1.65,4.38,5.03,1.7,4.4,5.3,1.66,4.25,5.1,1.62,4.17,4.92,1.57,2.38,1.57,2.5,1.63,2.38,1.59,2.3,-1,2.09,1.85,2526
D1,21/09/2025,16:30,Leverkusen,M'gladbach,1,1,D,0,0,13,13,9,7,3,4,5,5,0,0,1.56,4.77,5.33,1.56,4.48,5.96,1.55,4.8,6.6,1.54,4.6,6.25,1.51,4.45,5.74,1.44,2.75,1.62,2.38,1.62,2.48,1.56,2.36,-1,1.92,2.01,2526
D1,21/09/2025,18:30,Dortmund,Wolfsburg,1,0,H,1,0,12,10,4,1,9,3,1,0,0,0,1.52,5.13,5.42,1.59,4.66,5.27,1.58,5,5.8,1.55,4.75,5.5,1.52,4.57,5.36,1.44,2.75,1.46,2.79,1.45,2.88,1.43,2.72,-1,1.96,1.96,2526
D1,26/09/2025,19:30,Bayern Munich,Werder Bremen,4,0,H,2,0,26,9,13,3,7,6,2,0,0,0,1.09,12.5,26,1.1,12,26,1.12,13,28,1.12,11.5,21,1.1,10.52,18.3,1.2,4.5,,,1.2,4.8,1.19,4.49,-2.5,1.83,2.04,2526
D1,27/09/2025,14:30,Heidenheim,Augsburg,2,1,H,0,0,11,8,5,2,3,2,1,6,0,0,2.77,3.65,2.51,2.85,3.56,2.53,3,3.65,2.52,2.9,3.5,2.45,2.82,3.46,2.39,1.73,2.1,1.81,2.09,1.77,2.1,1.73,2.07,0.25,1.76,2.18,2526
D1,27/09/2025,14:30,Mainz,Dortmund,0,2,A,0,2,8,10,2,4,7,5,2,1,1,0,3.32,3.79,2.13,3.53,3.83,2.06,3.6,3.95,2.12,3.55,3.95,2.08,3.39,3.76,2,1.62,2.3,1.63,2.41,1.66,2.45,1.56,2.36,0.5,1.86,2.07,2526
D1,27/09/2025,14:30,St Pauli,Leverkusen,1,2,A,1,1,13,5,6,4,13,1,3,5,0,0,3.28,3.55,2.24,3.37,3.54,2.23,3.15,3.5,2.48,3.1,3.5,2.38,2.97,3.42,2.32,1.88,1.98,1.95,1.95,1.85,2.05,1.82,1.95,0,2.46,1.62,2526
D1,27/09/2025,14:30,Wolfsburg,RB Leipzig,0,1,A,0,1,22,20,4,6,6,11,2,2,0,0,2.6,3.75,2.61,2.63,3.73,2.63,2.78,3.85,2.62,2.63,3.8,2.54,2.59,3.65,2.48,1.53,2.5,1.54,2.59,1.52,2.75,1.48,2.58,0,1.96,1.96,2526
D1,27/09/2025,17:30,M'gladbach,Ein Frankfurt,4,6,A,0,5,11,21,8,7,4,6,1,2,0,0,3.2,3.59,2.26,3.08,3.72,2.3,3.05,3.75,2.44,3,3.75,2.33,2.9,3.63,2.26,1.53,2.5,1.56,2.52,1.58,2.5,1.53,2.44,0.25,1.91,2.01,2526
D1,28/09/2025,14:30,Freiburg,Hoffenheim,1,1,D,1,1,6,15,1,4,6,8,3,1,0,0,2.27,3.66,3.13,2.36,3.55,3.1,2.4,3.55,3.3,2.33,3.5,3.2,2.29,3.35,3.08,1.62,2.3,1.65,2.31,1.85,2.14,1.77,2.01,-0.25,2.05,1.88,2526
D1,28/09/2025,16:30,FC Koln,Stuttgart,1,2,A,1,1,14,15,6,5,8,8,2,2,0,0,2.91,3.68,2.39,2.61,3.72,2.66,2.62,3.9,2.74,2.6,3.7,2.63,2.53,3.62,2.55,1.53,2.5,1.56,2.5,1.54,2.63,1.5,2.51,0,1.94,1.98,2526
D1,28/09/2025,18:30,Union Berlin,Hamburg,0,0,D,0,0,11,16,2,6,5,3,2,2,0,1,1.99,3.7,3.82,2.01,3.61,3.95,2.04,3.8,4,2,3.65,3.8,1.97,3.57,3.65,1.8,2,1.92,1.99,1.81,2.05,1.78,2,-0.5,2.02,1.91,2526
D1,03/10/2025,19:30,Hoffenheim,FC Koln,0,1,A,0,1,15,10,4,4,11,6,3,1,0,0,1.93,3.98,3.79,1.92,3.95,3.92,2.02,3.9,3.95,2,3.85,3.7,1.94,3.76,3.56,1.57,2.38,1.57,2.5,1.62,2.5,1.55,2.39,-0.5,1.93,1.99,2526
D1,04/10/2025,14:30,Augsburg,Wolfsburg,3,1,H,1,0,10,14,5,4,10,5,2,1,0,0,2.86,3.58,2.48,2.64,3.58,2.71,2.64,3.6,2.86,2.6,3.65,2.8,2.5,3.51,2.67,1.73,2.1,1.78,2.15,1.73,2.2,1.67,2.15,0,1.93,1.99,2526
D1,04/10/2025,14:30,Dortmund,RB Leipzig,1,1,D,1,1,15,13,3,3,7,7,1,3,0,0,1.7,4.67,4.25,1.71,4.63,4.29,1.74,4.8,4.6,1.7,4.75,4.33,1.67,4.5,4.12,1.36,3.2,1.34,3.38,1.33,3.6,1.3,3.4,-0.75,1.89,2.04,2526
D1,04/10/2025,14:30,Leverkusen,Union Berlin,2,0,H,1,0,20,10,3,3,4,4,1,3,0,0,1.7,4.1,4.88,1.7,4.09,4.94,1.75,4.2,5.1,1.73,4,5,1.7,3.89,4.69,1.8,2,1.75,2.17,1.83,2.03,1.79,1.98,-0.75,1.91,2.02,2526
D1,04/10/2025,14:30,Werder Bremen,St Pauli,1,0,H,1,0,15,13,5,3,4,1,3,1,0,0,2.43,3.67,2.87,2.37,3.61,3.04,2.44,3.6,3.15,2.4,3.7,3,2.31,3.51,2.9,1.73,2.1,1.7,2.26,1.73,2.25,1.66,2.17,-0.25,2.07,1.87,2526
D1,04/10/2025,17:30,Ein Frankfurt,Bayern Munich,0,3,A,0,2,6,12,1,3,4,3,1,2,0,0,6.14,5.53,1.44,7.49,5.65,1.38,8.2,6.4,1.37,7.5,5.8,1.4,6.7,5.66,1.36,1.29,3.75,1.32,3.37,1.25,4.33,1.22,4.08,1.5,1.93,1.99,2526
D1,05/10/2025,14:30,Stuttgart,Heidenheim,1,0,H,0,0,18,5,6,1,1,1,1,1,0,0,1.44,5.16,6.75,1.41,5.33,7.49,1.43,5.5,8.4,1.44,5.25,7.5,1.39,5.06,6.99,1.5,2.63,1.48,2.69,1.48,2.75,1.44,2.7,-1.5,2.1,1.8,2526
D1,05/10/2025,16:30,Hamburg,Mainz,4,0,H,2,0,15,11,9,4,1,4,2,3,0,0,2.89,3.53,2.48,3.21,3.77,2.21,3.35,3.9,2.22,3.2,3.8,2.2,3.08,3.67,2.14,1.73,2.1,1.57,2.54,1.58,2.6,1.54,2.42,0.25,1.98,1.93,2526
D1,05/10/2025,18:30,M'gladbach,Freiburg,0,0,D,0,0,9,12,5,1,4,1,3,1,0,0,2.36,3.57,3.04,2.66,3.4,2.8,2.76,3.6,2.72,2.75,3.6,2.75,2.59,3.36,2.66,1.73,2.1,1.93,1.97,1.93,2.02,1.84,1.93,0,1.91,2.01,2526
D1,17/10/2025,19:30,Union Berlin,M'gladbach,3,1,H,2,1,16,8,5,2,6,6,5,3,0,0,2.24,3.5,3.31,2.25,3.46,3.39,2.34,3.5,3.45,2.3,3.45,3.4,2.24,3.33,3.18,1.88,1.98,1.97,1.93,2.05,1.97,1.91,1.86,-0.25,1.94,1.98,2526
D1,18/10/2025,14:30,FC Koln,Augsburg,1,1,D,0,0,9,10,2,4,5,2,2,2,0,0,2,3.96,3.56,1.92,3.9,3.98,2.08,3.9,3.7,2.05,3.95,3.65,1.98,3.78,3.43,1.57,2.38,1.61,2.44,1.57,2.5,1.54,2.4,-0.5,1.93,2,2526
D1,18/10/2025,14:30,Heidenheim,Werder Bremen,2,2,D,0,0,31,11,11,4,12,2,1,3,0,0,2.97,3.61,2.39,3.08,3.6,2.35,2.86,3.55,2.66,2.8,3.6,2.6,2.67,3.46,2.51,1.67,2.2,1.72,2.23,1.71,2.25,1.65,2.17,0,2.26,1.72,2526
D1,18/10/2025,14:30,Mainz,Leverkusen,3,4,A,1,3,12,20,4,8,2,3,4,4,0,0,2.83,3.46,2.56,2.69,3.59,2.65,2.64,3.6,2.88,2.55,3.6,2.8,2.49,3.45,2.66,1.8,2,1.72,2.23,1.66,2.3,1.64,2.2,0,1.97,1.95,2526
D1,18/10/2025,14:30,RB Leipzig,Hamburg,2,1,H,1,0,10,15,4,3,3,5,3,1,0,0,1.43,5.37,6.59,1.47,5.28,6.25,1.5,5.1,7,1.48,5.1,6,1.45,4.96,5.85,1.36,3.2,1.38,3.13,1.35,3.4,1.34,3.18,-1.25,1.95,1.97,2526
D1,18/10/2025,14:30,Wolfsburg,Stuttgart,0,3,A,0,1,11,15,3,7,3,8,1,1,0,0,2.72,3.62,2.57,2.89,3.75,2.41,3.05,3.7,2.46,2.9,3.7,2.42,2.83,3.52,2.35,1.62,2.3,1.6,2.45,1.7,2.25,1.66,2.17,0.25,1.83,2.11,2526
D1,18/10/2025,17:30,Bayern Munich,Dortmund,2,1,H,1,0,15,8,7,1,4,3,1,3,0,0,1.38,5.55,7.5,1.36,5.75,8.25,1.4,5.8,8.6,1.38,6,8.5,1.35,5.52,7.41,1.33,3.4,1.33,3.41,1.33,3.65,1.3,3.43,-1.5,1.92,2.01,2526
D1,19/10/2025,14:30,Freiburg,Ein Frankfurt,2,2,D,1,2,12,8,5,3,3,1,2,3,0,0,2.54,3.68,2.72,2.56,3.64,2.76,2.6,3.7,2.86,2.55,3.7,2.88,2.46,3.54,2.69,1.62,2.3,1.68,2.29,1.67,2.38,1.6,2.27,0,1.89,2.04,2526
D1,19/10/2025,16:30,St Pauli,Hoffenheim,0,3,A,0,0,10,14,2,5,9,7,1,3,0,0,2.51,3.64,2.78,2.57,3.49,2.84,2.88,3.5,2.7,2.8,3.5,2.65,2.65,3.4,2.57,1.8,2,1.82,2.08,1.8,2.1,1.76,2.02,0,1.87,2.07,2526
D1,24/10/2025,19:30,Werder Bremen,Union Berlin,1,0,H,0,0,16,12,3,2,5,6,4,0,0,0,2.33,3.63,3.09,2.36,3.59,3.08,2.38,3.65,3.2,2.38,3.6,3.1,2.29,3.46,2.99,1.67,2.2,1.7,2.24,1.73,2.2,1.69,2.12,-0.25,2.05,1.88,2526
D1,25/10/2025,14:30,Augsburg,RB Leipzig,0,6,A,0,4,15,15,2,8,2,3,3,1,0,0,3.29,4.06,2.07,3.41,3.81,2.12,3.45,3.9,2.16,3.3,3.95,2.1,3.23,3.8,2.04,1.44,2.75,1.53,2.58,1.53,2.71,1.48,2.59,0.25,2.08,1.85,2526
D1,25/10/2025,14:30,Ein Frankfurt,St Pauli,2,0,H,1,0,10,9,6,1,1,3,0,1,0,0,1.74,4.19,4.49,1.65,4.43,4.92,1.69,4.6,5.2,1.67,4.5,4.75,1.64,4.26,4.59,1.57,2.38,1.5,2.7,1.5,2.75,1.48,2.58,-0.75,1.81,2.1,2526
D1,25/10/2025,14:30,Hamburg,Wolfsburg,0,1,A,0,1,27,6,6,2,11,1,1,5,0,0,2.4,3.73,2.88,2.21,3.76,3.24,2.28,3.75,3.3,2.2,3.75,3.15,2.16,3.66,3.08,1.67,2.2,1.55,2.58,1.62,2.6,1.54,2.41,-0.25,1.93,1.99,2526
D1,25/10/2025,14:30,Hoffenheim,Heidenheim,3,1,H,2,0,14,12,7,3,7,5,1,1,0,0,1.6,4.45,5.32,1.6,4.5,5.32,1.61,4.7,5.9,1.6,4.5,5.33,1.57,4.37,5.13,1.5,2.63,1.53,2.62,1.53,2.63,1.49,2.53,-1,2,1.93,2526
D1,25/10/2025,14:30,M'gladbach,Bayern Munich,0,3,A,0,0,1,27,0,11,1,8,0,3,1,0,11.5,7.11,1.23,10.65,7,1.24,11.5,7.8,1.26,11,7,1.29,9.37,6.73,1.24,1.29,3.75,,,1.26,4.33,1.24,3.92,1.75,2.08,1.84,2526
D1,25/10/2025,17:30,Dortmund,FC Koln,1,0,H,0,0,27,5,9,0,17,2,2,2,0,0,1.46,4.96,6.64,1.39,5.38,7.8,1.41,5.5,8.8,1.41,5.3,8,1.37,5.12,7.38,1.4,3,1.5,2.66,1.5,2.75,1.45,2.65,-1.5,2.06,1.88,2526
D1,26/10/2025,14:30,Leverkusen,Freiburg,2,0,H,1,0,19,10,4,3,2,3,1,2,0,1,1.84,3.92,4.2,2.02,3.59,3.91,2.04,3.7,4.1,2,3.8,3.9,1.96,3.6,3.68,1.73,2.1,1.81,2.08,1.8,2.07,1.76,2.02,-0.5,2.03,1.89,2526
D1,26/10/2025,16:30,Stuttgart,Mainz,2,1,H,1,1,19,13,8,2,7,5,4,3,0,0,1.79,4.13,4.24,2.16,3.63,3.44,2.2,3.8,3.5,2.16,3.8,3.5,2.06,3.61,3.33,1.57,2.38,1.74,2.19,1.73,2.35,1.63,2.22,-0.25,1.88,2.05,2526
D1,31/10/2025,19:30,Augsburg,Dortmund,0,1,A,0,1,9,5,1,1,4,3,4,1,0,0,5.3,4.42,1.61,5.34,4.42,1.6,6.2,4.4,1.61,5.6,4.5,1.6,5.37,4.35,1.55,1.5,2.63,1.53,2.6,1.57,2.55,1.52,2.45,1,1.92,1.99,2526
D1,01/11/2025,14:30,Heidenheim,Ein Frankfurt,1,1,D,1,0,9,16,4,3,2,8,0,2,0,0,3.69,4.18,1.9,3.88,4.14,1.88,4.3,4.3,1.85,4.2,4.2,1.8,4,4.03,1.77,1.5,2.63,1.5,2.67,1.55,2.63,1.51,2.47,0.75,1.8,2.12,2526
D1,01/11/2025,14:30,Mainz,Werder Bremen,1,1,D,1,0,10,5,5,3,2,0,1,3,0,0,2.02,3.92,3.51,1.83,4.02,4.27,1.94,4.1,4.1,1.93,3.95,4,1.86,3.81,3.8,1.57,2.38,1.52,2.64,1.55,2.63,1.52,2.46,-0.5,1.82,2.09,2526
D1,01/11/2025,14:30,RB Leipzig,Stuttgart,3,1,H,1,0,16,14,9,4,5,5,1,2,0,0,2.02,3.88,3.55,2.04,3.89,3.55,2.18,3.9,3.4,2.2,4,3.25,2.09,3.76,3.17,1.44,2.75,1.48,2.72,1.46,2.9,1.42,2.75,-0.25,1.79,2.15,2526
D1,01/11/2025,14:30,St Pauli,M'gladbach,0,4,A,0,2,16,15,4,11,8,1,4,0,0,0,2.2,3.51,3.4,2.35,3.49,3.17,2.42,3.6,3.2,2.38,3.5,3.2,2.31,3.39,3.01,1.88,1.98,1.85,2.06,1.85,2.03,1.81,1.96,-0.25,2.03,1.89,2526
D1,01/11/2025,14:30,Union Berlin,Freiburg,0,0,D,0,0,11,13,2,4,5,5,6,1,0,0,2.65,3.27,2.86,2.72,3.21,2.87,2.78,3.2,3,2.7,3.2,2.83,2.62,3.14,2.78,2.1,1.73,2.24,1.71,2.22,1.73,2.16,1.66,0,1.91,2.02,2526
D1,01/11/2025,17:30,Bayern Munich,Leverkusen,3,0,H,3,0,18,7,4,1,10,4,1,1,0,0,1.23,7.43,10.66,1.21,7.57,12.27,1.29,6.8,11.5,1.29,6.75,10,1.26,6.2,9.42,1.25,4,,,1.4,3.35,1.35,3.07,-1.75,1.72,2.21,2526
D1,02/11/2025,14:30,FC Koln,Hamburg,4,1,H,1,0,23,11,10,5,2,3,1,6,0,2,2.18,3.67,3.29,2.49,3.64,2.84,2.58,3.7,2.9,2.45,3.7,2.8,2.43,3.54,2.74,1.62,2.3,1.58,2.48,1.62,2.45,1.57,2.34,0,1.84,2.1,2526
D1,02/11/2025,16:30,Wolfsburg,Hoffenheim,2,3,A,1,1,12,10,6,4,2,2,0,2,0,0,2.77,3.78,2.45,2.79,3.77,2.47,2.9,3.9,2.5,2.8,3.85,2.45,2.7,3.7,2.37,1.57,2.38,1.52,2.63,1.5,2.75,1.48,2.58,0,2.09,1.85,2526
D1,07/11/2025,19:30,Werder Bremen,Wolfsburg,2,1,H,0,1,20,7,7,4,13,3,2,0,0,0,2.23,3.84,3.13,2.2,3.76,3.26,2.26,3.75,3.35,2.16,3.75,3.2,2.14,3.64,3.14,1.53,2.5,1.61,2.45,1.57,2.45,1.55,2.38,-0.25,1.93,2,2526
D1,08/11/2025,14:30,Hamburg,Dortmund,1,1,D,0,0,9,17,3,1,2,6,1,1,0,0,4.58,4.28,1.71,4.1,3.9,1.89,4.1,4,1.93,3.9,4,1.93,3.79,3.84,1.86,1.5,2.63,1.6,2.45,1.57,2.5,1.53,2.42,0.5,2.03,1.9,2526
D1,08/11/2025,14:30,Hoffenheim,RB Leipzig,3,1,H,2,1,12,17,4,5,5,5,3,2,0,0,2.71,3.97,2.43,2.79,3.95,2.4,2.84,4.1,2.46,2.75,3.9,2.4,2.7,3.76,2.36,1.4,3,1.45,2.84,1.45,3,1.4,2.84,0.25,1.83,2.12,2526
D1,08/11/2025,14:30,Leverkusen,Heidenheim,6,0,H,5,0,25,1,10,0,11,1,0,1,0,0,1.41,5.1,7.57,1.4,5.23,7.71,1.41,5.4,8.6,1.44,5.33,8.1,1.39,4.96,7.35,1.53,2.5,1.55,2.56,1.53,2.6,1.5,2.5,-1.25,1.88,2.05,2526
D1,08/11/2025,14:30,Union Berlin,Bayern Munich,2,2,D,1,1,12,12,4,4,6,5,2,4,0,0,12.56,7.33,1.21,13,7.05,1.22,14.5,7.8,1.24,13,7,1.22,11.72,6.69,1.21,1.36,3.2,1.37,3.13,1.4,3.2,1.36,3.01,2,1.91,2,2526
D1,08/11/2025,17:30,M'gladbach,FC Koln,3,1,H,1,0,9,19,4,5,2,6,2,3,0,0,2.28,3.65,3.11,2.07,3.77,3.57,2.14,3.85,3.65,2.1,3.8,3.6,2.03,3.67,3.36,1.62,2.3,1.61,2.44,1.57,2.45,1.56,2.37,-0.5,2.08,1.85,2526
D1,09/11/2025,14:30,Freiburg,St Pauli,2,1,H,1,0,8,7,4,2,9,3,2,2,0,0,1.87,3.61,4.48,1.78,3.62,5.17,1.81,3.65,5.6,1.8,3.6,4.75,1.77,3.57,4.61,2,1.8,2.03,1.88,2.05,1.85,1.99,1.79,-0.75,2.03,1.9,2526
D1,09/11/2025,16:30,Stuttgart,Augsburg,3,2,H,2,2,17,17,6,6,4,4,2,3,0,0,1.54,4.63,5.84,1.53,4.63,6.08,1.55,5,6.4,1.55,4.8,6,1.51,4.52,5.58,1.57,2.38,1.52,2.62,1.53,2.7,1.5,2.51,-1,1.85,2.08,2526
D1,09/11/2025,18:30,Ein Frankfurt,Mainz,1,0,H,0,0,14,3,4,0,4,3,0,5,0,0,1.87,4.11,3.9,1.88,3.94,4.1,1.91,4.2,4.1,1.92,4,4,1.84,3.9,3.84,1.57,2.38,1.6,2.46,1.57,2.5,1.54,2.41,-0.5,1.89,2.04,2526
D1,21/11/2025,19:30,Mainz,Hoffenheim,1,1,D,0,1,17,19,3,5,7,4,3,2,1,0,2.59,3.6,2.71,2.54,3.56,2.83,2.62,3.65,2.88,2.5,3.6,2.8,2.49,3.52,2.67,1.67,2.2,1.71,2.22,1.68,2.25,1.65,2.19,0,1.86,2.07,2526
D1,22/11/2025,14:30,Augsburg,Hamburg,1,0,H,0,0,13,15,6,6,4,3,2,3,1,0,2.39,3.67,2.92,2.53,3.46,2.91,2.58,3.55,3,2.5,3.5,2.87,2.44,3.39,2.81,1.73,2.1,1.82,2.09,1.8,2.1,1.75,2.03,0,1.83,2.11,2526
D1,22/11/2025,14:30,Bayern Munich,Freiburg,6,2,H,2,2,22,8,8,2,3,5,1,0,0,0,1.19,7.45,14.94,1.19,7.8,15,1.21,8.2,18,1.18,8.5,18,1.16,7.7,14.81,1.33,3.4,1.38,3.07,1.4,3.25,1.36,3.05,-2.25,2.04,1.87,2526
D1,22/11/2025,14:30,Dortmund,Stuttgart,3,3,D,2,0,14,16,6,6,2,4,1,1,0,0,1.79,4.11,4.25,1.83,3.93,4.38,1.91,4,4.4,1.85,4,4.35,1.78,3.88,4.14,1.53,2.5,1.61,2.39,1.6,2.5,1.55,2.39,-0.75,2.07,1.87,2526
D1,22/11/2025,14:30,Heidenheim,M'gladbach,0,3,A,0,1,7,16,2,4,4,5,2,0,0,0,3.18,3.72,2.22,3.44,3.74,2.13,3.5,3.75,2.2,3.4,3.7,2.15,3.25,3.61,2.09,1.67,2.2,1.68,2.32,1.68,2.2,1.65,2.18,0.25,2.07,1.86,2526
D1,22/11/2025,14:30,Wolfsburg,Leverkusen,1,3,A,0,3,21,7,10,3,9,1,2,1,0,0,3.59,3.82,2.02,3.56,3.92,2.03,3.7,3.95,2.08,3.45,3.95,2.05,3.37,3.81,2,1.62,2.3,1.52,2.64,1.53,2.7,1.5,2.51,0.5,1.88,2.04,2526
D1,22/11/2025,17:30,FC Koln,Ein Frankfurt,3,4,A,1,2,11,11,5,7,3,3,0,0,0,0,3.1,3.79,2.23,2.83,3.67,2.49,2.9,3.7,2.58,2.8,3.75,2.45,2.7,3.6,2.41,1.53,2.5,1.57,2.48,1.61,2.5,1.55,2.38,0,2.1,1.84,2526
D1,23/11/2025,14:30,RB Leipzig,Werder Bremen,2,0,H,0,0,22,15,13,6,13,7,1,2,0,0,1.45,5.25,6.38,1.55,4.82,5.6,1.58,5.1,5.8,1.55,5,5.75,1.51,4.72,5.34,1.33,3.4,1.35,3.3,1.33,3.4,1.33,3.22,-1,1.86,2.08,2526
D1,23/11/2025,16:30,St Pauli,Union Berlin,0,1,A,0,1,12,8,3,3,8,2,1,1,0,0,2.54,3.29,2.98,2.76,3.04,2.97,2.76,3.1,3.1,2.7,3.1,3,2.63,2.97,2.9,2.1,1.73,2.55,1.55,2.63,1.53,2.46,1.52,0,1.89,2.04,2526
D1,28/11/2025,19:30,M'gladbach,RB Leipzig,0,0,D,0,0,8,20,1,4,5,6,0,3,0,0,2.92,3.91,2.32,2.92,3.84,2.35,2.98,4.1,2.36,2.88,3.9,2.33,2.81,3.76,2.27,1.44,2.75,1.49,2.68,1.5,2.8,1.44,2.68,0.25,1.87,2.07,2526
D1,29/11/2025,14:30,Bayern Munich,St Pauli,3,1,H,1,1,19,10,4,1,10,2,1,1,0,0,1.1,10.2,29.77,1.12,11,23,1.14,11,26,1.13,10,26,1.11,9.52,20.94,1.25,4,1.31,3.53,1.29,3.75,1.28,3.56,-2.5,1.99,1.92,2526
D1,29/11/2025,14:30,Hoffenheim,Augsburg,3,0,H,3,0,17,14,3,4,7,2,1,0,0,0,1.68,4.5,4.6,1.77,4.13,4.5,1.78,4.3,4.8,1.73,4.2,4.6,1.71,4.03,4.4,1.53,2.5,1.6,2.45,1.57,2.5,1.54,2.42,-0.75,1.98,1.94,2526
D1,29/11/2025,14:30,Union Berlin,Heidenheim,1,2,A,1,0,9,10,2,2,5,5,3,2,0,0,1.66,4.05,5.34,1.56,4.09,6.63,1.65,4,6.6,1.62,4,6.6,1.58,3.84,6,1.93,1.93,2.09,1.81,2.1,1.78,2.05,1.73,-1,1.99,1.93,2526
D1,29/11/2025,14:30,Werder Bremen,FC Koln,1,1,D,1,0,17,10,4,2,4,0,2,4,1,0,2.28,3.9,2.96,2.25,3.83,3.1,2.28,3.85,3.25,2.22,3.8,3.14,2.18,3.71,2.99,1.53,2.5,1.56,2.55,1.57,2.5,1.54,2.41,-0.25,1.98,1.94,2526
D1,29/11/2025,17:30,Leverkusen,Dortmund,1,2,A,0,1,14,7,4,4,10,3,3,4,0,0,2.54,3.77,2.67,2.77,3.61,2.57,2.84,3.7,2.64,2.75,3.7,2.6,2.66,3.54,2.49,1.57,2.38,1.61,2.44,1.62,2.45,1.57,2.34,0,2.04,1.89,2526
D1,30/11/2025,14:30,Hamburg,Stuttgart,2,1,H,1,0,9,14,2,3,4,6,2,4,1,0,3.17,3.76,2.21,2.85,3.55,2.53,2.94,3.6,2.58,2.8,3.6,2.5,2.73,3.51,2.43,1.53,2.5,1.7,2.26,1.67,2.4,1.63,2.23,0,2.09,1.85,2526
D1,30/11/2025,16:30,Ein Frankfurt,Wolfsburg,1,1,D,0,0,15,10,3,3,14,1,1,4,0,0,1.75,4.28,4.33,1.97,3.98,3.7,2,4,3.9,1.96,4,3.75,1.92,3.87,3.55,1.5,2.63,1.52,2.61,1.5,2.7,1.48,2.57,-0.5,1.98,1.94,2526
D1,30/11/2025,18:30,Freiburg,Mainz,4,0,H,2,0,23,1,10,1,6,2,0,2,0,1,1.93,3.55,4.27,1.75,3.8,5.09,1.81,3.9,5.1,1.77,3.8,5,1.73,3.7,4.64,2,1.8,1.78,2.12,1.77,2.15,1.72,2.08,-0.75,1.98,1.94,2526
D1,05/12/2025,19:30,Mainz,M'gladbach,0,1,A,0,0,8,14,2,5,8,6,2,1,0,0,2.68,3.55,2.69,2.72,3.48,2.68,2.84,3.55,2.72,2.75,3.5,2.6,2.67,3.38,2.54,1.73,2.1,1.77,2.13,1.75,2.14,1.7,2.09,0,1.98,1.94,2526
D1,06/12/2025,14:30,Augsburg,Leverkusen,2,0,H,2,0,13,20,6,2,5,7,4,3,0,0,3.82,3.94,1.93,3.57,3.48,2.17,3.6,3.65,2.2,3.45,3.7,2.15,3.33,3.56,2.08,1.62,2.3,1.74,2.21,1.68,2.25,1.65,2.18,0.25,2.05,1.88,2526
D1,06/12/2025,14:30,FC Koln,St Pauli,1,1,D,0,0,11,5,8,1,5,4,0,1,0,0,1.99,3.69,3.82,2.05,3.56,3.85,2.08,3.65,4,2.02,3.6,3.8,1.99,3.47,3.7,1.91,1.91,1.93,1.95,1.98,1.94,1.89,1.87,-0.5,2.06,1.87,2526
D1,06/12/2025,14:30,Heidenheim,Freiburg,2,1,H,0,1,16,16,3,2,8,6,2,1,0,0,4.03,3.65,1.95,4.97,3.68,1.79,5.2,3.65,1.86,4.75,3.6,1.84,4.6,3.51,1.79,1.91,1.91,2.13,1.78,2.12,1.76,2.05,1.74,0.75,1.88,2.05,2526
D1,06/12/2025,14:30,Stuttgart,Bayern Munich,0,5,A,0,1,13,19,1,11,3,4,2,4,1,0,5.4,5.21,1.51,4.76,4.71,1.63,5.2,4.8,1.65,5.5,4.8,1.65,4.7,4.67,1.58,1.33,3.4,1.34,3.37,1.32,3.6,1.3,3.39,1,1.93,2,2526
D1,06/12/2025,14:30,Wolfsburg,Union Berlin,3,1,H,2,0,4,21,3,6,0,11,4,1,0,0,2.17,3.44,3.53,2.04,3.51,3.95,2.08,3.6,4,2.05,3.5,3.9,2,3.45,3.68,1.93,1.93,1.97,1.93,1.95,1.92,1.89,1.88,-0.5,2.05,1.88,2526
D1,06/12/2025,17:30,RB Leipzig,Ein Frankfurt,6,0,H,2,0,16,8,7,2,4,0,1,2,0,0,1.79,4.24,4.13,1.78,4.1,4.4,1.82,4.1,4.6,1.75,4.2,4.5,1.72,3.99,4.32,1.44,2.75,1.57,2.5,1.57,2.5,1.53,2.43,-0.75,2,1.93,2526
D1,07/12/2025,14:30,Hamburg,Werder Bremen,3,2,H,0,1,12,10,6,3,5,3,1,6,0,0,2.36,3.62,3,2.45,3.51,2.99,2.48,3.55,3.15,2.4,3.6,2.9,2.36,3.47,2.87,1.73,2.1,1.77,2.15,1.77,2.12,1.72,2.07,-0.25,2.12,1.83,2526
D1,07/12/2025,16:30,Dortmund,Hoffenheim,2,0,H,1,0,8,11,4,3,7,5,0,2,0,0,1.63,4.55,4.89,1.65,4.55,4.95,1.68,4.6,5.3,1.64,4.6,5.1,1.6,4.44,4.69,1.5,2.63,1.42,2.93,1.41,3.1,1.39,2.92,-1,2.06,1.88,2526
D1,12/12/2025,19:30,Union Berlin,RB Leipzig,3,1,H,0,0,12,9,6,3,4,6,2,2,0,0,3.27,3.47,2.31,3.13,3.51,2.36,3.25,3.55,2.4,3.15,3.4,2.37,3.03,3.32,2.32,1.98,1.88,2.04,1.87,2.03,1.85,1.95,1.81,0.25,1.88,2.05,2526
D1,13/12/2025,14:30,Ein Frankfurt,Augsburg,1,0,H,0,0,11,12,4,1,2,6,2,3,0,0,1.72,4.27,4.51,1.87,3.82,4.29,1.93,4,4.3,1.93,3.75,4.33,1.83,3.69,4.08,1.57,2.38,1.85,2.06,1.85,2.1,1.77,2,-0.5,1.88,2.05,2526
D1,13/12/2025,14:30,Hoffenheim,Hamburg,4,1,H,2,0,10,14,6,5,3,3,1,3,0,0,1.72,4.33,4.47,1.72,4.16,4.68,1.75,4.5,4.8,1.71,4.2,4.75,1.68,4.13,4.42,1.5,2.63,1.63,2.38,1.62,2.63,1.54,2.41,-0.75,1.93,1.99,2526
D1,13/12/2025,14:30,M'gladbach,Wolfsburg,1,3,A,1,3,14,11,4,6,6,3,0,1,0,0,1.98,3.85,3.69,2.05,3.8,3.62,2.06,3.9,3.75,2.02,3.8,3.6,1.99,3.67,3.46,1.57,2.38,1.65,2.36,1.66,2.38,1.6,2.26,-0.5,2.06,1.88,2526
D1,13/12/2025,14:30,St Pauli,Heidenheim,2,1,H,1,0,8,20,5,7,4,11,2,3,1,0,1.98,3.45,4.18,1.88,3.54,4.65,1.94,3.55,4.8,1.91,3.5,4.6,1.85,3.39,4.37,2.2,1.67,2.25,1.71,2.2,1.7,2.16,1.66,-0.5,1.88,2.04,2526
D1,13/12/2025,17:30,Leverkusen,FC Koln,2,0,H,0,0,17,6,6,4,8,3,2,1,0,0,1.57,4.68,5.33,1.81,4.3,4.07,1.82,4.3,4.4,1.8,4.33,4.75,1.74,4.11,4.11,1.53,2.5,1.49,2.75,1.5,2.75,1.47,2.6,-0.75,2.03,1.89,2526
D1,14/12/2025,14:30,Freiburg,Dortmund,1,1,D,0,1,21,9,6,4,6,0,3,2,0,1,3.32,3.59,2.2,3.95,3.59,2.01,4,3.65,2.08,3.8,3.6,2.2,3.65,3.5,1.99,1.83,2.03,1.86,2.05,1.85,2,1.81,1.95,0.5,1.91,2.02,2526
D1,14/12/2025,16:30,Bayern Munich,Mainz,2,2,D,1,1,24,5,11,2,7,0,2,2,0,0,1.09,12.74,21.79,1.08,14.25,24,1.1,15,34,1.1,13,26,1.08,11.44,21.72,1.22,4.33,,,1.22,5.4,1.18,4.65,-2.75,1.87,2.02,2526
D1,14/12/2025,18:30,Werder Bremen,Stuttgart,0,4,A,0,2,9,24,3,12,0,9,2,0,1,0,2.91,3.92,2.3,2.9,3.75,2.4,2.96,3.85,2.48,2.88,3.8,2.38,2.81,3.63,2.31,1.53,2.5,1.6,2.42,1.6,2.45,1.55,2.37,0.25,1.84,2.1,2526
D1,19/12/2025,19:30,Dortmund,M'gladbach,2,0,H,1,0,10,6,4,1,6,4,2,1,0,0,1.56,4.56,5.68,1.52,4.72,6.1,1.52,5.2,6.4,1.5,4.8,6.33,1.48,4.64,5.92,1.5,2.63,1.51,2.68,1.5,2.7,1.47,2.59,-1,1.83,2.11,2526
D1,20/12/2025,14:30,Augsburg,Werder Bremen,0,0,D,0,0,14,9,6,0,6,11,3,4,0,0,2.28,3.56,3.19,2.33,3.53,3.17,2.4,3.5,3.3,2.25,3.5,3.33,2.21,3.44,3.13,1.73,2.1,1.84,2.06,1.81,2.05,1.76,2.01,-0.25,2.02,1.91,2526
D1,20/12/2025,14:30,FC Koln,Union Berlin,0,1,A,0,0,13,11,2,3,3,6,2,5,1,0,2.37,3.4,3.15,2.69,3.27,2.86,2.72,3.3,3,2.71,3.3,2.9,2.52,3.19,2.83,1.98,1.88,2.15,1.78,2.1,1.75,2.06,1.73,0,1.9,2.03,2526
D1,20/12/2025,14:30,Hamburg,Ein Frankfurt,1,1,D,1,1,9,9,3,3,5,5,0,0,0,0,2.71,3.55,2.51,2.52,3.43,2.95,2.6,3.4,3.05,2.5,3.5,2.9,2.44,3.39,2.78,1.67,2.2,1.9,2.01,1.85,2.05,1.79,1.98,0,1.81,2.13,2526
D1,20/12/2025,14:30,Stuttgart,Hoffenheim,0,0,D,0,0,10,4,3,1,4,2,3,2,0,0,2.07,3.86,3.42,2,3.92,3.65,2.06,4,3.7,2,4.1,3.7,1.95,3.86,3.44,1.5,2.63,1.52,2.59,1.57,2.8,1.49,2.55,-0.5,2.01,1.92,2526
D1,20/12/2025,14:30,Wolfsburg,Freiburg,3,4,A,1,1,13,15,6,8,2,6,1,1,0,0,2.57,3.55,2.76,2.48,3.49,2.96,2.52,3.55,3,2.5,3.55,2.9,2.41,3.39,2.83,1.8,2,1.88,2.03,1.91,2,1.83,1.92,0,1.79,2.13,2526
D1,20/12/2025,17:30,RB Leipzig,Leverkusen,1,3,A,1,2,19,15,7,8,2,8,1,2,0,0,2.15,3.8,3.28,2.11,3.92,3.33,2.16,4,3.4,2.15,4,3.33,2.05,3.83,3.19,1.53,2.5,1.47,2.75,1.5,2.75,1.45,2.65,-0.25,1.86,2.07,2526
D1,21/12/2025,14:30,Mainz,St Pauli,0,0,D,0,0,13,5,1,1,9,5,1,1,0,0,1.98,3.5,4.11,2.04,3.39,4.12,2.08,3.5,4.2,2,3.45,4.1,1.96,3.31,3.99,2.1,1.73,2.28,1.69,2.25,1.7,2.16,1.66,-0.5,2.04,1.88,2526
D1,21/12/2025,16:30,Heidenheim,Bayern Munich,0,4,A,0,2,8,23,1,11,0,6,0,0,0,0,17.17,10.24,1.13,15.87,9.2,1.15,17,9.6,1.19,16,9.5,1.2,13.06,8.12,1.16,1.25,4,,,1.29,4,1.25,3.74,2.25,1.93,1.97,2526
D1,09/01/2026,19:30,Ein Frankfurt,Dortmund,3,3,D,1,1,12,16,6,6,2,5,3,3,0,0,3.62,3.85,2.03,3.51,3.7,2.11,3.6,3.9,2.12,3.45,3.75,2.1,3.31,3.66,2.05,1.62,2.3,1.67,2.32,1.66,2.3,1.6,2.26,0.25,2.09,1.85,2526
D1,10/01/2026,14:30,Freiburg,Hamburg,2,1,H,0,0,20,10,7,5,0,3,3,5,0,1,1.81,3.56,4.95,1.81,3.67,4.82,1.87,3.7,5,1.84,3.7,4.8,1.76,3.58,4.6,1.83,2.03,1.93,1.97,1.92,1.93,1.86,1.89,-0.75,2.06,1.87,2526
D1,10/01/2026,14:30,Heidenheim,FC Koln,2,2,D,2,1,14,21,6,9,5,4,2,1,0,0,2.95,3.58,2.41,2.81,3.52,2.59,2.92,3.55,2.62,2.9,3.5,2.65,2.71,3.41,2.49,1.8,2,1.81,2.1,1.8,2.1,1.74,2.03,0,2.05,1.88,2526
D1,10/01/2026,14:30,Union Berlin,Mainz,2,2,D,0,1,17,9,5,6,2,1,2,0,0,0,2.14,3.2,3.92,2.12,3.29,3.97,2.18,3.25,4.1,2.2,3.25,4,2.1,3.17,3.72,2.2,1.65,2.26,1.71,2.3,1.68,2.19,1.64,-0.25,1.81,2.13,2526
D1,10/01/2026,17:30,Leverkusen,Stuttgart,1,4,A,0,4,16,10,4,7,5,3,4,2,0,0,1.95,4.05,3.63,2.23,3.75,3.19,2.26,3.9,3.25,2.2,3.85,3.2,2.14,3.68,3.09,1.5,2.63,1.65,2.32,1.63,2.5,1.57,2.35,-0.25,1.95,1.97,2526
D1,11/01/2026,14:30,M'gladbach,Augsburg,4,0,H,3,0,12,17,7,2,2,2,0,1,0,0,1.93,3.73,4.04,1.95,3.71,3.99,1.97,3.8,4.2,1.95,3.7,3.95,1.91,3.61,3.81,1.8,2,1.85,2.06,1.8,2.08,1.77,2.01,-0.5,1.97,1.95,2526
D1,11/01/2026,16:30,Bayern Munich,Wolfsburg,8,1,H,2,1,16,8,10,3,6,2,0,1,0,0,1.1,12.15,18.99,1.13,11,19,1.14,12,23,1.15,10,20,1.12,9.31,16.69,1.2,4.5,,,1.23,4.7,1.2,4.31,-2.5,1.9,2.01,2526
D1,13/01/2026,17:30,Stuttgart,Ein Frankfurt,3,2,H,2,1,20,12,11,5,10,2,2,2,0,0,1.81,4.01,4.25,1.81,4.01,4.25,1.75,4.4,4.9,1.7,4.33,4.75,1.65,4.24,4.53,1.5,2.63,1.58,2.47,1.48,2.9,1.43,2.71,-0.75,2.05,1.86,2526
D1,13/01/2026,19:30,Dortmund,Werder Bremen,3,0,H,1,0,18,6,8,3,3,3,2,0,0,0,1.36,5.64,7.94,1.36,5.64,7.94,1.44,5.4,8.2,1.44,5.25,7.5,1.4,5.02,6.92,1.5,2.63,1.44,2.82,1.55,2.63,1.5,2.5,-1.25,1.75,2.17,2526
D1,13/01/2026,19:30,Mainz,Heidenheim,2,1,H,1,0,13,15,6,4,4,1,2,2,0,0,1.67,3.85,5.58,1.67,3.85,5.58,1.85,3.85,4.9,1.8,3.85,4.6,1.74,3.73,4.52,1.73,2.1,1.92,1.97,1.83,2.12,1.76,2.02,-0.75,1.86,2.05,2526
D1,14/01/2026,17:30,Wolfsburg,St Pauli,2,1,H,1,1,13,9,5,4,7,4,1,2,0,0,1.9,3.75,4.14,1.9,3.75,4.14,1.93,3.6,4.8,1.87,3.6,4.55,1.84,3.49,4.34,1.93,1.93,1.86,2.03,2.2,1.75,2.1,1.7,-0.5,1.91,2,2526
D1,14/01/2026,19:30,FC Koln,Bayern Munich,1,3,A,1,1,8,19,3,8,4,6,0,0,0,0,9.41,6.82,1.26,9.41,6.82,1.26,12.5,7.4,1.26,12,7,1.28,9.66,6.79,1.23,1.25,4,,,1.25,4.5,1.22,4.04,2,1.81,2.07,2526
D1,14/01/2026,19:30,Hoffenheim,M'gladbach,5,1,H,4,0,18,7,10,5,6,2,1,1,0,0,1.85,4.05,4.05,1.85,4.05,4.05,2.04,3.9,3.85,2,3.95,3.8,1.9,3.81,3.65,1.57,2.38,1.6,2.42,1.62,2.5,1.55,2.36,-0.5,1.85,2.06,2526
D1,14/01/2026,19:30,RB Leipzig,Freiburg,2,0,H,0,0,21,3,7,1,7,2,0,4,0,0,1.72,4.16,4.63,1.72,4.16,4.63,1.75,4.1,5.3,1.76,4,4.7,1.71,3.9,4.55,1.57,2.38,1.62,2.39,1.68,2.3,1.63,2.2,-0.75,1.93,1.97,2526
D1,15/01/2026,19:30,Augsburg,Union Berlin,1,1,D,1,0,9,16,5,3,3,3,1,0,0,1,2.63,3.26,2.89,,,,2.72,3.25,3,2.66,3.2,2.88,2.59,3.13,2.79,2.2,1.67,,,2.2,1.7,2.18,1.65,0,,,2526
D1,16/01/2026,19:30,Werder Bremen,Ein Frankfurt,3,3,D,1,1,13,8,4,4,4,1,1,4,0,0,,,,,,,2.66,3.7,2.8,2.75,3.6,2.7,2.57,3.45,2.58,1.67,2.2,,,1.75,2.23,1.69,2.11,0,,,2526
D1,17/01/2026,14:30,Dortmund,St Pauli,3,2,H,1,0,10,9,6,5,5,5,3,1,0,0,,,,,,,1.36,5.4,12,1.33,5.5,12,1.3,5.1,10.27,1.67,2.2,,,1.87,2.14,1.78,1.99,-1.5,,,2526
D1,17/01/2026,14:30,FC Koln,Mainz,2,1,H,0,1,20,11,6,7,9,5,4,4,0,0,,,,,,,2.18,3.65,3.6,2.15,3.6,3.5,2.08,3.47,3.39,1.73,2.1,,,1.85,2.04,1.79,1.97,-0.25,,,2526
D1,17/01/2026,14:30,Hamburg,M'gladbach,0,0,D,0,0,25,6,12,0,2,5,1,2,0,0,,,,,,,2.54,3.55,3,2.5,3.6,2.9,2.41,3.41,2.81,1.73,2.1,,,1.77,2.15,1.7,2.08,0,,,2526
D1,17/01/2026,14:30,Hoffenheim,Leverkusen,1,0,H,1,0,19,8,8,2,3,5,2,1,0,0,,,,,,,2.44,3.9,2.94,2.38,3.8,2.88,2.31,3.71,2.77,1.5,2.63,,,1.52,2.8,1.48,2.59,-0.25,,,2526
D1,17/01/2026,14:30,Wolfsburg,Heidenheim,1,1,D,0,1,13,13,4,3,9,6,4,3,0,0,,,,,,,1.73,4.2,5.3,1.72,4.2,5,1.67,4.01,4.75,1.57,2.38,,,1.63,2.35,1.59,2.29,-0.75,,,2526
D1,17/01/2026,17:30,RB Leipzig,Bayern Munich,1,5,A,1,0,17,19,4,12,5,9,1,0,0,0,,,,,,,4.6,4.5,1.77,4.35,4.4,1.75,4.12,4.33,1.7,1.3,3.5,,,1.37,3.45,1.34,3.17,0.75,,,2526
D1,18/01/2026,14:30,Stuttgart,Union Berlin,1,1,D,0,0,13,20,4,3,3,8,1,1,0,0,,,,,,,1.67,4.2,5.9,1.62,4.2,5.75,1.58,4.08,5.47,1.8,2,,,1.77,2.2,1.7,2.1,-1,,,2526
D1,18/01/2026,16:30,Augsburg,Freiburg,2,2,D,0,0,13,12,5,5,9,6,3,2,0,0,,,,,,,2.74,3.35,2.94,2.66,3.3,2.8,2.59,3.2,2.75,1.98,1.88,,,2.05,1.83,1.96,1.8,0,,,2526
D1,23/01/2026,19:30,St Pauli,Hamburg,0,0,D,0,0,8,5,3,2,5,4,1,1,0,0,,,,,,,2.96,3,2.98,2.9,3,2.88,2.81,2.91,2.75,2.63,1.5,,,2.63,1.53,2.54,1.49,0,,,2526
D1,24/01/2026,14:30,Bayern Munich,Augsburg,1,2,A,1,0,15,16,6,6,9,3,1,1,0,0,,,,,,,1.14,11.5,21,1.16,11,21,1.12,9.33,16.38,1.25,4,,,1.25,4.5,1.22,4.19,-2.5,,,2526
D1,24/01/2026,14:30,Ein Frankfurt,Hoffenheim,1,3,A,1,0,9,10,3,5,6,6,0,4,0,0,,,,,,,3.2,3.7,2.34,3.1,3.75,2.28,2.99,3.58,2.21,1.53,2.5,,,1.67,2.45,1.61,2.26,0.25,,,2526
D1,24/01/2026,14:30,Heidenheim,RB Leipzig,0,3,A,0,0,7,11,2,8,4,0,1,0,0,0,,,,,,,5.2,4.5,1.7,4.9,4.5,1.65,4.6,4.33,1.62,1.5,2.63,,,1.45,2.8,1.44,2.72,0.75,,,2526
D1,24/01/2026,14:30,Leverkusen,Werder Bremen,1,0,H,1,0,13,17,4,3,5,5,2,3,0,0,,,,,,,1.61,4.6,6,1.57,4.6,5.75,1.54,4.41,5.32,1.5,2.63,,,1.5,2.7,1.47,2.62,-1,,,2526
D1,24/01/2026,14:30,Mainz,Wolfsburg,3,1,H,0,1,20,7,9,2,15,1,3,2,0,0,,,,,,,2.4,3.45,3.3,2.36,3.4,3.2,2.29,3.33,3.06,1.73,2.1,,,1.93,1.93,1.88,1.88,-0.25,,,2526
D1,24/01/2026,17:30,Union Berlin,Dortmund,0,3,A,0,1,10,15,3,5,7,2,0,1,0,0,,,,,,,3.5,3.35,2.36,3.35,3.33,2.3,3.21,3.25,2.25,1.91,1.91,,,2.1,1.78,2.06,1.73,0.25,,,2526
D1,25/01/2026,14:30,M'gladbach,Stuttgart,0,3,A,0,1,12,17,3,8,1,4,1,1,0,0,,,,,,,3.1,3.75,2.4,3.05,3.7,2.33,2.88,3.61,2.29,1.53,2.5,,,1.62,2.45,1.57,2.35,0.25,,,2526
D1,25/01/2026,16:30,Freiburg,FC Koln,2,1,H,2,1,13,19,5,4,5,5,1,2,0,0,,,,,,,2.06,3.75,3.95,2,3.7,3.85,1.98,3.6,3.57,1.8,2,,,1.73,2.2,1.68,2.14,-0.5,,,2526
D1,27/01/2026,19:30,St Pauli,RB Leipzig,1,1,D,0,0,7,12,2,5,4,3,0,1,0,0,,,,,,,5.2,3.8,1.83,5,3.65,1.82,4.75,3.58,1.75,2.1,1.73,,,2.1,1.8,2.2,1.76,0.75,,,2526
D1,27/01/2026,19:30,Werder Bremen,Hoffenheim,0,2,A,0,1,26,12,3,3,6,7,2,2,0,1,,,,,,,4.1,3.9,1.99,3.8,3.8,1.96,3.66,3.7,1.93,1.73,2.1,,,1.66,2.38,1.6,2.26,0.5,,,2526
D1,30/01/2026,19:30,FC Koln,Wolfsburg,1,0,H,1,0,15,14,3,3,3,4,1,4,0,0,,,,,,,2.1,3.9,3.7,2.1,3.7,3.55,2.03,3.62,3.4,1.57,2.38,,,1.68,2.3,1.63,2.22,-0.25,,,2526
D1,31/01/2026,14:30,Augsburg,St Pauli,2,1,H,1,1,12,17,6,5,5,5,3,1,0,0,,,,,,,2.24,3.15,4.1,2.15,3.2,4,2.11,3.06,3.81,2.3,1.62,,,2.5,1.62,2.35,1.57,-0.25,,,2526
D1,31/01/2026,14:30,Ein Frankfurt,Leverkusen,1,3,A,0,2,11,11,4,4,8,3,3,1,1,0,,,,,,,3.7,3.75,2.14,3.6,3.75,2.1,3.38,3.6,2.04,1.53,2.5,,,1.68,2.3,1.64,2.21,0.5,,,2526
D1,31/01/2026,14:30,Hoffenheim,Union Berlin,3,1,H,2,0,9,16,4,3,3,10,2,2,0,0,,,,,,,1.9,3.7,4.7,1.84,3.8,4.33,1.81,3.63,4.23,1.8,2,,,1.83,2.05,1.79,1.98,-0.5,,,2526
D1,31/01/2026,14:30,RB Leipzig,Mainz,1,2,A,1,1,15,11,4,4,5,4,0,4,0,0,,,,,,,1.58,4.7,6,1.55,4.75,5.8,1.52,4.52,5.44,1.53,2.5,,,1.5,2.9,1.45,2.69,-1,,,2526
D1,31/01/2026,14:30,Werder Bremen,M'gladbach,1,1,D,0,0,18,7,6,2,7,3,0,1,0,0,,,,,,,2.22,3.75,3.45,2.2,3.6,3.3,2.14,3.48,3.21,1.67,2.2,,,1.78,2.16,1.71,2.09,-0.25,,,2526
D1,31/01/2026,17:30,Hamburg,Bayern Munich,2,2,D,1,1,14,13,4,7,3,9,6,4,0,0,,,,,,,10,6.8,1.31,10,6.5,1.32,9.01,5.94,1.27,1.33,3.4,,,1.4,3.25,1.37,3.02,1.75,,,2526
D1,01/02/2026,14:30,Stuttgart,Freiburg,1,0,H,0,0,18,11,7,2,6,2,3,1,0,0,,,,,,,1.7,4.3,5.4,1.68,4.25,5,1.63,4.13,4.82,1.62,2.3,,,1.62,2.4,1.59,2.3,-1,,,2526
D1,01/02/2026,16:30,Dortmund,Heidenheim,3,2,H,1,1,19,12,5,3,12,3,2,2,0,0,,,,,,,1.29,7,12,1.29,6.5,12,1.26,6.03,10,1.44,2.75,,,1.44,3.1,1.4,2.84,-1.75,,,2526
D1,06/02/2026,19:30,Union Berlin,Ein Frankfurt,1,1,D,0,0,11,3,3,1,5,2,4,3,0,1,,,,,,,2.22,3.6,3.6,2.22,3.5,3.45,2.14,3.39,3.31,1.91,1.91,,,2,1.91,1.93,1.83,-0.25,,,2526
D1,07/02/2026,14:30,Freiburg,Werder Bremen,1,0,H,1,0,7,17,2,5,4,8,0,1,1,0,,,,,,,2.22,3.4,3.85,2.15,3.5,3.75,2.1,3.34,3.47,1.8,2,,,2,1.93,1.92,1.85,-0.25,,,2526
D1,07/02/2026,14:30,Heidenheim,Hamburg,0,2,A,0,1,20,14,4,5,10,8,0,2,0,0,,,,,,,3.05,3.5,2.56,2.92,3.4,2.5,2.87,3.37,2.4,1.8,2,,,1.91,1.98,1.85,1.91,0.25,,,2526
D1,07/02/2026,14:30,Mainz,Augsburg,2,0,H,1,0,10,14,6,6,6,4,2,2,0,0,,,,,,,2.04,3.75,4,2,3.7,4,1.94,3.57,3.75,1.8,2,,,1.85,2,1.8,1.96,-0.5,,,2526
D1,07/02/2026,14:30,St Pauli,Stuttgart,2,1,H,1,0,15,7,7,3,5,5,0,2,0,0,,,,,,,5.1,4.1,1.77,5,3.9,1.73,4.79,3.77,1.7,1.93,1.93,,,1.88,2,1.82,1.94,0.75,,,2526
D1,07/02/2026,14:30,Wolfsburg,Dortmund,1,2,A,0,1,12,21,2,4,4,8,1,1,0,0,,,,,,,4.9,4.3,1.76,4.8,4.35,1.72,4.46,4.16,1.67,1.57,2.38,,,1.53,2.65,1.49,2.55,0.75,,,2526
D1,07/02/2026,17:30,M'gladbach,Leverkusen,1,1,D,1,1,9,10,6,2,2,2,2,3,0,0,,,,,,,3.75,3.85,2.1,3.7,3.75,2.05,3.48,3.65,2,1.62,2.3,,,1.73,2.2,1.68,2.14,0.5,,,2526
D1,08/02/2026,14:30,FC Koln,RB Leipzig,1,2,A,0,1,10,19,3,4,4,3,1,4,0,0,,,,,,,3.65,4,2.06,3.5,4,2.05,3.31,3.85,2,1.5,2.63,,,1.48,2.75,1.44,2.67,0.5,,,2526
D1,08/02/2026,16:30,Bayern Munich,Hoffenheim,5,1,H,3,1,27,9,14,4,8,3,2,2,0,1,,,,,,,1.26,8,11.5,1.25,8,11,1.22,7.03,9.82,1.25,4,,,1.23,4.5,1.21,4.19,-2,,,2526
D1,13/02/2026,19:30,Dortmund,Mainz,4,0,H,3,0,14,10,8,5,7,2,3,2,0,0,,,,,,,1.71,4.2,5.5,1.69,4.2,5.4,1.64,4.1,4.77,1.53,2.5,,,1.62,2.45,1.56,2.36,-0.75,,,2526
D1,14/02/2026,14:30,Ein Frankfurt,M'gladbach,3,0,H,2,0,12,20,9,3,2,8,3,2,0,0,,,,,,,2.28,3.55,3.5,2.2,3.6,3.65,2.12,3.47,3.31,1.73,2.1,,,1.75,2.2,1.7,2.09,-0.25,,,2526
D1,14/02/2026,14:30,Hamburg,Union Berlin,3,2,H,2,1,13,12,4,5,6,3,3,0,0,0,,,,,,,2.42,3.25,3.5,2.38,3.25,3.25,2.33,3.14,3.14,2.1,1.73,,,2.2,1.71,2.15,1.67,-0.25,,,2526
D1,14/02/2026,14:30,Hoffenheim,Freiburg,3,0,H,0,0,25,13,7,3,6,6,3,1,0,0,,,,,,,1.79,4.1,5,1.73,4.1,4.75,1.7,3.92,4.53,1.67,2.2,,,1.73,2.28,1.65,2.17,-0.75,,,2526
D1,14/02/2026,14:30,Leverkusen,St Pauli,4,0,H,2,0,12,11,7,1,8,3,0,1,0,0,,,,,,,1.56,4.5,7.2,1.54,4.35,6.5,1.51,4.23,6.14,1.88,1.98,,,1.91,2,1.82,1.94,-1,,,2526
D1,14/02/2026,14:30,Werder Bremen,Bayern Munich,0,3,A,0,2,14,11,3,8,2,4,3,1,0,0,,,,,,,9.6,6.4,1.34,9,6.25,1.35,7.88,5.83,1.31,1.33,3.4,,,1.3,3.6,1.29,3.43,1.75,,,2526
D1,14/02/2026,17:30,Stuttgart,FC Koln,3,1,H,1,0,13,10,4,3,2,5,4,1,0,0,,,,,,,1.53,5.1,6.6,1.51,5,6.25,1.49,4.71,5.64,1.44,2.75,,,1.48,2.8,1.44,2.7,-1,,,2526
D1,15/02/2026,14:30,Augsburg,Heidenheim,1,0,H,0,0,12,16,4,2,4,5,1,2,0,0,,,,,,,1.98,3.8,4.2,1.91,3.8,4.2,1.87,3.7,3.85,1.73,2.1,,,1.75,2.25,1.68,2.15,-0.5,,,2526
D1,15/02/2026,16:30,RB Leipzig,Wolfsburg,2,2,D,0,0,20,10,10,3,6,2,1,2,0,0,,,,,,,1.56,5.1,6,1.55,4.8,5.8,1.51,4.66,5.39,1.4,3,,,1.4,3.2,1.37,3.01,-1,,,2526
D1,20/02/2026,19:30,Mainz,Hamburg,1,1,D,1,0,17,14,3,5,7,2,3,2,0,0,,,,,,,2.16,3.55,3.85,2.12,3.6,3.6,2.06,3.45,3.48,1.8,2,,,1.77,2.1,1.72,2.07,-0.25,,,2526
D1,21/02/2026,14:30,Bayern Munich,Ein Frankfurt,3,2,H,2,0,24,9,11,3,8,2,0,3,0,0,,,,,,,1.11,14.5,28,1.1,12,23,1.08,10.88,19.31,1.2,4.5,,,1.17,6,1.14,5.45,-3,,,2526
D1,21/02/2026,14:30,FC Koln,Hoffenheim,2,2,D,1,1,9,18,4,6,3,10,1,3,0,0,,,,,,,3.8,3.85,2.06,3.65,3.8,2.05,3.43,3.71,1.99,1.57,2.38,,,1.62,2.4,1.58,2.33,0.5,,,2526
D1,21/02/2026,14:30,Union Berlin,Leverkusen,1,0,H,1,0,8,16,4,1,4,5,5,2,0,0,,,,,,,3.35,3.45,2.4,3.25,3.4,2.35,3.1,3.26,2.3,1.95,1.9,,,2.1,1.87,1.99,1.79,0.25,,,2526
D1,21/02/2026,14:30,Wolfsburg,Augsburg,2,3,A,1,0,10,15,4,6,4,10,3,4,0,0,,,,,,,2.3,3.55,3.45,2.25,3.6,3.33,2.19,3.39,3.17,1.73,2.1,,,1.74,2.15,1.71,2.08,-0.25,,,2526
D1,21/02/2026,17:30,RB Leipzig,Dortmund,2,2,D,2,0,13,11,3,5,6,2,3,4,0,0,,,,,,,2.04,4.1,3.65,2.05,4,3.5,1.97,3.88,3.32,1.44,2.75,,,1.53,2.75,1.49,2.52,-0.5,,,2526
D1,22/02/2026,14:30,Freiburg,M'gladbach,2,1,H,1,0,10,12,6,2,3,3,1,2,0,0,,,,,,,2.22,3.4,3.85,2.15,3.5,3.7,2.06,3.34,3.58,1.88,1.98,,,1.83,2.03,1.8,1.96,-0.25,,,2526
D1,22/02/2026,16:30,St Pauli,Werder Bremen,2,1,H,0,0,5,13,4,4,1,5,2,6,0,0,,,,,,,2.8,3.25,2.94,2.71,3.25,2.8,2.65,3.11,2.73,2.3,1.62,,,2.16,1.75,2.08,1.72,0,,,2526
D1,22/02/2026,18:30,Heidenheim,Stuttgart,3,3,D,2,2,10,12,6,8,3,4,1,2,0,0,,,,,,,5.1,4.5,1.7,4.5,4.33,1.7,4.42,4.21,1.67,1.57,2.38,,,1.5,2.63,1.49,2.55,0.75,,,2526
D1,27/02/2026,19:30,Augsburg,FC Koln,2,0,H,0,0,14,10,4,3,6,9,4,1,0,0,,,,,,,2.3,3.5,3.5,2.2,3.5,3.33,2.16,3.39,3.23,1.88,1.98,,,1.83,2.05,1.79,1.98,-0.25,,,2526
D1,28/02/2026,14:30,Hoffenheim,St Pauli,0,1,A,0,1,20,11,11,3,10,3,1,2,0,0,,,,,,,1.56,4.5,7,1.53,4.5,6.5,1.51,4.2,6.11,1.8,2,,,1.91,2,1.82,1.94,-1,,,2526
D1,28/02/2026,14:30,Leverkusen,Mainz,1,1,D,0,0,12,8,5,4,6,2,1,2,0,0,,,,,,,1.73,4.3,5.1,1.73,4.2,4.75,1.68,4,4.53,1.67,2.2,,,1.67,2.3,1.63,2.22,-0.75,,,2526
D1,28/02/2026,14:30,M'gladbach,Union Berlin,1,0,H,0,0,21,6,7,2,6,2,4,5,0,0,,,,,,,2.5,3.3,3.25,2.4,3.3,3.1,2.34,3.25,3.01,2,1.8,,,2.1,1.8,2.02,1.75,-0.25,,,2526
D1,28/02/2026,14:30,Werder Bremen,Heidenheim,2,0,H,0,0,17,9,6,0,3,2,1,0,0,0,,,,,,,1.66,4.6,5.4,1.63,4.5,5.25,1.6,4.21,4.97,1.67,2.2,,,1.63,2.5,1.58,2.32,-1,,,2526
D1,28/02/2026,17:30,Dortmund,Bayern Munich,2,3,A,1,0,10,14,2,6,5,2,1,0,0,0,,,,,,,4.4,4.7,1.76,4.5,4.5,1.73,4.21,4.38,1.67,1.33,3.4,,,1.35,3.4,1.33,3.17,0.75,,,2526
D1,01/03/2026,14:30,Stuttgart,Wolfsburg,4,0,H,3,0,24,10,11,3,7,3,1,0,0,0,,,,,,,1.42,5.9,7.6,1.4,5.5,7,1.37,5.4,6.61,1.44,2.75,,,1.33,3.6,1.32,3.3,-1.5,,,2526
D1,01/03/2026,16:30,Ein Frankfurt,Freiburg,2,0,H,0,0,15,4,7,2,5,6,1,2,0,0,,,,,,,2.36,3.55,3.35,2.3,3.6,3.14,2.22,3.45,3.06,1.8,2,,,1.8,2.1,1.73,2.05,-0.25,,,2526
D1,01/03/2026,18:30,Hamburg,RB Leipzig,1,2,A,1,1,7,13,3,5,4,9,3,2,0,0,,,,,,,4,4.2,1.93,3.8,4,1.9,3.72,3.87,1.86,1.57,2.38,,,1.55,2.6,1.51,2.5,0.5,,,2526
D1,04/03/2026,19:30,Hamburg,Leverkusen,0,1,A,0,0,10,14,3,4,2,7,0,2,0,0,,,,,,,3.95,3.75,2.06,3.7,3.7,2.05,3.54,3.63,1.97,1.73,2.1,,,1.7,2.25,1.66,2.17,0.5,,,2526
D1,06/03/2026,19:30,Bayern Munich,M'gladbach,4,1,H,2,0,18,10,9,5,7,1,1,0,0,1,,,,,,,1.26,7.6,12.5,1.25,8,13,1.21,7.08,10.63,1.25,4,,,1.3,3.75,1.28,3.53,-2,,,2526
D1,07/03/2026,14:30,Freiburg,Leverkusen,3,3,D,2,2,21,17,9,5,5,2,3,3,0,0,,,,,,,3.25,3.55,2.42,3.1,3.5,2.4,2.94,3.37,2.34,1.91,1.91,,,1.8,2.1,1.73,2.04,0.25,,,2526
D1,07/03/2026,14:30,Heidenheim,Hoffenheim,2,4,A,0,2,8,16,2,7,4,3,0,0,0,0,,,,,,,6.4,4.8,1.56,5.8,4.75,1.57,5.44,4.57,1.51,1.5,2.63,,,1.48,2.88,1.43,2.72,1,,,2526
D1,07/03/2026,14:30,Mainz,Stuttgart,2,2,D,1,0,18,11,6,4,5,6,0,2,0,0,,,,,,,3.75,4,2.04,3.6,4,2,3.47,3.77,1.95,1.62,2.3,,,1.6,2.5,1.54,2.39,0.5,,,2526
D1,07/03/2026,14:30,RB Leipzig,Augsburg,2,1,H,0,1,17,16,8,5,6,8,0,2,0,0,,,,,,,1.39,5.8,9,1.36,5.75,8.5,1.33,5.42,7.63,1.44,2.75,,,1.4,3.1,1.38,2.96,-1.5,,,2526
D1,07/03/2026,14:30,Wolfsburg,Hamburg,1,2,A,1,1,14,10,4,7,7,3,3,3,1,0,,,,,,,2.7,3.6,2.84,2.66,3.5,2.75,2.56,3.37,2.65,1.73,2.1,,,1.88,2.08,1.79,1.98,0,,,2526
D1,07/03/2026,17:30,FC Koln,Dortmund,1,2,A,0,1,14,13,4,5,9,4,1,1,1,0,,,,,,,4.3,4.3,1.85,4.25,4,1.81,4.03,3.94,1.77,1.57,2.38,,,1.58,2.55,1.54,2.42,0.75,,,2526
D1,08/03/2026,14:30,St Pauli,Ein Frankfurt,0,0,D,0,0,11,8,2,2,6,5,2,1,0,0,,,,,,,2.62,3.5,2.96,2.6,3.4,2.88,2.54,3.28,2.74,2,1.85,,,2.05,1.8,1.99,1.78,0,,,2526
D1,08/03/2026,16:30,Union Berlin,Werder Bremen,1,4,A,1,2,9,15,2,5,1,3,1,3,1,0,,,,,,,2.58,3.2,3.3,2.45,3.25,3.15,2.37,3.18,3.04,2,1.8,,,2.2,1.73,2.13,1.69,-0.25,,,2526
D1,13/03/2026,19:30,M'gladbach,St Pauli,2,0,H,1,0,10,8,4,1,2,2,1,2,0,0,,,,,,,2,3.45,4.6,1.95,3.4,4.3,1.91,3.3,4.17,2.2,1.67,,,2.25,1.67,2.18,1.65,-0.5,,,2526
D1,14/03/2026,14:30,Dortmund,Augsburg,2,0,H,1,0,16,7,5,3,12,2,0,0,0,0,,,,,,,1.59,4.7,6,1.57,4.75,5.6,1.53,4.47,5.31,1.53,2.5,,,1.57,2.5,1.53,2.44,-1,,,2526
D1,14/03/2026,14:30,Ein Frankfurt,Heidenheim,1,0,H,0,0,12,3,4,1,5,4,3,2,1,0,,,,,,,1.72,4.4,5.1,1.65,4.5,5.1,1.61,4.26,4.77,1.57,2.38,,,1.53,2.63,1.51,2.5,-0.75,,,2526
D1,14/03/2026,14:30,Hoffenheim,Wolfsburg,1,1,D,0,0,21,4,6,2,16,4,0,3,0,0,,,,,,,1.48,5.2,7.2,1.45,5.25,7,1.41,4.97,6.46,1.44,2.75,,,1.41,3.1,1.39,2.94,-1.25,,,2526
D1,14/03/2026,14:30,Leverkusen,Bayern Munich,1,1,D,1,0,21,11,7,5,4,1,3,4,0,2,,,,,,,5.6,5,1.59,5,4.75,1.58,4.91,4.67,1.54,1.36,3.2,,,1.35,3.6,1.31,3.39,1,,,2526
D1,14/03/2026,17:30,Hamburg,FC Koln,1,1,D,1,1,5,10,1,2,1,8,2,4,0,0,,,,,,,2.44,3.55,3.15,2.42,3.5,2.95,2.32,3.44,2.88,1.8,2,,,1.8,2.1,1.77,2.01,-0.25,,,2526
D1,15/03/2026,14:30,Werder Bremen,Mainz,0,2,A,0,1,16,11,3,2,9,4,2,1,0,0,,,,,,,2.34,3.6,3.3,2.3,3.6,3.15,2.24,3.48,3.02,1.73,2.1,,,1.76,2.2,1.7,2.11,-0.25,,,2526
D1,15/03/2026,16:30,Freiburg,Union Berlin,0,1,A,0,0,19,9,6,4,6,2,0,2,0,0,,,,,,,1.98,3.7,4.3,1.95,3.6,4.2,1.89,3.54,3.94,2.1,1.73,,,1.88,2,1.81,1.95,-0.5,,,2526
D1,15/03/2026,18:30,Stuttgart,RB Leipzig,1,0,H,0,0,13,9,4,4,5,6,1,2,0,0,,,,,,,2.52,4.1,2.76,2.5,4,2.62,2.4,3.91,2.54,1.36,3.2,,,1.33,3.5,1.31,3.31,0,,,2526
D1,20/03/2026,19:30,RB Leipzig,Hoffenheim,5,0,H,4,0,14,8,9,2,1,3,1,1,0,0,,,,,,,1.99,4.1,3.9,1.95,4.1,3.6,1.9,3.98,3.45,1.36,3.2,,,1.43,3.1,1.4,2.89,-0.5,,,2526
D1,21/03/2026,14:30,Bayern Munich,Union Berlin,4,0,H,2,0,31,5,9,1,12,1,1,2,0,0,,,,,,,1.16,10,21,1.17,9.5,18,1.13,8.67,15.22,1.33,3.4,,,1.3,4,1.27,3.62,-2.25,,,2526
D1,21/03/2026,14:30,FC Koln,M'gladbach,3,3,D,2,2,12,9,5,3,5,3,8,2,1,0,,,,,,,2.44,3.5,3.2,2.38,3.4,3.2,2.3,3.36,3,1.8,2,,,1.94,1.91,1.87,1.87,-0.25,,,2526
D1,21/03/2026,14:30,Heidenheim,Leverkusen,3,3,D,0,2,9,14,5,5,2,5,4,4,0,0,,,,,,,6,4.9,1.57,5.5,4.75,1.57,5.25,4.58,1.52,1.53,2.5,,,1.45,2.9,1.42,2.74,1,,,2526
D1,21/03/2026,14:30,Wolfsburg,Werder Bremen,0,1,A,0,0,11,8,4,3,8,4,3,0,1,0,,,,,,,2.48,3.75,2.98,2.4,3.7,2.88,2.34,3.58,2.8,1.73,2.1,,,1.66,2.3,1.62,2.22,0,,,2526
D1,21/03/2026,17:30,Dortmund,Hamburg,3,2,H,0,2,24,4,8,4,11,3,2,3,0,0,,,,,,,1.47,5,8.2,1.44,5,7.5,1.41,4.78,6.89,1.53,2.5,,,1.62,2.5,1.57,2.34,-1.25,,,2526
D1,22/03/2026,14:30,Mainz,Ein Frankfurt,2,1,H,1,1,8,12,5,4,5,3,2,1,0,0,,,,,,,2.24,3.6,3.55,2.2,3.6,3.4,2.15,3.51,3.18,1.73,2.1,,,1.8,2.1,1.76,2.02,-0.25,,,2526
D1,22/03/2026,16:30,St Pauli,Freiburg,1,2,A,1,0,12,15,5,6,3,2,1,1,0,0,,,,,,,2.84,3.15,2.98,2.75,3.1,2.95,2.66,3,2.8,2.3,1.62,,,2.4,1.62,2.32,1.58,0,,,2526
D1,22/03/2026,18:30,Augsburg,Stuttgart,2,5,A,0,3,13,13,7,8,2,5,1,3,0,0,,,,,,,3.75,3.9,2.08,3.75,3.8,2.05,3.37,3.74,1.99,1.57,2.38,,,1.57,2.5,1.55,2.39,0.5,,,2526
D1,04/04/2026,14:30,Freiburg,Bayern Munich,2,3,A,0,0,13,21,4,9,5,8,3,3,0,0,,,,,,,5.9,4.9,1.58,6,4.75,1.55,5.43,4.61,1.5,1.36,3.2,,,1.48,2.88,1.44,2.71,1.25,,,2526
D1,04/04/2026,14:30,Hamburg,Augsburg,1,1,D,0,1,18,18,4,3,9,2,2,3,1,0,,,,,,,2.5,3.5,3.15,2.44,3.5,3,2.37,3.37,2.88,1.8,2,,,1.81,2.1,1.74,2.04,0,,,2526
D1,04/04/2026,14:30,Hoffenheim,Mainz,1,2,A,1,1,16,9,5,5,7,3,4,1,0,0,,,,,,,1.78,4.1,5,1.73,4,4.75,1.7,3.95,4.52,1.57,2.38,,,1.68,2.28,1.64,2.2,-0.75,,,2526
D1,04/04/2026,14:30,Leverkusen,Wolfsburg,6,3,H,2,3,25,11,11,5,12,2,1,3,0,0,,,,,,,1.49,5.2,7,1.47,5.2,7.5,1.42,4.88,6.39,1.44,2.75,,,1.5,2.8,1.46,2.65,-1.25,,,2526
D1,04/04/2026,14:30,M'gladbach,Heidenheim,2,2,D,1,1,15,15,7,7,2,3,4,0,0,0,,,,,,,1.66,4.4,5.7,1.62,4.33,5.25,1.59,4.22,5.05,1.62,2.3,,,1.62,2.43,1.58,2.33,-1,,,2526
D1,04/04/2026,14:30,Werder Bremen,RB Leipzig,1,2,A,0,1,13,7,5,2,1,0,2,1,0,0,,,,,,,4.1,4.2,1.92,4,4.2,1.93,3.74,3.96,1.84,1.5,2.63,,,1.5,2.8,1.46,2.65,0.5,,,2526
D1,04/04/2026,17:30,Stuttgart,Dortmund,0,2,A,0,0,13,5,3,3,5,2,2,4,0,0,,,,,,,2.48,4,2.84,2.38,4,2.75,2.33,3.85,2.65,1.44,2.75,,,1.5,2.88,1.46,2.67,-0.25,,,2526
D1,05/04/2026,14:30,Union Berlin,St Pauli,1,1,D,0,1,16,9,8,2,7,2,0,2,0,1,,,,,,,2.1,3.35,4.3,2.1,3.25,4.2,2.04,3.18,3.85,2.5,1.53,,,2.4,1.63,2.3,1.59,-0.5,,,2526
D1,05/04/2026,16:30,Ein Frankfurt,FC Koln,2,2,D,0,0,20,14,7,9,8,0,1,2,0,0,,,,,,,2,3.85,4,1.95,3.9,3.85,1.9,3.7,3.72,1.73,2.1,,,1.68,2.3,1.64,2.21,-0.5,,,2526
D1,10/04/2026,19:30,Augsburg,Hoffenheim,2,2,D,2,2,17,13,8,4,4,4,5,3,0,0,,,,,,,3.8,4,2.02,3.7,4,2.05,3.46,3.84,1.94,1.57,2.38,,,1.5,2.8,1.46,2.64,0.5,,,2526
D1,11/04/2026,14:30,Dortmund,Leverkusen,0,1,A,0,1,14,11,1,4,5,5,3,0,0,0,,,,,,,2.14,3.9,3.5,2.15,4,3.33,2.06,3.79,3.19,1.53,2.5,,,1.53,2.75,1.48,2.57,-0.5,,,2526
D1,11/04/2026,14:30,Heidenheim,Union Berlin,3,1,H,2,0,7,10,3,3,3,5,0,2,0,0,,,,,,,2.94,3.5,2.64,3.1,3.5,2.6,2.74,3.39,2.47,1.9,1.95,,,1.91,1.98,1.83,1.91,0,,,2526
D1,11/04/2026,14:30,RB Leipzig,M'gladbach,1,0,H,0,0,24,15,11,3,11,4,4,1,0,0,,,,,,,1.49,5.1,7.4,1.5,5,6.5,1.46,4.73,5.94,1.44,2.75,,,1.5,2.75,1.47,2.61,-1.25,,,2526
D1,11/04/2026,14:30,Wolfsburg,Ein Frankfurt,1,2,A,0,2,22,10,7,4,7,7,2,1,0,0,,,,,,,2.62,3.8,2.78,2.5,3.75,2.66,2.46,3.62,2.6,1.57,2.38,,,1.58,2.55,1.53,2.42,0,,,2526
D1,11/04/2026,17:30,St Pauli,Bayern Munich,0,5,A,0,1,6,20,3,8,3,4,1,2,0,0,,,,,,,10,6.2,1.35,9,6,1.36,8.22,5.53,1.31,1.53,2.5,,,1.44,3,1.41,2.82,1.5,,,2526
D1,12/04/2026,14:30,FC Koln,Werder Bremen,3,1,H,1,0,25,6,8,2,8,5,3,2,0,1,,,,,,,2.42,3.55,3.25,2.38,3.6,3.1,2.29,3.38,3.01,1.73,2.1,,,1.8,2.1,1.74,2.04,-0.25,,,2526
D1,12/04/2026,16:30,Stuttgart,Hamburg,4,0,H,2,0,23,9,11,5,8,2,2,1,0,0,,,,,,,1.33,6.4,10.5,1.4,6.5,10,1.28,5.93,8.84,1.44,2.75,,,1.36,3.5,1.33,3.22,-1.75,,,2526
D1,12/04/2026,18:30,Mainz,Freiburg,0,1,A,0,0,10,8,3,3,6,4,1,3,0,0,,,,,,,2.3,3.45,3.55,2.25,3.3,3.6,2.2,3.2,3.37,1.88,1.98,,,1.91,1.95,1.86,1.89,-0.25,,,2526
D1,17/04/2026,19:30,St Pauli,FC Koln,1,1,D,0,0,14,10,6,1,8,5,4,1,0,0,,,,,,,3.1,3.35,2.6,2.9,3.4,3,2.82,3.25,2.48,2.03,1.83,,,2.1,1.83,2,1.78,0,,,2526
D1,18/04/2026,14:30,Hoffenheim,Dortmund,2,1,H,1,0,13,8,4,3,4,3,2,3,0,0,,,,,,,2.28,4,3.15,2.63,3.9,3,2.19,3.82,2.89,1.5,2.63,,,1.48,2.8,1.44,2.67,-0.25,,,2526
D1,18/04/2026,14:30,Leverkusen,Augsburg,1,2,A,1,1,35,11,10,5,11,4,2,1,0,0,,,,,,,1.42,5.6,8,1.44,5.5,7,1.38,5.2,6.74,1.44,2.75,,,1.44,3.1,1.39,2.9,-1.5,,,2526
D1,18/04/2026,14:30,Union Berlin,Wolfsburg,1,2,A,0,1,25,5,7,4,11,4,1,1,0,0,,,,,,,2.24,3.75,3.45,2.2,3.75,3.25,2.14,3.56,3.15,1.91,1.91,,,1.79,2.15,1.73,2.04,-0.25,,,2526
D1,18/04/2026,14:30,Werder Bremen,Hamburg,3,1,H,1,1,18,11,10,3,7,3,4,3,0,1,,,,,,,1.88,3.9,4.7,2.05,4,4.65,1.79,3.78,4.18,1.73,2.1,,,1.73,2.2,1.68,2.12,-0.5,,,2526
D1,18/04/2026,17:30,Ein Frankfurt,RB Leipzig,1,3,A,1,1,16,19,5,8,4,6,0,1,0,0,,,,,,,3.15,4,2.3,3.1,4,2.28,2.9,3.89,2.16,1.44,2.75,,,1.4,3.2,1.37,3.01,0.25,,,2526
D1,19/04/2026,14:30,Freiburg,Heidenheim,2,1,H,1,0,17,13,4,2,5,4,1,0,0,0,,,,,,,1.69,4.3,5.5,1.67,4.2,5,1.62,4.12,4.87,1.62,2.3,,,1.63,2.4,1.58,2.32,-0.75,,,2526
D1,19/04/2026,16:30,Bayern Munich,Stuttgart,4,2,H,3,1,28,11,9,7,11,3,0,0,0,0,,,,,,,1.52,5.4,6.2,1.5,5.33,7,1.46,5.16,5.45,1.25,4,,,1.25,4.5,1.22,4.14,-1.25,,,2526
D1,19/04/2026,18:30,M'gladbach,Mainz,1,1,D,1,0,9,17,4,7,0,6,5,2,0,0,,,,,,,2.36,3.6,3.3,2.38,3.6,3.2,2.22,3.48,3.04,1.9,1.95,,,1.87,2.05,1.79,1.98,-0.25,,,2526
D1,24/04/2026,19:30,RB Leipzig,Union Berlin,3,1,H,2,0,20,5,10,1,10,4,1,1,0,0,,,,,,,,,,1.55,4.6,6.25,1.51,4.4,5.69,1.5,2.63,,,1.62,2.5,1.56,2.35,-1,,,2526
D1,25/04/2026,14:30,Augsburg,Ein Frankfurt,1,1,D,1,0,17,19,3,7,9,7,1,2,0,0,,,,,,,,,,2.45,3.9,2.8,2.36,3.69,2.67,1.53,2.5,,,1.52,2.75,1.46,2.58,0,,,2526
D1,25/04/2026,14:30,FC Koln,Leverkusen,1,2,A,0,1,25,8,10,3,2,5,1,2,0,0,,,,,,,,,,3.65,4,1.95,3.52,3.92,1.89,1.53,2.5,,,1.5,2.63,1.49,2.52,0.5,,,2526
D1,25/04/2026,14:30,Heidenheim,St Pauli,2,0,H,1,0,12,11,5,2,6,6,0,1,0,0,,,,,,,,,,2.33,3.4,3.1,2.29,3.37,2.95,1.91,1.91,,,1.88,1.98,1.84,1.9,-0.25,,,2526
D1,25/04/2026,14:30,Mainz,Bayern Munich,3,4,A,3,0,21,11,8,6,4,4,1,2,0,0,,,,,,,,,,3.85,4.35,1.87,3.63,4.22,1.79,1.44,2.75,,,1.36,3.3,1.33,3.16,0.5,,,2526
D1,25/04/2026,14:30,Wolfsburg,M'gladbach,0,0,D,0,0,12,10,4,2,8,5,1,3,0,1,,,,,,,,,,2.2,3.8,3.25,2.12,3.65,3.09,1.62,2.3,,,1.63,2.4,1.58,2.28,-0.25,,,2526
D1,25/04/2026,17:30,Hamburg,Hoffenheim,1,2,A,1,2,12,15,4,6,4,9,2,4,0,0,,,,,,,,,,4.5,4.33,1.73,4.34,4.16,1.67,1.53,2.5,,,1.46,2.9,1.44,2.68,0.75,,,2526
D1,26/04/2026,14:30,Stuttgart,Werder Bremen,1,1,D,0,1,20,9,4,3,14,2,0,1,0,0,,,,,,,,,,1.55,4.65,5.75,1.52,4.5,5.29,1.44,2.75,,,1.44,3,1.41,2.79,-1,,,2526
D1,26/04/2026,16:30,Dortmund,Freiburg,4,0,H,3,0,17,7,5,4,5,0,1,0,0,0,,,,,,,,,,1.44,5,7,1.41,4.88,6.62,1.53,2.5,,,1.55,2.65,1.5,2.5,-1.25,,,2526
D1,02/05/2026,14:30,Bayern Munich,Heidenheim,3,3,D,1,2,23,12,7,5,13,5,3,2,0,0,,,,,,,,,,1.3,7,9.5,1.26,6.59,8.53,1.25,4,,,1.23,5,1.19,4.4,-2,,,2526
D1,02/05/2026,14:30,Ein Frankfurt,Hamburg,1,2,A,0,0,8,9,5,4,9,4,6,1,1,0,,,,,,,,,,1.7,4.33,4.6,1.66,4.16,4.42,1.53,2.5,,,1.5,2.75,1.47,2.59,-0.75,,,2526
D1,02/05/2026,14:30,Hoffenheim,Stuttgart,3,3,D,2,1,22,14,9,5,4,5,3,1,0,1,,,,,,,,,,2.22,4.2,2.9,2.16,3.98,2.82,1.36,3.2,,,1.38,3.3,1.35,3.06,-0.25,,,2526
D1,02/05/2026,14:30,Union Berlin,FC Koln,2,2,D,0,1,13,8,3,4,2,5,2,3,0,0,,,,,,,,,,2.7,3.5,2.65,2.61,3.37,2.58,1.91,1.91,,,1.8,2.12,1.74,2.03,0,,,2526
D1,02/05/2026,14:30,Werder Bremen,Augsburg,1,3,A,0,2,15,14,4,7,8,2,1,1,0,0,,,,,,,,,,2,4,3.66,1.93,3.82,3.48,1.62,2.3,,,1.53,2.63,1.5,2.5,-0.5,,,2526
D1,02/05/2026,17:30,Leverkusen,RB Leipzig,4,1,H,2,0,23,14,8,5,7,3,1,3,0,0,,,,,,,,,,2.2,4.2,3.1,2.09,4,2.93,1.36,3.2,,,1.38,3.25,1.35,3.09,-0.25,,,2526
D1,03/05/2026,14:30,St Pauli,Mainz,1,2,A,0,2,10,17,3,6,7,7,3,1,0,0,,,,,,,,,,2.88,3.3,2.6,2.75,3.26,2.51,2.1,1.73,,,2.1,1.8,2.01,1.75,0,,,2526
D1,03/05/2026,16:30,M'gladbach,Dortmund,1,0,H,0,0,12,6,4,1,1,1,3,1,0,0,,,,,,,,,,3.8,4,1.93,3.64,3.82,1.89,1.57,2.38,,,1.56,2.6,1.53,2.43,0.5,,,2526
D1,03/05/2026,18:30,Freiburg,Wolfsburg,1,1,D,0,0,11,13,3,4,1,7,1,1,0,0,,,,,,,,,,2.15,3.7,3.5,2.05,3.59,3.31,1.67,2.2,,,1.63,2.4,1.59,2.27,-0.25,,,2526
D1,08/05/2026,19:30,Dortmund,Ein Frankfurt,3,2,H,2,1,13,9,8,4,6,2,3,0,0,0,,,,,,,1.78,4.4,4.6,1.81,4.5,4.4,1.7,4.24,4.13,1.4,3,,,1.4,3.2,1.36,3.02,-0.75,,,2526
D1,09/05/2026,14:30,Augsburg,M'gladbach,3,1,H,2,0,15,16,10,4,2,2,2,2,0,0,,,,,,,2,4.1,3.8,1.96,4.1,3.6,1.91,3.9,3.46,1.62,2.3,,,1.44,3,1.41,2.79,-0.5,,,2526
D1,09/05/2026,14:30,Hoffenheim,Werder Bremen,1,0,H,1,0,15,11,4,2,8,3,1,2,0,1,,,,,,,1.57,4.9,6,1.53,5,5.75,1.48,4.87,5.42,1.36,3.2,,,1.38,3.3,1.36,3.04,-1.25,,,2526
D1,09/05/2026,14:30,RB Leipzig,St Pauli,2,1,H,1,0,13,7,5,3,3,5,2,0,0,0,,,,,,,1.31,6.4,11,1.3,6.5,10,1.27,6.01,9.02,1.44,2.75,,,1.38,3.25,1.36,3.02,-1.75,,,2526
D1,09/05/2026,14:30,Stuttgart,Leverkusen,3,1,H,2,1,20,6,9,5,7,6,2,1,0,0,,,,,,,2.08,4.3,3.4,2.05,4.33,3.2,1.99,4.12,3.12,1.33,3.4,,,1.32,3.6,1.3,3.37,-0.5,,,2526
D1,09/05/2026,17:30,Wolfsburg,Bayern Munich,0,1,A,0,0,17,16,5,9,6,3,1,0,0,0,,,,,,,6,5.6,1.52,5.5,5.33,1.51,5.28,5.16,1.46,1.29,3.75,,,1.23,5,1.2,4.35,1.25,,,2526
D1,10/05/2026,14:30,Hamburg,Freiburg,3,2,H,1,1,14,5,5,3,2,4,2,2,0,0,,,,,,,3.2,3.75,2.32,3.1,3.75,2.33,2.94,3.59,2.23,1.73,2.1,,,1.7,2.3,1.63,2.22,0.25,,,2526
D1,10/05/2026,16:30,FC Koln,Heidenheim,1,3,A,1,2,18,11,7,5,6,4,2,2,0,0,,,,,,,2.08,4.2,3.4,2.1,4.2,3.2,2.02,4.05,3.08,1.44,2.75,,,1.38,3.4,1.35,3.09,-0.5,,,2526
D1,10/05/2026,18:30,Mainz,Union Berlin,1,3,A,0,1,14,16,3,9,7,8,2,1,0,0,,,,,,,1.72,4.5,5,1.72,4.5,4.5,1.66,4.27,4.34,1.67,2.2,,,1.47,2.88,1.43,2.73,-0.75,,,2526
D1,16/05/2026,14:30,Bayern Munich,FC Koln,5,1,H,3,1,19,9,7,2,5,5,1,1,0,0,,,,,,,1.18,11,15.5,1.17,10,15,1.14,9.11,12.56,1.13,6,,,1.13,7.5,1.1,6.4,-2.75,,,2526
D1,16/05/2026,14:30,Ein Frankfurt,Stuttgart,2,2,D,0,2,16,13,7,7,6,6,2,3,0,0,,,,,,,3.9,4.5,1.9,3.7,4.4,1.87,3.48,4.24,1.82,1.3,3.5,,,1.29,3.9,1.27,3.58,0.5,,,2526
D1,16/05/2026,14:30,Freiburg,RB Leipzig,4,1,H,2,1,11,14,5,6,1,2,0,1,0,0,,,,,,,2.58,4,2.72,2.5,3.9,2.65,2.44,3.72,2.53,1.44,2.75,,,1.52,2.75,1.47,2.59,0,,,2526
D1,16/05/2026,14:30,Heidenheim,Mainz,0,2,A,0,2,15,15,5,9,6,3,1,1,0,0,,,,,,,2.08,4.2,3.45,2,4.25,3.4,1.92,4.04,3.28,1.44,2.75,,,1.45,2.95,1.41,2.79,-0.5,,,2526
D1,16/05/2026,14:30,Leverkusen,Hamburg,1,1,D,0,0,26,19,9,6,8,3,1,2,0,0,,,,,,,1.3,7,10.5,1.3,6.5,9.5,1.27,6.19,8.28,1.29,3.75,,,1.29,4,1.27,3.63,-1.75,,,2526
D1,16/05/2026,14:30,M'gladbach,Hoffenheim,4,0,H,2,0,9,11,6,3,2,9,4,6,0,1,,,,,,,5,4.9,1.66,4.75,4.75,1.67,4.37,4.43,1.62,1.36,3.2,,,1.35,3.4,1.33,3.17,1,,,2526
D1,16/05/2026,14:30,St Pauli,Wolfsburg,1,3,A,0,1,11,19,2,10,8,9,2,3,0,0,,,,,,,2.74,3.7,2.72,2.63,3.7,2.6,2.56,3.56,2.51,1.67,2.2,,,1.71,2.2,1.67,2.15,0,,,2526
D1,16/05/2026,14:30,Union Berlin,Augsburg,4,0,H,2,0,17,11,9,1,4,9,3,1,0,0,,,,,,,2.7,4.1,2.58,2.6,4.2,2.5,2.51,3.95,2.38,1.5,2.63,,,1.35,3.5,1.33,3.2,0,,,2526
D1,16/05/2026,14:30,Werder Bremen,Dortmund,0,2,A,0,0,9,17,3,9,4,5,0,0,0,0,,,,,,,3.5,4.1,2.12,3.33,4,2.1,3.12,3.94,2.01,1.4,3,,,1.4,3.1,1.38,2.94,0.5,,,2526
I1,23/08/2025,17:30,Genoa,Lecce,0,0,D,0,0,5,7,2,0,3,7,2,3,0,0,1.93,3.43,4.47,1.75,3.48,5.88,1.81,3.5,6,1.8,3.5,5.75,1.73,3.4,5.29,2.38,1.57,2.4,1.62,2.5,1.58,2.42,1.53,-0.75,2,1.93,2526
I1,23/08/2025,17:30,Sassuolo,Napoli,0,2,A,0,1,7,13,2,4,1,2,3,1,1,0,6.35,3.93,1.6,6.1,3.79,1.66,6.4,3.85,1.7,6,3.9,1.67,5.68,3.76,1.62,1.98,1.88,2,1.9,2.05,1.86,1.97,1.8,0.75,2.08,1.85,2526
I1,23/08/2025,19:45,Milan,Cremonese,1,2,A,1,1,24,4,6,3,9,2,1,4,0,0,1.36,5.42,8.57,1.42,4.9,8.05,1.35,5.5,12.5,1.4,5.5,10.5,1.34,5.08,8.95,1.67,2.2,1.74,2.19,1.75,2.18,1.7,2.11,-1.5,2.22,1.72,2526
I1,23/08/2025,19:45,Roma,Bologna,1,0,H,0,0,14,10,4,2,2,4,1,1,0,0,2.13,3.32,3.79,2.16,3.25,3.87,2.26,3.25,3.9,2.2,3.3,3.75,2.12,3.22,3.6,2.1,1.73,2.26,1.7,2.25,1.68,2.17,1.66,-0.25,1.85,2.09,2526
I1,24/08/2025,17:30,Cagliari,Fiorentina,1,1,D,0,0,14,4,6,1,3,2,4,2,0,0,3.38,3.32,2.29,3.6,3.22,2.28,3.35,3.15,2.6,3.2,3.2,2.55,3.07,3.13,2.41,2.1,1.73,2.29,1.69,2.3,1.66,2.24,1.62,0.25,1.98,1.94,2526
I1,24/08/2025,17:30,Como,Lazio,2,0,H,0,0,19,5,6,1,6,0,2,3,0,0,2.49,3.37,3,2.48,3.38,3.05,2.4,3.4,3.4,2.4,3.4,3.14,2.33,3.33,3.01,2.03,1.83,1.95,1.95,1.94,1.93,1.9,1.86,-0.25,2.13,1.81,2526
I1,24/08/2025,19:45,Atalanta,Pisa,1,1,D,0,1,21,11,6,2,10,4,2,0,0,0,1.42,4.94,7.54,1.45,4.66,7.56,1.51,4.6,7.8,1.48,4.75,7.5,1.44,4.52,6.97,1.67,2.2,1.79,2.11,1.8,2.1,1.75,2.03,-1.25,2.03,1.89,2526
I1,24/08/2025,19:45,Juventus,Parma,2,0,H,0,0,25,8,8,2,6,6,1,2,1,0,1.43,4.8,7.58,1.42,4.9,8.01,1.43,5,9.2,1.44,4.7,9,1.41,4.46,7.98,1.73,2.1,1.86,2.05,2.1,1.93,1.95,1.82,-1.25,1.99,1.93,2526
I1,25/08/2025,17:30,Udinese,Verona,1,1,D,0,0,14,9,4,3,5,1,3,2,0,0,1.98,3.46,4.17,1.89,3.37,4.87,2.02,3.3,4.9,2,3.3,4.5,1.93,3.21,4.37,2.2,1.67,2.54,1.55,2.63,1.54,2.51,1.5,-0.5,1.9,2.02,2526
I1,25/08/2025,19:45,Inter,Torino,5,0,H,2,0,20,12,9,4,6,5,0,0,0,0,1.44,4.83,7.32,1.36,5.35,9,1.39,5.4,10,1.38,5.33,9,1.35,5.03,8.46,1.73,2.1,1.68,2.3,1.68,2.25,1.65,2.18,-1.5,2.09,1.85,2526
I1,29/08/2025,17:30,Cremonese,Sassuolo,3,2,H,2,0,11,9,6,6,5,4,2,2,0,0,2.66,3.25,2.9,2.72,3.29,2.81,3,3.2,2.8,2.8,3.3,2.83,2.73,3.15,2.67,2.1,1.73,2.14,1.78,2.2,1.74,2.12,1.69,0,1.93,2,2526
I1,29/08/2025,19:45,Lecce,Milan,0,2,A,0,0,7,14,2,6,4,5,1,0,0,0,6.32,3.93,1.62,6.9,3.95,1.58,7.6,4,1.61,7,3.95,1.6,6.48,3.8,1.56,2,1.85,2.16,1.76,2.11,1.82,2.04,1.74,1,1.88,2.04,2526
I1,30/08/2025,17:30,Bologna,Como,1,0,H,0,0,15,13,2,2,7,4,4,3,0,0,2.53,3.13,3.14,2.62,3.21,2.99,2.92,3.15,2.92,2.88,3.2,2.8,2.73,3.11,2.7,2.3,1.62,2.13,1.79,2.3,1.73,2.17,1.66,0,1.84,2.1,2526
I1,30/08/2025,17:30,Parma,Atalanta,1,1,D,0,0,7,11,3,3,1,2,2,2,0,0,3.99,3.57,1.98,4.55,3.8,1.83,5,3.9,1.82,4.75,3.85,1.8,4.47,3.7,1.77,1.93,1.93,1.94,1.96,1.83,2.1,1.78,1.99,0.75,1.85,2.09,2526
I1,30/08/2025,19:45,Napoli,Cagliari,1,0,H,0,0,20,10,6,1,13,0,2,1,0,0,1.32,5.39,10.32,1.41,4.67,8.94,1.44,4.6,10.5,1.44,4.5,9.5,1.41,4.34,8.59,1.85,2,2.08,1.81,2.22,1.74,2.12,1.68,-1.25,2,1.93,2526
I1,30/08/2025,19:45,Pisa,Roma,0,1,A,0,0,7,10,3,5,1,7,2,1,0,0,5.15,3.76,1.74,5.55,3.53,1.75,5.9,3.75,1.76,5.5,3.75,1.73,5.21,3.58,1.7,2.03,1.83,2.13,1.78,2.15,1.76,2.07,1.72,0.75,1.93,2,2526
I1,31/08/2025,17:30,Genoa,Juventus,0,1,A,0,0,10,13,1,3,3,4,1,2,0,0,4.51,3.48,1.9,5.09,3.39,1.85,5.6,3.4,1.88,5.3,3.33,1.87,4.99,3.18,1.84,2.3,1.62,2.64,1.52,2.75,1.53,2.57,1.48,0.5,2.07,1.87,2526
I1,31/08/2025,17:30,Torino,Fiorentina,0,0,D,0,0,7,16,4,4,7,3,2,2,0,0,3.21,3.16,2.47,3.53,3.12,2.36,3.55,3.05,2.52,3.35,3.1,2.46,3.2,3.05,2.39,2.3,1.62,2.29,1.68,2.33,1.67,2.22,1.62,0.25,1.92,2,2526
I1,31/08/2025,19:45,Inter,Udinese,1,2,A,1,2,16,10,4,5,13,2,1,3,0,0,1.32,5.63,9.47,1.28,5.85,11.34,1.31,6.2,13,1.3,6,12,1.27,5.73,10.31,1.62,2.3,1.56,2.49,1.6,2.5,1.56,2.36,-1.5,1.81,2.08,2526
I1,31/08/2025,19:45,Lazio,Verona,4,0,H,3,0,22,12,6,4,8,1,0,0,0,0,1.48,4.47,7.12,1.6,3.84,6.84,1.62,4,7,1.6,4,6.5,1.55,3.88,6.31,1.93,1.93,2.18,1.74,2.2,1.75,2.1,1.7,-1,2.07,1.86,2526
I1,13/09/2025,14:00,Cagliari,Parma,2,0,H,1,0,12,17,5,5,4,5,3,1,0,0,2.2,3.24,3.7,2.3,3.14,3.58,2.42,3.15,3.7,2.3,3.2,3.6,2.26,3.11,3.39,2.2,1.67,2.34,1.64,2.25,1.73,2.14,1.67,-0.25,1.95,1.95,2526
I1,13/09/2025,17:00,Juventus,Inter,4,3,H,2,1,12,18,4,4,5,9,2,1,0,0,2.84,3.07,2.82,2.85,3.03,2.88,2.86,3.1,3,2.88,3.1,2.85,2.75,2.99,2.75,2.2,1.67,2.32,1.68,2.3,1.67,2.21,1.64,0,1.95,1.97,2526
I1,13/09/2025,19:45,Fiorentina,Napoli,1,3,A,0,2,19,14,3,9,8,5,0,0,0,0,3.56,3.17,2.29,4.42,3.21,2.03,4.4,3.3,2.1,4.33,3.4,2.05,4.03,3.26,1.99,2.38,1.57,2.47,1.58,2.3,1.67,2.21,1.63,0.5,1.88,2.04,2526
I1,14/09/2025,11:30,Roma,Torino,0,1,A,0,0,22,8,5,4,7,4,2,3,0,0,1.52,4.24,6.88,1.51,4.2,7.6,1.56,4.2,8.2,1.55,4.2,7.5,1.51,4.06,6.58,2.05,1.8,2.01,1.9,2.1,1.83,1.97,1.8,-1,1.88,2.05,2526
I1,14/09/2025,14:00,Atalanta,Lecce,4,1,H,1,0,19,12,8,3,8,2,0,0,0,0,1.41,5.07,7.5,1.39,4.8,9.18,1.41,5,10,1.42,4.8,9.5,1.38,4.67,8.63,1.8,2,1.85,2.07,1.84,2.06,1.77,2.01,-1.25,1.88,2.05,2526
I1,14/09/2025,14:00,Pisa,Udinese,0,1,A,0,1,12,13,2,3,8,6,1,2,0,0,2.85,3.11,2.77,3.02,3,2.76,3.05,3.05,2.82,2.95,3.1,2.75,2.84,2.98,2.69,2.3,1.62,2.51,1.56,2.5,1.58,2.43,1.53,0,2.06,1.88,2526
I1,14/09/2025,17:00,Sassuolo,Lazio,1,0,H,0,0,10,13,3,3,3,7,6,3,0,0,3.69,3.5,2.1,3.94,3.45,2.06,4.5,3.6,1.97,4.33,3.6,1.95,4.06,3.49,1.9,1.9,1.95,1.98,1.93,2.03,1.93,1.92,1.85,0.5,1.86,2.07,2526
I1,14/09/2025,19:45,Milan,Bologna,1,0,H,0,0,14,5,3,0,7,4,3,2,0,0,1.91,3.52,4.42,1.86,3.53,4.78,1.83,3.7,5.3,1.83,3.65,5,1.77,3.53,4.73,2,1.85,2.11,1.79,2.1,1.79,2.02,1.76,-0.75,2.14,1.79,2526
I1,15/09/2025,17:30,Verona,Cremonese,0,0,D,0,0,20,6,9,2,10,1,2,1,0,0,2.48,3.13,3.23,3.01,3.03,2.74,2.86,3,3.1,2.75,3.1,3,2.66,2.97,2.88,2.3,1.62,2.53,1.55,2.4,1.62,2.34,1.57,0,2.06,1.87,2526
I1,15/09/2025,19:45,Como,Genoa,1,1,D,1,0,13,13,4,6,0,8,2,2,1,0,1.67,3.75,5.86,1.66,3.8,5.9,1.76,3.75,6,1.72,3.6,5.66,1.69,3.55,5.36,2.1,1.73,2.2,1.74,2.25,1.67,2.17,1.66,-0.75,1.87,2.06,2526
I1,19/09/2025,19:45,Lecce,Cagliari,1,2,A,1,1,11,15,5,6,4,7,2,3,0,0,2.91,2.96,2.85,2.95,2.99,2.82,3.1,3,2.9,3,3,2.8,2.84,2.9,2.74,2.5,1.53,2.51,1.56,2.7,1.55,2.52,1.5,0,2.01,1.92,2526
I1,20/09/2025,14:00,Bologna,Genoa,2,1,H,0,0,14,7,6,4,8,2,1,5,0,0,1.87,3.37,4.93,1.91,3.26,4.99,2.14,3.05,4.7,2.15,3.1,4.75,2.04,3.01,4.25,2.5,1.53,2.55,1.55,2.75,1.54,2.6,1.47,-0.5,1.93,2,2526
I1,20/09/2025,17:00,Verona,Juventus,1,1,D,1,1,14,10,4,4,5,3,3,3,0,0,6.7,3.98,1.57,7.23,4.01,1.55,7.8,4.1,1.58,7,4.2,1.55,6.62,3.98,1.52,2.2,1.67,2.13,1.78,2.1,1.85,1.99,1.78,1,1.96,1.96,2526
I1,20/09/2025,19:45,Udinese,Milan,0,3,A,0,1,10,13,4,6,1,4,2,0,0,0,4.47,3.63,1.86,5.45,4.04,1.66,5.6,4.2,1.7,5.25,4.1,1.67,5.12,3.92,1.64,2.1,1.73,1.76,2.15,1.8,2.15,1.75,2.03,0.75,2.08,1.85,2526
I1,21/09/2025,11:30,Lazio,Roma,0,1,A,0,1,10,13,2,6,3,6,1,1,2,0,2.96,3.12,2.67,2.86,3,2.91,2.96,3.1,2.92,3.1,3.1,2.88,2.8,2.97,2.73,2.3,1.62,2.4,1.62,2.3,1.63,2.26,1.6,0,1.94,1.98,2526
I1,21/09/2025,14:00,Cremonese,Parma,0,0,D,0,0,3,15,1,3,3,3,1,0,0,0,2.6,3.2,2.98,2.85,3.07,2.85,3.15,3.25,2.64,3.15,3.3,2.6,2.93,3.15,2.51,2.2,1.67,2.14,1.76,2.15,1.83,2.06,1.73,0,1.96,1.96,2526
I1,21/09/2025,14:00,Torino,Atalanta,0,3,A,0,3,11,9,5,5,1,0,0,0,0,0,3.38,3.36,2.27,3.5,3.33,2.26,4.2,3.35,2.1,4.2,3.35,2.25,3.74,3.25,2.06,2.2,1.67,2.18,1.75,2.1,1.86,1.99,1.78,0.5,1.71,2.26,2526
I1,21/09/2025,17:00,Fiorentina,Como,1,2,A,1,0,8,19,1,7,2,6,4,3,0,0,2.64,3.28,2.87,2.7,3.26,2.86,2.74,3.4,2.9,2.7,3.35,2.87,2.57,3.24,2.76,2.1,1.73,2.06,1.86,2.05,1.88,1.98,1.79,0,1.91,2.02,2526
I1,21/09/2025,19:45,Inter,Sassuolo,2,1,H,1,0,20,9,6,5,7,3,2,1,0,0,1.3,5.67,10.37,1.32,5.63,10.01,1.33,5.9,11.5,1.33,5.75,10,1.3,5.5,9.3,1.57,2.38,1.5,2.58,1.53,2.6,1.49,2.52,-1.5,1.92,2.01,2526
I1,22/09/2025,19:45,Napoli,Pisa,3,2,H,1,0,18,15,6,6,5,3,1,2,0,0,1.26,6.13,12.94,1.3,5.35,12.55,1.33,5.7,13,1.33,5.33,12,1.3,5.05,11.17,1.83,2.03,2.03,1.88,2,1.91,1.91,1.85,-1.5,2.05,1.88,2526
I1,27/09/2025,14:00,Como,Cremonese,1,1,D,1,0,14,9,6,2,4,3,3,4,1,0,1.47,4.63,7.03,1.45,4.57,7.88,1.47,4.8,8.6,1.45,4.75,8.5,1.41,4.53,7.86,1.88,1.98,1.85,2.06,1.87,2,1.81,1.96,-1.25,2.03,1.9,2526
I1,27/09/2025,17:00,Juventus,Atalanta,1,1,D,0,1,24,12,10,2,14,5,0,3,0,1,1.88,3.71,4.28,1.98,3.38,4.38,1.99,3.6,4.4,2,3.5,4.33,1.93,3.42,4.01,2.03,1.83,2.09,1.83,2.05,1.83,1.97,1.8,-0.5,1.99,1.93,2526
I1,27/09/2025,19:45,Cagliari,Inter,0,2,A,0,1,6,20,0,5,4,4,0,2,0,0,5.98,4.42,1.55,6.57,4.28,1.54,7.4,4.4,1.56,7,4.33,1.54,6.44,4.19,1.5,1.8,2,1.91,2,1.91,2,1.85,1.9,1,1.99,1.93,2526
I1,28/09/2025,11:30,Sassuolo,Udinese,3,1,H,2,0,11,12,5,5,1,5,0,3,0,0,2.37,3.33,3.22,2.38,3.26,3.26,2.5,3.2,3.4,2.4,3.2,3.3,2.36,3.13,3.17,2.1,1.73,2.19,1.73,2.22,1.73,2.11,1.69,-0.25,2.04,1.87,2526
I1,28/09/2025,14:00,Pisa,Fiorentina,0,0,D,0,0,11,14,1,2,4,6,0,1,0,0,3.47,3.33,2.25,3.73,3.22,2.22,3.75,3.35,2.26,3.6,3.4,2.2,3.47,3.22,2.17,2.2,1.67,2.31,1.68,2.3,1.75,2.13,1.68,0.25,2.03,1.9,2526
I1,28/09/2025,14:00,Roma,Verona,2,0,H,1,0,10,12,5,3,8,1,0,4,0,0,1.47,4.41,7.5,1.44,4.39,8.83,1.45,4.8,9.6,1.44,4.5,8.5,1.41,4.34,8.28,2.1,1.73,2.09,1.81,2.05,1.85,1.99,1.78,-1.25,2.06,1.87,2526
I1,28/09/2025,17:00,Lecce,Bologna,2,2,D,1,1,12,14,4,5,3,9,4,2,0,0,4.17,3.19,2.08,4.95,3.36,1.88,6,3.8,1.74,6,3.6,1.8,5.34,3.47,1.71,2.5,1.53,2.41,1.61,2.4,1.62,2.28,1.59,0.75,1.76,2.2,2526
I1,28/09/2025,19:45,Milan,Napoli,2,1,H,2,0,6,19,3,7,1,7,1,0,1,0,2.34,3.3,3.3,1.92,3.6,4.36,1.95,3.75,4.5,2.05,3.5,4.33,1.91,3.41,4.11,2.1,1.73,2.09,1.8,2.1,1.8,2.03,1.76,-0.5,1.93,2,2526
I1,29/09/2025,17:30,Parma,Torino,2,1,H,1,0,13,15,2,4,4,3,3,3,0,0,2.34,3.19,3.42,2.51,3.06,3.32,2.7,3.15,3.15,2.6,3,3.25,2.52,2.96,3.05,2.2,1.67,2.36,1.65,2.5,1.62,2.33,1.57,-0.25,2.12,1.83,2526
I1,29/09/2025,19:45,Genoa,Lazio,0,3,A,0,2,17,10,5,6,6,0,5,1,0,0,3.02,3.12,2.63,3.12,3.06,2.63,3.05,3.05,2.88,3,3,2.8,2.88,2.93,2.68,2.3,1.62,2.58,1.55,2.63,1.55,2.51,1.5,0,2.15,1.81,2526
I1,03/10/2025,19:45,Verona,Sassuolo,0,1,A,0,0,17,11,9,3,4,2,2,2,0,0,2.68,3.15,2.92,2.52,3.09,3.26,2.4,3.25,3.6,2.45,3.2,3.4,2.34,3.07,3.24,2.3,1.62,2.36,1.65,2.3,1.65,2.26,1.61,-0.25,2.13,1.82,2526
I1,04/10/2025,14:00,Lazio,Torino,3,3,D,2,1,9,16,4,8,3,5,3,3,0,0,1.72,3.53,5.74,1.98,3.25,4.6,2.1,3.35,4.4,2.1,3.4,4.33,1.99,3.22,3.99,2.1,1.73,2.16,1.76,2.14,1.75,2.09,1.7,-0.5,1.99,1.93,2526
I1,04/10/2025,14:00,Parma,Lecce,0,1,A,0,1,10,7,2,3,4,9,1,2,0,0,1.85,3.68,4.45,1.93,3.43,4.55,1.96,3.6,4.6,1.91,3.5,4.5,1.88,3.38,4.28,2.2,1.67,2.32,1.65,2.3,1.67,2.21,1.64,-0.5,1.94,1.98,2526
I1,04/10/2025,17:00,Inter,Cremonese,4,1,H,2,0,27,3,9,2,13,1,1,1,0,0,1.21,7.35,12.7,1.19,7.35,16.71,1.19,8.6,23,1.18,7.5,21,1.16,7.08,17.41,1.5,2.63,1.55,2.51,1.58,2.48,1.54,2.4,-2,1.99,1.91,2526
I1,04/10/2025,19:45,Atalanta,Como,1,1,D,1,1,16,12,4,4,8,3,1,3,0,0,2.27,3.4,3.35,2.29,3.42,3.35,2.3,3.45,3.6,2.25,3.4,3.6,2.17,3.32,3.34,1.73,2.1,1.85,2.07,1.85,2.1,1.78,2,-0.25,1.97,1.95,2526
I1,05/10/2025,11:30,Udinese,Cagliari,1,1,D,0,1,23,8,4,2,7,2,1,2,0,0,2.19,3.16,3.83,2.18,3.24,3.84,2.2,3.25,4.1,2.15,3.25,4.1,2.11,3.13,3.73,2.3,1.62,2.23,1.71,2.3,1.7,2.21,1.64,-0.5,2.18,1.77,2526
I1,05/10/2025,14:00,Bologna,Pisa,4,0,H,3,0,24,2,7,0,2,2,0,1,0,1,1.63,3.83,6.17,1.68,3.71,5.93,1.73,3.85,6,1.7,3.8,5.75,1.66,3.63,5.51,2.2,1.67,2.27,1.69,2.25,1.67,2.19,1.64,-0.75,1.9,2.03,2526
I1,05/10/2025,14:00,Fiorentina,Roma,1,2,A,1,2,11,8,3,3,3,4,2,3,0,0,3.07,3.26,2.5,3.23,3.16,2.49,3.3,3.2,2.56,3.1,3.2,2.5,3.03,3.11,2.44,2,1.8,2.31,1.68,2.22,1.67,2.16,1.66,0,2.25,1.72,2526
I1,05/10/2025,17:00,Napoli,Genoa,2,1,H,0,1,12,6,5,1,7,5,1,3,0,0,1.5,4.04,8.09,1.49,3.93,8.89,1.48,4.3,10.5,1.48,4.2,9,1.46,3.98,8.2,2.2,1.67,2.33,1.66,2.3,1.65,2.23,1.62,-1,1.9,2.03,2526
I1,05/10/2025,19:45,Juventus,Milan,0,0,D,0,0,12,13,3,4,6,0,2,2,0,0,2.78,3.21,2.76,2.83,3.19,2.78,2.9,3.1,2.96,2.8,3.1,2.8,2.74,3.01,2.73,2.1,1.73,2.09,1.81,2.1,1.78,2.05,1.73,0,1.98,1.94,2526
I1,18/10/2025,14:00,Lecce,Sassuolo,0,0,D,0,0,11,9,2,2,6,4,2,2,0,0,3.03,3.12,2.62,3.07,3.07,2.66,3,3.1,2.88,3.05,3.15,2.8,2.85,3.01,2.66,2.2,1.67,2.35,1.65,2.36,1.67,2.24,1.62,0,2.11,1.83,2526
I1,18/10/2025,14:00,Pisa,Verona,0,0,D,0,0,7,15,0,3,3,8,4,2,0,0,2.64,3.15,2.97,2.71,2.99,3.09,2.88,2.92,3.15,2.83,3,3,2.68,2.88,2.94,2.38,1.57,2.55,1.55,2.75,1.5,2.56,1.48,0,1.83,2.1,2526
I1,18/10/2025,17:00,Torino,Napoli,1,0,H,1,0,12,22,2,5,3,11,1,2,0,0,5.69,3.25,1.81,5.32,3.33,1.83,5.6,3.4,1.88,5.4,3.4,1.85,5.02,3.23,1.81,2.2,1.67,2.38,1.63,2.48,1.62,2.32,1.58,0.5,2.09,1.85,2526
I1,18/10/2025,19:45,Roma,Inter,0,1,A,0,1,15,12,5,3,4,5,4,3,0,0,3.45,3.22,2.31,3.67,3.35,2.19,3.8,3.4,2.24,3.6,3.3,2.2,3.51,3.22,2.15,2.1,1.73,2.14,1.78,2.1,1.78,2.03,1.75,0.25,2.05,1.88,2526
I1,19/10/2025,11:30,Como,Juventus,2,0,H,1,0,12,15,6,3,4,1,3,1,0,0,3.01,3.25,2.54,3.18,3.2,2.46,3.45,3.3,2.42,3.6,3.3,2.4,3.17,3.17,2.33,2.1,1.73,2.22,1.71,2.1,1.78,2.06,1.73,0.25,1.82,2.1,2526
I1,19/10/2025,14:00,Cagliari,Bologna,0,2,A,0,1,4,10,3,7,2,7,1,3,0,0,3.72,3.27,2.18,4.08,3.2,2.12,4.2,3.35,2.14,4,3.3,2.1,3.82,3.19,2.06,2.3,1.62,2.28,1.68,2.25,1.67,2.2,1.63,0.5,1.81,2.13,2526
I1,19/10/2025,14:00,Genoa,Parma,0,0,D,0,0,23,1,7,0,3,0,2,5,0,1,2.14,3.15,4.03,2.3,2.95,3.94,2.38,2.96,4.1,2.3,3,3.85,2.23,2.9,3.72,2.5,1.53,2.79,1.47,2.75,1.5,2.62,1.46,-0.25,1.93,1.99,2526
I1,19/10/2025,17:00,Atalanta,Lazio,0,0,D,0,0,16,4,6,1,7,1,4,0,0,0,1.71,4.2,4.67,1.79,3.75,4.84,1.91,3.75,4.7,1.85,3.75,4.4,1.82,3.67,4.21,1.8,2,1.95,1.95,1.83,2.05,1.79,1.98,-0.5,1.79,2.15,2526
I1,19/10/2025,19:45,Milan,Fiorentina,2,1,H,0,0,14,5,4,1,1,3,3,3,0,0,1.56,4.33,6.09,1.76,3.64,5.21,1.75,3.75,5.9,1.73,3.7,5.5,1.68,3.63,5.27,1.88,1.98,2.09,1.83,2.1,1.75,2.06,1.73,-0.75,2.01,1.91,2526
I1,20/10/2025,19:45,Cremonese,Udinese,1,1,D,1,0,11,8,4,1,5,4,4,2,0,0,3.08,3.23,2.51,3.51,3.18,2.34,3.4,3.2,2.52,3.25,3.2,2.45,3.15,3.07,2.4,2.2,1.67,2.34,1.65,2.3,1.65,2.22,1.62,0.25,1.93,1.99,2526
I1,24/10/2025,19:45,Milan,Pisa,2,2,D,1,0,20,8,7,2,6,2,1,3,0,0,1.3,5.66,10.97,1.31,5.5,11.5,1.34,5.7,12,1.34,5.5,11,1.31,5.14,9.72,1.8,2.05,1.81,2.08,1.83,2.1,1.77,2,-1.5,2.08,1.85,2526
I1,25/10/2025,14:00,Parma,Como,0,0,D,0,0,10,6,3,2,3,3,0,1,0,0,4.06,3.53,1.98,4.6,3.23,1.99,4.5,3.3,2.06,4.5,3.3,2.05,4.23,3.19,1.96,2.05,1.75,2.44,1.6,2.38,1.65,2.27,1.6,0.5,1.93,2,2526
I1,25/10/2025,14:00,Udinese,Lecce,3,2,H,2,0,8,13,4,3,4,9,2,2,0,0,1.86,3.42,4.86,2.01,3.18,4.58,2.06,3.25,4.6,2.05,3.25,4.6,1.96,3.14,4.33,2.2,1.67,2.36,1.64,2.32,1.63,2.27,1.6,-0.5,2.02,1.9,2526
I1,25/10/2025,17:00,Napoli,Inter,3,1,H,1,0,7,15,3,3,1,4,2,1,0,0,3.02,3.15,2.6,3.69,3.24,2.23,3.85,3.3,2.24,3.75,3.25,2.28,3.48,3.16,2.19,2.1,1.73,2,1.91,2.05,1.91,1.95,1.82,0.25,2.02,1.91,2526
I1,25/10/2025,19:45,Cremonese,Atalanta,1,1,D,0,0,9,20,5,6,2,10,3,1,0,0,5.41,4.18,1.63,6.67,4.5,1.51,7.4,5,1.5,7.9,4.8,1.48,6.93,4.55,1.44,1.88,1.98,1.71,2.24,1.65,2.4,1.59,2.28,1.25,1.8,2.12,2526
I1,26/10/2025,11:30,Torino,Genoa,2,1,H,0,1,13,11,6,3,9,1,2,2,0,0,2.35,2.96,3.71,2.57,2.82,3.52,2.62,2.84,3.7,2.5,3,3.35,2.47,2.87,3.25,2.75,1.44,2.91,1.44,2.8,1.45,2.7,1.43,-0.25,2.14,1.81,2526
I1,26/10/2025,14:00,Sassuolo,Roma,0,1,A,0,1,11,15,1,8,6,6,3,2,0,0,4.5,3.56,1.88,4.47,3.42,1.94,4.8,3.55,1.95,4.6,3.4,1.95,4.31,3.35,1.9,2.1,1.73,2.29,1.68,2.22,1.67,2.17,1.65,0.5,1.97,1.95,2526
I1,26/10/2025,14:00,Verona,Cagliari,2,2,D,1,0,10,7,6,3,3,2,3,4,0,0,2.24,3.1,3.76,1.98,3.17,4.77,2.02,3.25,4.8,2,3.2,4.6,1.96,3.15,4.31,2.5,1.53,2.44,1.59,2.45,1.6,2.39,1.54,-0.5,1.99,1.93,2526
I1,26/10/2025,17:00,Fiorentina,Bologna,2,2,D,0,1,19,6,7,3,5,6,3,5,0,1,2.72,3.18,2.85,2.91,2.92,2.94,2.94,2.98,3.05,2.83,3,2.9,2.76,2.9,2.82,2.2,1.67,2.68,1.52,2.63,1.53,2.48,1.51,0,1.95,1.97,2526
I1,26/10/2025,19:45,Lazio,Juventus,1,0,H,1,0,13,14,3,5,2,5,2,4,0,0,3.42,3.12,2.38,3.68,3.23,2.24,3.85,3.2,2.3,3.65,3.2,2.25,3.49,3.12,2.21,2.2,1.67,2.26,1.69,2.2,1.7,2.17,1.65,0.25,2.01,1.91,2526
I1,28/10/2025,17:30,Lecce,Napoli,0,1,A,0,0,7,14,2,3,3,5,2,1,0,0,7.2,3.94,1.56,6.82,3.86,1.59,7,3.85,1.65,6.5,3.8,1.63,6.05,3.67,1.6,2.2,1.67,2.28,1.69,2.28,1.67,2.22,1.62,1,1.85,2.09,2526
I1,28/10/2025,19:45,Atalanta,Milan,1,1,D,1,1,17,6,3,1,9,4,1,3,0,0,2.71,3.3,2.81,2.66,3.25,2.91,2.66,3.35,3,2.6,3.3,2.9,2.54,3.23,2.79,2,1.85,2,1.91,1.98,1.91,1.9,1.87,0,1.88,2.05,2526
I1,29/10/2025,17:30,Como,Verona,3,1,H,1,1,15,13,5,9,1,3,1,4,0,0,1.66,3.59,6.37,1.59,3.8,6.96,1.62,3.95,7.4,1.6,3.8,7,1.56,3.75,6.5,2.1,1.73,2.06,1.85,2.25,1.83,2.05,1.74,-1,2.06,1.87,2526
I1,29/10/2025,17:30,Juventus,Udinese,3,1,H,1,1,25,8,11,2,8,4,1,4,0,0,1.47,4.5,7.44,1.47,4.5,7.58,1.5,4.6,8.2,1.48,4.6,8,1.44,4.42,7.13,1.98,1.88,1.78,2.13,1.85,2.05,1.78,1.99,-1.25,2.1,1.84,2526
I1,29/10/2025,17:30,Roma,Parma,2,1,H,0,0,18,8,6,5,9,2,0,3,0,0,1.54,4.08,6.92,1.5,4.1,7.96,1.5,4.3,9.4,1.48,4.35,9,1.45,4.07,8.01,2.1,1.73,2.18,1.75,2.15,1.77,2.07,1.72,-1,1.87,2.06,2526
I1,29/10/2025,19:45,Bologna,Torino,0,0,D,0,0,11,8,2,2,3,3,2,3,0,0,1.81,3.46,5.16,1.82,3.42,5.23,1.85,3.45,5.7,1.81,3.5,5.33,1.77,3.38,4.99,2.2,1.67,2.25,1.7,2.25,1.68,2.19,1.65,-0.5,1.82,2.1,2526
I1,29/10/2025,19:45,Genoa,Cremonese,0,2,A,0,1,16,12,1,4,7,3,3,1,0,0,1.87,3.3,5.08,1.79,3.52,5.31,1.84,3.6,5.5,1.8,3.5,5.33,1.74,3.43,5.15,2.5,1.53,2.28,1.68,2.3,1.67,2.23,1.63,-0.75,2.05,1.88,2526
I1,29/10/2025,19:45,Inter,Fiorentina,3,0,H,0,0,22,10,8,2,8,5,1,2,0,1,1.41,5.02,7.67,1.37,5.24,8.76,1.42,5.3,9.2,1.37,5.33,9.2,1.35,5.13,8.33,1.73,2.1,1.57,2.47,1.58,2.5,1.55,2.37,-1.5,2.05,1.88,2526
I1,30/10/2025,17:30,Cagliari,Sassuolo,1,2,A,0,0,8,12,1,4,6,7,4,4,0,0,2.66,3.19,2.91,2.62,3.1,3.09,2.78,3.2,3.05,2.7,3.1,2.95,2.61,3.04,2.87,2.2,1.67,2.38,1.64,2.3,1.67,2.21,1.63,0,1.81,2.14,2526
I1,30/10/2025,19:45,Pisa,Lazio,0,0,D,0,0,10,11,2,6,3,1,2,2,0,0,3.78,3.24,2.17,3.86,3.18,2.2,4.1,3.3,2.2,4,3.2,2.15,3.83,3.1,2.11,2.2,1.67,2.37,1.65,2.4,1.6,2.32,1.58,0.25,2.06,1.87,2526
I1,01/11/2025,14:00,Udinese,Atalanta,1,0,H,1,0,11,5,5,0,5,4,1,3,0,0,4.45,3.87,1.81,5.15,3.89,1.72,5.4,3.95,1.77,5.1,3.8,1.75,4.83,3.73,1.71,1.85,2,1.72,2.22,1.85,2.06,1.78,1.99,0.75,1.99,1.93,2526
I1,01/11/2025,17:00,Napoli,Como,0,0,D,0,0,13,13,8,2,4,2,3,2,0,0,2,3.1,4.71,1.94,3.3,4.7,1.99,3.35,5,1.95,3.3,4.7,1.91,3.24,4.37,2.2,1.67,2.14,1.78,2.1,1.75,2.08,1.72,-0.5,1.95,1.97,2526
I1,01/11/2025,19:45,Cremonese,Juventus,1,2,A,0,1,9,15,2,5,2,3,1,0,0,0,6.84,4.32,1.52,7.03,4.27,1.52,7.6,4.6,1.52,7,4.4,1.52,6.59,4.22,1.49,1.98,1.88,1.87,2.05,1.85,2.05,1.78,1.99,1,2.06,1.87,2526
I1,02/11/2025,11:30,Verona,Inter,1,2,A,1,1,8,21,2,6,4,8,2,1,0,0,7.61,5.11,1.41,9.75,5.15,1.36,11,5.2,1.38,9,5,1.4,8.36,4.87,1.36,1.8,2,1.81,2.09,1.8,2.1,1.77,2.01,1.25,2.03,1.9,2526
I1,02/11/2025,14:00,Fiorentina,Lecce,0,1,A,0,1,15,11,4,4,4,4,4,1,0,0,1.66,3.85,5.74,1.74,3.55,5.75,1.73,3.8,6,1.7,3.7,5.66,1.69,3.55,5.41,2.2,1.67,2.26,1.7,2.2,1.73,2.13,1.68,-0.75,1.98,1.93,2526
I1,02/11/2025,14:00,Torino,Pisa,2,2,D,2,2,15,11,3,3,4,2,2,1,0,0,2.01,3.32,4.26,1.83,3.33,5.5,1.89,3.4,5.6,1.88,3.4,5.33,1.82,3.29,4.89,2.3,1.62,2.47,1.58,2.4,1.6,2.33,1.57,-0.5,1.83,2.11,2526
I1,02/11/2025,17:00,Parma,Bologna,1,3,A,1,1,7,22,1,6,1,5,3,2,1,0,4.24,3.05,2.13,5.05,3.1,1.96,5.1,3.2,2.02,5,3.15,2,4.64,3.03,1.94,2.5,1.53,2.64,1.52,2.63,1.5,2.54,1.49,0.5,1.95,1.97,2526
I1,02/11/2025,19:45,Milan,Roma,1,0,H,1,0,17,20,8,6,7,8,1,5,0,0,2.16,3.21,3.87,2.42,2.98,3.6,2.44,3.05,3.8,2.38,3,3.5,2.34,2.95,3.42,2.2,1.67,2.57,1.55,2.55,1.67,2.41,1.54,-0.25,2.03,1.89,2526
I1,03/11/2025,17:30,Sassuolo,Genoa,1,2,A,0,1,13,16,4,5,3,7,1,3,0,0,2.45,3.1,3.3,2.54,2.95,3.4,2.58,2.98,3.55,2.6,3,3.5,2.45,2.9,3.26,2.5,1.53,2.84,1.46,2.75,1.48,2.66,1.45,-0.25,2.13,1.82,2526
I1,03/11/2025,19:45,Lazio,Cagliari,2,0,H,0,0,8,17,3,5,7,5,0,2,0,0,1.58,4.15,6.08,1.67,3.85,5.84,1.71,3.9,6,1.67,3.75,6.1,1.62,3.69,5.83,1.98,1.88,2.2,1.74,2.14,1.73,2.07,1.72,-0.75,1.88,2.06,2526
I1,07/11/2025,19:45,Pisa,Cremonese,1,0,H,0,0,14,13,6,3,4,5,4,2,0,0,2.34,3.05,3.68,2.39,3.02,3.6,2.42,3.05,3.75,2.38,3.1,3.6,2.3,2.98,3.45,2.38,1.57,2.52,1.56,2.5,1.55,2.43,1.53,-0.25,2.01,1.91,2526
I1,08/11/2025,14:00,Como,Cagliari,0,0,D,0,0,10,4,6,2,10,0,3,1,0,0,1.5,4.51,6.65,1.54,4.1,7.25,1.6,4.2,7.2,1.57,4,7,1.54,3.95,6.37,1.9,1.95,2.04,1.87,2.03,1.83,1.96,1.81,-1,2,1.93,2526
I1,08/11/2025,14:00,Lecce,Verona,0,0,D,0,0,11,5,6,2,7,2,1,4,0,0,2.83,2.88,3.02,2.83,2.75,3.22,2.92,2.84,3.25,2.8,2.88,3.14,2.75,2.75,2.99,2.63,1.5,2.91,1.44,3,1.45,2.78,1.41,0,1.84,2.1,2526
I1,08/11/2025,17:00,Juventus,Torino,0,0,D,0,0,22,8,6,3,6,2,0,1,0,0,1.51,4.16,7.34,1.5,4.23,7.6,1.54,4.4,7.8,1.52,4.2,7,1.49,4.04,6.88,2.05,1.8,1.94,1.96,1.93,1.93,1.91,1.86,-1,1.87,2.06,2526
I1,08/11/2025,19:45,Parma,Milan,2,2,D,1,2,14,10,4,5,4,3,1,1,0,0,6.27,3.93,1.6,7.05,4.14,1.53,7.6,4.3,1.55,7.5,4.2,1.53,6.93,3.99,1.5,2.1,1.73,2.06,1.85,2.05,1.82,1.98,1.79,1,1.98,1.94,2526
I1,09/11/2025,11:30,Atalanta,Sassuolo,0,3,A,0,1,14,8,2,4,4,1,0,2,0,0,1.44,4.89,7.09,1.5,4.5,7.05,1.54,4.6,7.4,1.5,4.6,7.5,1.47,4.44,6.58,1.67,2.2,1.72,2.2,1.71,2.22,1.67,2.14,-1.25,2.12,1.79,2526
I1,09/11/2025,14:00,Bologna,Napoli,2,0,H,0,0,11,4,4,1,5,4,1,3,0,0,3.08,3.07,2.61,3.06,2.99,2.73,3.1,3.05,2.84,3,3.05,2.75,2.89,2.93,2.68,2.5,1.53,2.7,1.5,2.63,1.5,2.53,1.49,0,2.08,1.85,2526
I1,09/11/2025,14:00,Genoa,Fiorentina,2,2,D,1,1,10,7,6,3,3,7,2,3,0,0,2.84,3.01,2.87,3.05,2.9,2.83,3.15,2.96,2.9,3.1,2.88,2.85,2.92,2.82,2.76,2.5,1.53,2.97,1.41,3,1.45,2.78,1.41,0,2.04,1.89,2526
I1,09/11/2025,17:00,Roma,Udinese,2,0,H,1,0,13,10,4,4,3,4,2,1,0,0,1.57,4.08,6.47,1.54,4.01,7.34,1.56,4.1,8,1.55,4.1,7.5,1.52,3.96,6.68,2.03,1.83,2.15,1.76,2.1,1.85,2.03,1.75,-1,1.95,1.97,2526
I1,09/11/2025,19:45,Inter,Lazio,2,0,H,1,0,8,8,3,5,3,1,3,1,0,0,1.36,5.69,7.78,1.32,5.54,10.43,1.35,5.7,11.5,1.33,5.33,11,1.3,5.21,9.88,1.67,2.2,1.79,2.12,1.8,2.18,1.73,2.05,-1.5,1.95,1.97,2526
I1,22/11/2025,14:00,Cagliari,Genoa,3,3,D,2,2,11,13,5,8,6,2,4,3,0,1,2.98,2.92,2.81,3.19,2.81,2.8,3.25,2.86,2.88,3.33,2.9,2.8,3.14,2.73,2.66,2.75,1.44,3.05,1.39,3.2,1.4,3.04,1.36,0,2.1,1.84,2526
I1,22/11/2025,14:00,Udinese,Bologna,0,3,A,0,0,12,10,3,5,7,2,0,1,0,0,3.91,3.16,2.16,3.08,3.1,2.63,3.15,3.15,2.7,3.05,3.1,2.6,2.99,3.02,2.54,2.3,1.62,2.51,1.56,2.5,1.55,2.45,1.52,0,2.13,1.82,2526
I1,22/11/2025,17:00,Fiorentina,Juventus,1,1,D,0,1,11,17,2,4,7,3,2,3,0,0,3.94,3.47,2.03,4.06,3.38,2.05,4.2,3.4,2.12,4,3.4,2.1,3.81,3.28,2.03,2.1,1.73,2.22,1.73,2.2,1.73,2.13,1.68,0.5,1.87,2.06,2526
I1,22/11/2025,19:45,Napoli,Atalanta,3,1,H,3,0,11,14,6,3,5,3,1,2,0,0,2.27,3.22,3.54,2.44,3.11,3.38,2.48,3.1,3.6,2.4,3.15,3.4,2.31,3.08,3.29,2.1,1.73,2.29,1.69,2.22,1.7,2.15,1.67,-0.25,2.07,1.86,2526
I1,23/11/2025,11:30,Verona,Parma,1,2,A,0,1,10,15,2,7,4,4,4,3,0,0,2.3,3.13,3.59,2.23,2.99,4.07,2.3,3.05,4.2,2.25,3.1,3.9,2.19,3,3.71,2.5,1.53,2.47,1.58,2.4,1.6,2.37,1.55,-0.25,1.88,2.05,2526
I1,23/11/2025,14:00,Cremonese,Roma,1,3,A,0,1,9,12,4,6,3,5,2,2,0,0,5.79,3.9,1.65,5.78,3.49,1.74,6.2,3.7,1.75,5.8,3.6,1.75,5.41,3.5,1.69,2.1,1.73,2.28,1.68,2.25,1.68,2.17,1.66,0.75,1.93,1.99,2526
I1,23/11/2025,17:00,Lazio,Lecce,2,0,H,1,0,19,5,9,1,8,2,1,1,0,0,1.63,3.75,6.34,1.83,3.27,5.55,1.85,3.4,6,1.92,3.25,5.8,1.79,3.16,5.35,2.2,1.67,2.7,1.5,2.7,1.5,2.56,1.48,-0.5,1.84,2.1,2526
I1,23/11/2025,19:45,Inter,Milan,0,1,A,0,0,20,7,6,3,9,1,1,2,0,0,1.99,3.48,4.09,2.1,3.2,4.17,2.12,3.25,4.4,2.14,3.3,4.2,2.04,3.13,3.89,1.88,1.98,2.14,1.78,2.1,1.78,2.06,1.73,-0.5,2.11,1.83,2526
I1,24/11/2025,17:30,Torino,Como,1,5,A,1,1,10,15,2,7,3,4,0,1,0,0,3.52,3.24,2.27,3.74,3.18,2.24,4,3.15,2.26,3.6,3.15,2.3,3.52,3.1,2.22,2.3,1.62,2.46,1.58,2.5,1.6,2.37,1.55,0.25,2.02,1.91,2526
I1,24/11/2025,19:45,Sassuolo,Pisa,2,2,D,1,1,22,10,7,3,5,2,2,1,0,0,2.1,3.24,4.01,2.05,3.25,4.28,2.08,3.35,4.5,2.05,3.3,4.25,1.99,3.2,4.07,2.3,1.62,2.32,1.67,2.28,1.67,2.22,1.63,-0.5,2.06,1.87,2526
I1,28/11/2025,19:45,Como,Sassuolo,2,0,H,1,0,18,12,13,5,4,4,2,1,0,0,1.76,3.79,5.06,1.87,3.48,4.85,1.88,3.6,5.1,1.85,3.7,5,1.79,3.5,4.62,1.91,1.91,1.95,1.95,1.91,1.95,1.86,1.88,-0.5,1.88,2.06,2526
I1,29/11/2025,14:00,Genoa,Verona,2,1,H,1,1,15,13,4,5,2,3,1,3,0,0,2.08,3.08,4.38,2.09,2.84,5.06,2.1,2.96,5.3,2.05,3,4.75,2.02,2.88,4.5,2.75,1.44,3.05,1.4,3.2,1.44,2.86,1.39,-0.5,2.1,1.84,2526
I1,29/11/2025,14:00,Parma,Udinese,0,2,A,0,1,17,14,2,5,5,9,1,2,1,1,2.77,3.12,2.85,2.87,3.02,2.87,2.92,3.1,2.94,2.75,3.1,2.83,2.7,3.03,2.77,2.3,1.62,2.24,1.71,2.28,1.7,2.19,1.65,0,1.96,1.96,2526
I1,29/11/2025,17:00,Juventus,Cagliari,2,1,H,2,1,14,5,6,3,1,6,1,5,0,0,1.33,5.44,9.97,1.23,6.52,13.91,1.26,6.8,15.5,1.24,6.5,14,1.22,6.18,12.97,1.93,1.93,1.61,2.39,1.62,2.4,1.58,2.32,-1.75,1.89,2.01,2526
I1,29/11/2025,19:45,Milan,Lazio,1,0,H,0,0,16,9,4,4,1,4,3,3,0,0,1.63,4.03,5.67,1.7,3.73,5.64,1.74,3.8,6,1.7,3.75,5.8,1.66,3.67,5.38,2.1,1.73,2.13,1.78,2.1,1.78,2.05,1.73,-0.75,1.92,2.01,2526
I1,30/11/2025,11:30,Lecce,Torino,2,1,H,2,0,10,15,2,6,6,6,2,3,0,0,3.08,2.99,2.67,3.19,2.89,2.71,3.25,2.92,2.84,3.15,2.9,2.7,3.05,2.86,2.6,2.75,1.44,2.74,1.49,2.63,1.5,2.6,1.47,0,2.14,1.81,2526
I1,30/11/2025,14:00,Pisa,Inter,0,2,A,0,0,10,14,2,3,4,6,2,1,0,0,9.18,5.73,1.32,12.05,6.55,1.25,13.5,6.8,1.28,13,6.5,1.27,11.5,6,1.23,1.73,2.1,1.56,2.5,1.58,2.5,1.53,2.41,1.75,1.95,1.95,2526
I1,30/11/2025,17:00,Atalanta,Fiorentina,2,0,H,1,0,21,15,9,3,4,5,1,3,0,0,1.74,3.9,4.91,1.7,3.78,5.51,1.74,3.85,5.9,1.67,4,5.6,1.63,3.84,5.38,1.91,1.91,1.91,1.99,1.91,2,1.84,1.92,-0.75,1.91,2.02,2526
I1,30/11/2025,19:45,Roma,Napoli,0,1,A,0,1,8,8,2,5,4,2,4,3,0,0,2.7,2.92,3.12,2.86,2.8,3.12,2.92,2.82,3.3,2.8,2.8,3.1,2.72,2.75,3.03,2.5,1.53,2.91,1.44,3,1.46,2.73,1.43,0,1.88,2.05,2526
I1,01/12/2025,19:45,Bologna,Cremonese,1,3,A,1,2,29,10,7,5,13,8,0,2,0,0,1.47,4.36,7.83,1.54,4.13,6.96,1.57,4.3,7.4,1.55,4.2,7,1.51,4.06,6.58,2,1.8,1.91,2,1.92,2,1.83,1.93,-1,1.93,2,2526
I1,06/12/2025,14:00,Sassuolo,Fiorentina,3,1,H,2,1,13,9,5,1,7,1,2,3,0,0,3.04,3.26,2.51,2.91,3.2,2.7,3,3.2,2.74,2.88,3.25,2.7,2.79,3.14,2.61,2.1,1.73,2.14,1.78,2.1,1.78,2.07,1.72,0,2.04,1.89,2526
I1,06/12/2025,17:00,Inter,Como,4,0,H,1,0,11,15,7,3,7,4,1,2,0,0,1.53,4.43,6.34,1.56,4.3,6.18,1.59,4.3,7,1.57,4.33,6.4,1.54,4.2,5.76,1.8,2,1.7,2.24,1.73,2.2,1.68,2.13,-1,1.95,1.97,2526
I1,06/12/2025,19:45,Verona,Atalanta,3,1,H,2,0,12,12,7,5,5,5,2,1,0,0,5.3,4.18,1.64,6,3.77,1.66,6.2,3.9,1.71,6.1,3.8,1.7,5.49,3.68,1.65,1.93,1.93,2.01,1.89,1.96,1.91,1.91,1.85,0.75,2.06,1.87,2526
I1,07/12/2025,11:30,Cremonese,Lecce,2,0,H,0,0,11,9,4,1,5,5,1,2,0,0,2.49,3.05,3.3,2.35,3.09,3.58,2.4,3.15,3.7,2.38,3.1,3.4,2.35,3.02,3.28,2.5,1.53,2.36,1.64,2.38,1.67,2.27,1.6,-0.25,1.99,1.93,2526
I1,07/12/2025,14:00,Cagliari,Roma,1,0,H,0,0,15,6,8,2,4,1,2,1,0,1,5.5,3.76,1.7,6.4,3.5,1.7,6.6,3.65,1.73,6,3.66,1.67,5.86,3.54,1.64,2.2,1.67,2.36,1.64,2.38,1.64,2.24,1.61,0.75,2.01,1.92,2526
I1,07/12/2025,17:00,Lazio,Bologna,1,1,D,1,1,16,13,9,6,7,3,4,3,1,0,2.65,3.1,3.01,2.35,3.1,3.53,2.38,3.15,3.7,2.38,3.2,3.6,2.31,2.99,3.42,2.5,1.53,2.1,1.79,2.1,1.8,2.04,1.74,-0.25,2,1.93,2526
I1,07/12/2025,19:45,Napoli,Juventus,2,1,H,1,0,9,5,4,2,9,0,2,1,0,0,2.49,2.97,3.38,2.75,2.82,3.2,2.78,2.92,3.35,2.71,2.88,3.25,2.58,2.81,3.13,2.5,1.53,2.92,1.43,3,1.46,2.72,1.43,0,1.82,2.13,2526
I1,08/12/2025,14:00,Pisa,Parma,0,1,A,0,1,14,9,2,2,6,0,2,2,1,0,2.5,2.97,3.38,2.56,3.07,3.2,2.64,3.15,3.25,2.55,3.1,3.14,2.49,3.02,3.06,2.5,1.53,2.29,1.68,2.28,1.67,2.21,1.63,-0.25,2.17,1.79,2526
I1,08/12/2025,17:00,Udinese,Genoa,1,2,A,0,1,23,12,6,6,6,2,1,0,0,0,2.51,3,3.32,2.51,2.94,3.46,2.56,3,3.6,2.5,2.9,3.5,2.44,2.85,3.33,2.5,1.53,2.92,1.43,3,1.44,2.79,1.41,-0.25,2.1,1.83,2526
I1,08/12/2025,19:45,Torino,Milan,2,3,A,2,1,8,17,4,6,2,4,2,1,0,0,4.89,3.61,1.8,5.91,3.8,1.66,6,3.9,1.7,5.7,3.8,1.68,5.47,3.71,1.64,2,1.8,2.07,1.85,2.05,1.83,1.99,1.78,0.75,2.06,1.87,2526
I1,12/12/2025,19:45,Lecce,Pisa,1,0,H,0,0,21,5,3,0,12,1,2,1,0,0,2.54,2.9,3.45,2.61,2.86,3.39,2.66,2.98,3.4,2.54,2.88,3.45,2.46,2.81,3.32,2.75,1.44,2.9,1.44,3,1.45,2.77,1.42,-0.25,2.18,1.78,2526
I1,13/12/2025,14:00,Torino,Cremonese,1,0,H,1,0,18,10,6,3,6,6,1,2,0,0,2.01,3.2,4.43,2.08,3.44,3.89,2.06,3.55,4.2,2,3.5,4,1.99,3.36,3.84,2.2,1.67,2.06,1.86,2,1.91,1.93,1.83,-0.5,2.09,1.85,2526
I1,13/12/2025,17:00,Parma,Lazio,0,1,A,0,0,19,15,5,5,4,4,2,1,0,2,3.83,3.34,2.11,4,3.22,2.14,4.1,3.3,2.18,3.9,3.3,2.1,3.78,3.16,2.08,2.3,1.62,2.36,1.64,2.3,1.65,2.26,1.6,0.25,2.12,1.83,2526
I1,13/12/2025,19:45,Atalanta,Cagliari,2,1,H,1,0,17,8,8,1,5,4,1,2,0,0,1.35,5.48,8.72,1.35,5.28,9.55,1.38,5.4,10.5,1.35,5.33,9.5,1.33,5.07,9.09,1.73,2.1,1.78,2.14,1.8,2.2,1.7,2.1,-1.5,2.04,1.89,2526
I1,14/12/2025,11:30,Milan,Sassuolo,2,2,D,1,1,13,8,5,3,7,3,1,3,0,0,1.42,4.78,8.05,1.48,4.5,7.7,1.51,4.6,8,1.5,4.5,7.5,1.48,4.24,6.75,1.83,2.03,1.98,1.93,1.91,1.95,1.86,1.89,-1,1.84,2.1,2526
I1,14/12/2025,14:00,Fiorentina,Verona,1,2,A,0,1,20,13,4,3,9,4,1,5,0,0,1.81,3.62,4.83,2.03,3.2,4.47,2.06,3.3,4.7,2.05,3.4,4.33,1.98,3.18,4.15,2.2,1.67,2.46,1.6,2.45,1.65,2.3,1.58,-0.5,2.04,1.89,2526
I1,14/12/2025,14:00,Udinese,Napoli,1,0,H,0,0,18,7,5,0,1,3,1,0,0,0,4.6,3.55,1.86,4.84,3.37,1.9,5.1,3.4,1.95,4.75,3.4,1.91,4.47,3.29,1.87,2.3,1.62,2.38,1.63,2.38,1.62,2.29,1.59,0.5,2.02,1.91,2526
I1,14/12/2025,17:00,Genoa,Inter,1,2,A,0,2,5,18,3,8,1,6,2,3,0,0,6.67,4.38,1.52,7.52,4.37,1.49,8.6,4.4,1.51,7.5,4.33,1.55,7.15,4.11,1.47,2,1.8,2.01,1.9,2.05,1.86,1.96,1.79,1,2.1,1.84,2526
I1,14/12/2025,19:45,Bologna,Juventus,0,1,A,0,0,11,13,4,3,3,4,3,1,1,0,2.95,3.2,2.62,3.48,3.2,2.34,3.55,3.3,2.36,3.4,3.25,2.5,3.27,3.17,2.27,2.2,1.67,2.09,1.8,2.2,1.8,2.01,1.75,0.25,1.93,1.99,2526
I1,15/12/2025,19:45,Roma,Como,1,0,H,0,0,14,13,4,1,6,3,3,3,0,0,2.22,3.19,3.7,2.26,3.17,3.71,2.3,3.25,3.8,2.25,3.14,3.7,2.2,3.06,3.58,2.2,1.67,2.36,1.65,2.25,1.68,2.23,1.62,-0.25,1.92,2.01,2526
I1,20/12/2025,17:00,Lazio,Cremonese,0,0,D,0,0,8,9,2,2,3,0,4,3,0,1,1.66,3.74,6,1.56,4.02,7.02,1.58,4.2,7.6,1.57,4.1,7,1.54,3.92,6.47,2.1,1.73,2.07,1.85,2.05,1.83,1.97,1.79,-1,1.97,1.95,2526
I1,20/12/2025,19:45,Juventus,Roma,2,1,H,1,0,13,14,9,5,2,4,2,3,0,0,1.99,3.31,4.34,2.05,3.18,4.44,2.08,3.3,4.6,2.05,3.2,4.5,2,3.09,4.21,2.3,1.62,2.24,1.71,2.2,1.73,2.14,1.67,-0.5,2.06,1.88,2526
I1,21/12/2025,11:30,Cagliari,Pisa,2,2,D,0,1,14,15,5,3,2,6,3,2,0,0,2.2,3.19,3.77,2.04,3.22,4.5,2.06,3.3,4.6,2.05,3.3,4.5,1.99,3.14,4.17,2.38,1.57,2.47,1.58,2.45,1.62,2.36,1.56,-0.5,2.04,1.88,2526
I1,21/12/2025,14:00,Sassuolo,Torino,0,1,A,0,0,7,10,1,5,2,3,3,1,0,0,2.44,3.05,3.38,2.43,3.15,3.35,2.48,3.15,3.55,2.38,3.25,3.4,2.32,3.1,3.24,2.2,1.67,2.17,1.76,2.2,1.73,2.15,1.66,-0.25,2.06,1.87,2526
I1,21/12/2025,17:00,Fiorentina,Udinese,5,1,H,3,0,20,11,7,4,1,4,3,1,0,1,2.27,3.31,3.42,2.18,3.26,3.79,2.22,3.35,3.95,2.12,3.4,4,2.07,3.2,3.77,2.1,1.73,2.26,1.7,2.25,1.68,2.16,1.66,-0.25,1.87,2.07,2526
I1,21/12/2025,19:45,Genoa,Atalanta,0,1,A,0,0,6,16,3,4,6,10,1,2,1,0,4.12,3.48,1.98,4,3.3,2.1,4.1,3.4,2.12,4,3.3,2.1,3.8,3.19,2.06,2.1,1.73,2.25,1.7,2.25,1.67,2.19,1.64,0.5,1.83,2.11,2526
I1,27/12/2025,11:30,Parma,Fiorentina,1,0,H,0,0,13,23,2,4,5,6,2,2,0,0,3.54,3.09,2.34,3.86,3.28,2.15,4,3.35,2.18,3.75,3.4,2.15,3.62,3.24,2.1,2.2,1.67,2.09,1.82,2.04,1.85,1.99,1.77,0.25,2.1,1.84,2526
I1,27/12/2025,14:00,Lecce,Como,0,3,A,0,1,11,12,5,6,4,6,2,4,0,0,4.88,3.49,1.84,5.09,3.34,1.88,5.4,3.4,1.9,5,3.4,1.9,4.67,3.3,1.83,2.3,1.62,2.38,1.64,2.38,1.63,2.27,1.6,0.5,2.05,1.88,2526
I1,27/12/2025,14:00,Torino,Cagliari,1,2,A,1,1,19,9,10,4,6,2,3,0,0,0,1.99,3.36,4.26,1.83,3.42,5.27,1.88,3.5,5.3,1.83,3.4,5.25,1.8,3.32,4.87,2.2,1.67,2.27,1.7,2.3,1.67,2.19,1.65,-0.5,1.83,2.1,2526
I1,27/12/2025,17:00,Udinese,Lazio,1,1,D,0,0,15,14,4,2,5,6,3,4,0,0,3.14,3.08,2.56,3.34,2.98,2.55,3.4,3,2.64,3.3,3,2.55,3.2,2.87,2.5,2.3,1.62,2.85,1.45,2.75,1.53,2.65,1.45,0.25,1.81,2.14,2526
I1,27/12/2025,19:45,Pisa,Juventus,0,2,A,0,0,8,15,0,7,2,8,4,1,0,0,7.05,4.61,1.47,7.74,4.28,1.49,8.6,4.4,1.51,8,4.33,1.5,7.42,4.11,1.47,1.91,1.91,2.1,1.8,2.1,1.8,2.01,1.75,1,2.09,1.85,2526
I1,28/12/2025,11:30,Milan,Verona,3,0,H,1,0,11,9,5,1,7,3,0,1,0,0,1.38,4.98,8.81,1.38,4.89,9.66,1.41,5.2,9.6,1.4,5,10,1.37,4.69,8.64,1.8,2,1.88,2.02,1.91,2,1.85,1.9,-1.25,1.93,2,2526
I1,28/12/2025,14:00,Cremonese,Napoli,0,2,A,0,2,6,22,2,8,1,10,2,2,0,0,6.28,4.16,1.57,7.14,3.85,1.59,7.4,3.95,1.63,7,3.9,1.6,6.49,3.77,1.56,2.1,1.73,2.23,1.71,2.2,1.73,2.12,1.67,1,1.83,2.11,2526
I1,28/12/2025,17:00,Bologna,Sassuolo,1,1,D,0,0,16,8,6,5,2,3,2,3,0,0,1.74,3.75,5.1,2.01,3.3,4.36,2.06,3.4,4.5,2.05,3.4,4.2,1.99,3.27,3.96,2,1.8,2.17,1.76,2.12,1.78,2.04,1.73,-0.5,2.02,1.9,2526
I1,28/12/2025,19:45,Atalanta,Inter,0,1,A,0,0,7,15,0,4,4,7,2,1,0,0,3.64,3.64,2.07,3.51,3.56,2.16,3.65,3.65,2.18,3.6,3.6,2.12,3.41,3.45,2.07,1.73,2.1,1.79,2.12,1.83,2.05,1.76,2,0.25,2.05,1.88,2526
I1,29/12/2025,19:45,Roma,Genoa,3,1,H,3,0,16,10,8,2,6,1,0,1,0,0,1.64,3.73,6.32,1.61,3.72,6.55,1.64,3.85,7.6,1.62,3.75,7,1.58,3.66,6.42,2.38,1.57,2.25,1.69,2.28,1.67,2.21,1.63,-1,2.12,1.79,2526
I1,02/01/2026,19:45,Cagliari,Milan,0,1,A,0,0,6,11,1,4,6,7,2,1,0,0,6.25,4.01,1.61,6.75,3.95,1.59,7.2,4,1.62,6.8,3.9,1.6,6.24,3.78,1.56,2.1,1.73,2.17,1.76,2.14,1.75,2.09,1.7,1,1.88,2.06,2526
I1,03/01/2026,11:30,Como,Udinese,1,0,H,1,0,15,4,3,1,3,2,1,3,0,0,1.75,3.62,5.26,1.79,3.55,5.2,1.83,3.6,5.5,1.84,3.65,5,1.75,3.53,4.75,2,1.8,2.2,1.74,2.1,1.77,2.06,1.71,-0.75,2.04,1.88,2526
I1,03/01/2026,14:00,Genoa,Pisa,1,1,D,1,1,12,10,4,2,2,7,1,3,0,0,1.91,3.2,5.05,1.92,3.19,5.14,1.99,3.2,5.4,1.95,3.2,5.1,1.9,3.07,4.75,2.63,1.5,2.56,1.54,2.65,1.55,2.47,1.51,-0.5,1.93,2,2526
I1,03/01/2026,14:00,Sassuolo,Parma,1,1,D,1,1,11,16,3,5,4,7,2,1,0,0,1.94,3.27,4.67,2.03,3.29,4.31,2.1,3.35,4.4,2.1,3.35,4.2,2.01,3.22,3.9,2.1,1.73,2.14,1.78,2.1,1.83,2.04,1.73,-0.5,2.04,1.89,2526
I1,03/01/2026,17:00,Juventus,Lecce,1,1,D,0,1,25,6,5,1,10,1,0,3,0,0,1.28,5.77,12.37,1.25,6,14.87,1.27,6.2,16.5,1.25,6,15,1.23,5.68,13.53,1.8,2,1.88,2.02,1.91,2,1.81,1.93,-1.75,2.02,1.89,2526
I1,03/01/2026,19:45,Atalanta,Roma,1,0,H,1,0,13,10,2,4,7,5,1,2,0,0,2.32,3.17,3.48,2.34,3.11,3.6,2.44,3.15,3.65,2.33,3.1,3.5,2.28,3.05,3.37,2.1,1.73,2.26,1.69,2.28,1.71,2.17,1.64,-0.25,1.98,1.94,2526
I1,04/01/2026,11:30,Lazio,Napoli,0,2,A,0,2,5,14,0,3,2,6,5,1,2,1,3.5,3.05,2.38,4.01,3.09,2.2,4.1,3.15,2.24,4,3,2.2,3.79,2.98,2.16,2.63,1.5,2.6,1.53,2.54,1.53,2.48,1.5,0.25,2.07,1.86,2526
I1,04/01/2026,14:00,Fiorentina,Cremonese,1,0,H,0,0,22,6,8,2,7,3,1,2,0,0,1.79,3.73,4.76,1.74,3.82,5.07,1.79,3.9,5.3,1.75,3.8,5,1.71,3.7,4.8,2,1.8,1.92,1.99,1.9,2,1.85,1.88,-0.75,1.97,1.95,2526
I1,04/01/2026,17:00,Verona,Torino,0,3,A,0,1,7,21,3,5,4,7,0,2,0,0,2.71,3.02,3,2.74,2.94,3.1,2.9,2.94,3.15,2.75,2.94,3.1,2.66,2.85,2.96,2.5,1.53,2.68,1.5,2.7,1.53,2.57,1.48,0,1.85,2.09,2526
I1,04/01/2026,19:45,Inter,Bologna,3,1,H,1,0,19,6,10,2,7,1,3,3,0,0,1.39,5.18,8.05,1.41,4.95,8.14,1.45,5,9,1.44,5,8,1.39,4.77,7.55,1.73,2.1,1.7,2.25,1.68,2.3,1.66,2.16,-1.25,1.97,1.95,2526
I1,06/01/2026,14:00,Pisa,Como,0,3,A,0,0,10,15,4,7,1,5,2,2,0,0,5.45,3.5,1.78,5.42,3.56,1.77,5.6,3.6,1.83,5.33,3.6,1.8,4.95,3.44,1.76,2.2,1.67,2.21,1.73,2.22,1.77,2.12,1.69,0.75,1.91,2.02,2526
I1,06/01/2026,17:00,Lecce,Roma,0,2,A,0,1,6,10,1,3,2,2,3,1,0,0,5.49,3.51,1.77,5.45,3.46,1.78,6,3.55,1.81,5.4,3.5,1.8,5.06,3.38,1.76,2.2,1.67,2.26,1.7,2.28,1.67,2.2,1.63,0.75,1.88,2.04,2526
I1,06/01/2026,19:45,Sassuolo,Juventus,0,3,A,0,1,7,17,2,10,5,5,0,0,0,0,5.3,3.74,1.73,5.79,3.75,1.68,6,3.85,1.73,5.6,3.8,1.7,5.34,3.68,1.66,1.98,1.88,2.1,1.8,2.1,1.91,1.97,1.79,0.75,2.03,1.89,2526
I1,07/01/2026,17:30,Bologna,Atalanta,0,2,A,0,1,11,11,2,5,6,6,0,0,0,0,2.84,3.25,2.68,3.24,3.33,2.39,3.3,3.4,2.46,3.13,3.35,2.4,3.04,3.22,2.36,2,1.85,2.06,1.85,2.05,1.83,1.97,1.79,0.25,1.88,2.05,2526
I1,07/01/2026,17:30,Napoli,Verona,2,2,D,0,2,15,11,4,4,6,1,0,3,0,0,1.36,5.19,8.85,1.32,5.25,12.3,1.34,5.4,14,1.35,5,13.5,1.31,4.87,11,2,1.8,2.07,1.85,2.05,1.83,1.98,1.78,-1.5,2.12,1.83,2526
I1,07/01/2026,19:45,Lazio,Fiorentina,2,2,D,0,0,17,8,9,5,8,2,3,5,0,0,2.51,3,3.32,2.39,3.12,3.47,2.44,3.1,3.6,2.4,3.1,3.5,2.34,3.02,3.29,2.3,1.62,2.41,1.63,2.3,1.66,2.27,1.59,-0.25,2.03,1.9,2526
I1,07/01/2026,19:45,Parma,Inter,0,2,A,0,1,4,26,0,8,1,3,0,3,0,0,8.16,5.1,1.39,9.84,5.38,1.34,11,5.6,1.36,10.5,5.4,1.36,9.41,5.12,1.32,1.67,2.2,1.68,2.28,1.67,2.28,1.63,2.21,1.5,1.92,2.01,2526
I1,07/01/2026,19:45,Torino,Udinese,1,2,A,0,0,10,9,4,4,3,6,2,1,0,0,2.39,2.95,3.61,2.25,3.1,3.84,2.36,3.05,3.9,2.25,3.1,3.75,2.2,3.04,3.59,2.3,1.62,2.4,1.63,2.4,1.62,2.34,1.57,-0.25,1.9,2.02,2526
I1,08/01/2026,17:30,Cremonese,Cagliari,2,2,D,2,0,12,21,5,5,2,4,2,2,0,0,2.48,3.1,3.26,2.53,2.89,3.5,2.58,3,3.5,2.5,2.92,3.45,2.44,2.86,3.31,2.3,1.62,2.73,1.49,2.75,1.5,2.59,1.47,-0.25,2.11,1.83,2526
I1,08/01/2026,19:45,Milan,Genoa,1,1,D,0,1,32,7,8,2,12,1,4,1,0,0,1.44,4.47,8.31,1.49,4.2,8.3,1.53,4.2,9.2,1.5,4.2,8.5,1.46,4.01,7.87,2,1.8,2.25,1.69,2.22,1.7,2.15,1.66,-1,1.88,2.04,2526
I1,10/01/2026,14:00,Como,Bologna,1,1,D,0,0,12,7,3,2,4,2,3,3,0,1,2,3.34,4.24,2.01,3.29,4.39,2.06,3.35,4.5,2,3.4,4.35,1.95,3.27,4.11,2.1,1.73,2.16,1.76,2.1,1.75,2.09,1.7,-0.5,2.02,1.91,2526
I1,10/01/2026,14:00,Udinese,Pisa,2,2,D,2,1,11,14,2,7,3,8,1,4,0,0,1.85,3.41,4.91,1.94,3.2,4.94,1.97,3.35,5.1,1.95,3.4,4.8,1.89,3.26,4.4,2.3,1.62,2.29,1.69,2.3,1.67,2.24,1.62,-0.5,1.95,1.97,2526
I1,10/01/2026,17:00,Roma,Sassuolo,2,0,H,0,0,26,5,6,3,5,2,2,2,0,0,1.54,4.2,6.6,1.73,3.44,6.05,1.74,3.65,6.4,1.73,3.7,5.8,1.68,3.54,5.49,2.03,1.83,2.19,1.74,2.1,1.75,2.08,1.7,-0.75,1.97,1.95,2526
I1,10/01/2026,19:45,Atalanta,Torino,2,0,H,1,0,18,10,5,3,5,4,1,2,0,0,1.61,4.13,5.7,1.6,3.81,6.79,1.63,4,7,1.6,3.9,7,1.58,3.77,6.26,1.8,2,2.05,1.87,2,1.83,1.93,1.81,-1,2.07,1.87,2526
I1,11/01/2026,11:30,Lecce,Parma,1,2,A,1,0,10,12,1,2,3,3,3,1,2,0,2.8,2.98,2.94,2.9,2.94,2.92,2.96,3,3,2.88,2.9,2.95,2.77,2.87,2.83,2.63,1.5,2.65,1.51,2.7,1.53,2.56,1.48,0,1.95,1.97,2526
I1,11/01/2026,14:00,Fiorentina,Milan,1,1,D,0,0,20,13,7,3,8,5,2,3,0,0,3.89,3.5,2.03,3.54,3.32,2.25,3.65,3.35,2.32,3.4,3.35,2.28,3.3,3.26,2.21,2.03,1.83,1.93,1.98,1.92,2,1.86,1.89,0.25,1.99,1.93,2526
I1,11/01/2026,17:00,Verona,Lazio,0,1,A,0,0,10,11,2,2,2,1,2,1,0,0,3.45,3.07,2.4,3.65,2.95,2.41,3.75,2.96,2.5,3.75,2.9,2.37,3.54,2.85,2.33,2.5,1.53,2.9,1.43,3,1.44,2.74,1.42,0.25,1.9,2.02,2526
I1,11/01/2026,19:45,Inter,Napoli,2,2,D,1,1,13,7,4,3,4,1,0,1,0,0,1.75,3.64,5.22,1.74,3.59,5.57,1.79,3.65,5.9,1.75,3.55,5.75,1.71,3.46,5.3,2.1,1.73,2.32,1.67,2.25,1.67,2.18,1.65,-0.75,1.99,1.93,2526
I1,12/01/2026,17:30,Genoa,Cagliari,3,0,H,1,0,11,15,7,3,2,3,2,5,0,0,2.12,2.97,4.44,2.2,2.98,4.21,2.26,3,4.4,2.2,3.05,4.2,2.14,2.93,3.96,2.63,1.5,2.7,1.5,2.75,1.5,2.62,1.46,-0.25,1.85,2.09,2526
I1,12/01/2026,19:45,Juventus,Cremonese,5,0,H,3,0,18,9,11,2,4,5,0,1,0,0,1.25,6.33,11.48,1.25,6.39,12.43,1.28,6.4,14.5,1.27,6,13,1.24,5.84,11.5,1.67,2.2,1.68,2.27,1.68,2.3,1.64,2.2,-1.75,1.96,1.94,2526
I1,14/01/2026,17:30,Napoli,Parma,0,0,D,0,0,16,4,4,1,7,1,1,3,0,0,1.33,5.33,10.3,1.33,5.33,10.3,1.33,5.5,14.5,1.33,5.5,12,1.29,5.17,10.77,1.88,1.98,1.93,1.96,1.91,2,1.83,1.93,-1.5,2.05,1.86,2526
I1,14/01/2026,19:45,Inter,Lecce,1,0,H,0,0,21,10,7,1,11,3,2,1,0,0,1.14,9.03,20.01,1.14,9.03,20.01,1.17,9,24,1.2,8,20,1.16,7.36,16.16,1.5,2.63,1.5,2.67,1.58,2.5,1.52,2.44,-2,1.74,2.17,2526
I1,15/01/2026,17:30,Verona,Bologna,2,3,A,1,3,15,14,5,5,4,5,1,2,0,0,3.68,3.32,2.17,,,,4.1,3.25,2.22,3.8,3.2,2.2,3.72,3.08,2.14,2.3,1.62,,,2.33,1.65,2.25,1.61,0.25,,,2526
I1,15/01/2026,19:45,Como,Milan,1,3,A,1,1,18,7,8,4,8,4,1,0,0,0,2.99,3.27,2.55,,,,3.35,3.25,2.52,3.2,3.25,2.4,3.08,3.16,2.37,2,1.8,,,2.1,1.79,2.04,1.74,0.25,,,2526
I1,16/01/2026,19:45,Pisa,Atalanta,1,1,D,0,0,14,9,6,4,10,1,1,2,0,0,,,,,,,7.2,4.2,1.6,6.75,4.2,1.57,6.11,4.06,1.53,1.85,2,,,1.83,2.05,1.8,1.95,1,,,2526
I1,17/01/2026,14:00,Udinese,Inter,0,1,A,0,1,5,14,1,5,2,5,0,1,0,0,,,,,,,8.4,4.7,1.49,8,4.5,1.5,6.87,4.37,1.46,1.73,2.1,,,1.8,2.05,1.76,2.01,1.25,,,2526
I1,17/01/2026,17:00,Napoli,Sassuolo,1,0,H,1,0,11,21,4,4,5,4,0,3,0,0,,,,,,,1.49,4.5,9.2,1.48,4.4,8.5,1.43,4.19,7.94,2.03,1.83,,,2.14,1.76,2.07,1.71,-1.25,,,2526
I1,17/01/2026,19:45,Cagliari,Juventus,1,0,H,0,0,3,21,1,5,1,18,0,1,0,0,,,,,,,7.6,4.2,1.57,7.5,4.2,1.55,6.8,3.97,1.51,2,1.8,,,2.14,1.77,2.05,1.72,1,,,2526
I1,18/01/2026,11:30,Parma,Genoa,0,0,D,0,0,14,11,2,3,7,3,3,2,0,0,,,,,,,3,2.84,3.15,2.9,2.8,3,2.84,2.73,2.9,2.63,1.5,,,2.7,1.53,2.55,1.48,0,,,2526
I1,18/01/2026,14:00,Bologna,Fiorentina,1,2,A,0,2,18,11,3,4,7,1,3,0,0,0,,,,,,,2.5,3.4,3.25,2.38,3.33,3.15,2.33,3.28,3.05,2,1.85,,,1.91,2,1.85,1.89,-0.25,,,2526
I1,18/01/2026,17:00,Torino,Roma,0,2,A,0,1,8,14,4,5,2,1,2,1,0,0,,,,,,,4.9,3.4,1.98,4.75,3.3,2,4.32,3.27,1.91,2.2,1.67,,,2.1,1.75,2.08,1.71,0.5,,,2526
I1,18/01/2026,19:45,Milan,Lecce,1,0,H,0,0,20,4,6,0,10,2,1,1,0,0,,,,,,,1.33,5.6,14,1.3,5.33,13,1.28,5.11,11.56,1.91,1.91,,,1.91,1.95,1.87,1.88,-1.5,,,2526
I1,19/01/2026,17:30,Cremonese,Verona,0,0,D,0,0,7,11,1,4,3,6,3,0,0,0,,,,,,,2.54,3.1,3.45,2.5,3.1,3.35,2.4,3.01,3.18,2.38,1.57,,,2.25,1.68,2.2,1.63,-0.25,,,2526
I1,19/01/2026,19:45,Lazio,Como,0,3,A,0,2,8,11,4,6,3,2,4,3,0,0,,,,,,,3.4,2.92,2.7,3.25,2.9,2.65,3.11,2.85,2.56,2.38,1.57,,,2.63,1.5,2.56,1.48,0.25,,,2526
I1,23/01/2026,19:45,Inter,Pisa,6,2,H,3,2,34,8,14,3,7,5,2,3,0,0,,,,,,,1.29,6.4,13,1.3,6.25,11,1.26,5.88,10.08,1.5,2.63,,,1.55,2.63,1.5,2.51,-1.75,,,2526
I1,24/01/2026,14:00,Como,Torino,6,0,H,2,0,17,7,7,1,2,1,0,1,0,0,,,,,,,1.59,4.1,7.6,1.57,4.2,6.66,1.52,4.01,6.43,2.1,1.73,,,1.91,1.98,1.86,1.89,-1,,,2526
I1,24/01/2026,17:00,Fiorentina,Cagliari,1,2,A,0,1,15,10,3,6,8,3,2,3,0,0,,,,,,,1.88,3.6,5.1,1.84,3.6,5,1.79,3.46,4.67,2,1.8,,,1.98,1.91,1.93,1.83,-0.5,,,2526
I1,24/01/2026,19:45,Lecce,Lazio,0,0,D,0,0,15,6,2,1,4,1,2,1,0,0,,,,,,,4.9,3.1,2.1,4.75,3,2.05,4.5,2.93,2,2.63,1.5,,,3,1.4,2.9,1.39,0.5,,,2526
I1,25/01/2026,11:30,Sassuolo,Cremonese,1,0,H,1,0,13,10,7,4,3,5,1,2,0,0,,,,,,,2.12,3.25,4.4,2.1,3.3,4.2,2.04,3.1,4.02,2.2,1.67,,,2.36,1.62,2.28,1.6,-0.5,,,2526
I1,25/01/2026,14:00,Atalanta,Parma,4,0,H,2,0,21,15,9,2,6,9,1,0,0,0,,,,,,,1.36,5.7,11,1.36,5.25,10,1.33,4.9,9.22,1.73,2.1,,,1.83,2.15,1.75,2.03,-1.5,,,2526
I1,25/01/2026,14:00,Genoa,Bologna,3,2,H,0,1,8,13,6,3,5,2,2,2,0,1,,,,,,,3.5,3.15,2.48,3.33,3.1,2.45,3.23,2.98,2.4,2.38,1.57,,,2.42,1.57,2.37,1.55,0.25,,,2526
I1,25/01/2026,17:00,Juventus,Napoli,3,0,H,1,0,12,9,6,1,2,2,1,2,0,0,,,,,,,1.96,3.35,5.2,1.96,3.2,4.75,1.91,3.12,4.57,2.63,1.5,,,2.5,1.57,2.41,1.54,-0.5,,,2526
I1,25/01/2026,19:45,Roma,Milan,1,1,D,0,0,15,5,7,2,5,3,0,4,0,0,,,,,,,2.8,3,3.2,2.75,3.05,3,2.66,2.95,2.89,2.2,1.67,,,2.2,1.73,2.12,1.69,0,,,2526
I1,26/01/2026,19:45,Verona,Udinese,1,3,A,1,1,7,20,4,7,3,8,2,0,0,0,,,,,,,3.1,2.96,2.9,3,2.9,2.75,2.92,2.86,2.69,2.63,1.5,,,2.63,1.52,2.57,1.48,0,,,2526
I1,30/01/2026,19:45,Lazio,Genoa,3,2,H,0,0,14,16,4,4,5,3,2,3,0,0,,,,,,,2.32,3,4,2.28,3,4,2.23,2.87,3.77,3,1.4,,,2.9,1.48,2.72,1.43,-0.25,,,2526
I1,31/01/2026,14:00,Pisa,Sassuolo,1,3,A,0,2,15,21,6,5,2,5,3,3,0,0,,,,,,,3.35,3.15,2.6,3.2,3.2,2.5,3.06,3.08,2.43,2.2,1.67,,,2.3,1.65,2.24,1.62,0.25,,,2526
I1,31/01/2026,17:00,Napoli,Fiorentina,2,1,H,1,0,19,15,6,5,4,4,1,1,0,0,,,,,,,1.99,3.3,5.1,2,3.35,4.5,1.92,3.22,4.3,2,1.8,,,2.2,1.72,2.13,1.68,-0.5,,,2526
I1,31/01/2026,19:45,Cagliari,Verona,4,0,H,2,0,13,9,7,3,6,3,0,2,0,1,,,,,,,2.32,3.05,4,2.25,3.13,4,2.18,2.98,3.74,2.5,1.53,,,2.5,1.55,2.44,1.53,-0.25,,,2526
I1,01/02/2026,11:30,Torino,Lecce,1,0,H,1,0,17,14,5,2,3,8,2,2,0,0,,,,,,,2.24,3,4.4,2.15,3,4.25,2.12,2.88,4.05,2.63,1.5,,,2.63,1.53,2.56,1.49,-0.25,,,2526
I1,01/02/2026,14:00,Como,Atalanta,0,0,D,0,0,28,6,9,2,7,1,4,3,0,1,,,,,,,2.38,3.4,3.45,2.38,3.4,3.45,2.3,3.24,3.17,1.91,1.91,,,2.05,1.83,1.98,1.8,-0.25,,,2526
I1,01/02/2026,17:00,Cremonese,Inter,0,2,A,0,2,9,15,3,4,1,6,3,0,0,0,,,,,,,15.5,6.4,1.27,13,6.1,1.27,12.08,5.8,1.23,1.67,2.2,,,1.68,2.3,1.63,2.22,1.75,,,2526
I1,01/02/2026,19:45,Parma,Juventus,1,4,A,0,2,10,15,4,8,5,3,1,3,0,0,,,,,,,9.8,4.9,1.43,9.5,4.7,1.44,8.61,4.48,1.38,1.91,1.91,,,2,1.87,1.94,1.81,1.25,,,2526
I1,02/02/2026,19:45,Udinese,Roma,1,0,H,0,0,8,10,4,3,4,7,5,4,0,0,,,,,,,4.8,3.25,2.04,4.6,3.25,2,4.35,3.12,1.95,2.2,1.67,,,2.5,1.55,2.47,1.52,0.5,,,2526
I1,03/02/2026,19:45,Bologna,Milan,0,3,A,0,2,13,10,2,3,5,0,3,0,0,0,,,,,,,3.3,3.15,2.58,3.2,3.14,2.5,3.06,3.09,2.44,2.1,1.73,,,2.2,1.75,2.09,1.7,0.25,,,2526
I1,06/02/2026,19:45,Verona,Pisa,0,0,D,0,0,4,11,0,3,8,4,1,2,0,0,,,,,,,2.74,2.96,3.3,2.63,3,3.25,2.54,2.88,3.12,2.38,1.57,,,2.5,1.57,2.44,1.53,-0.25,,,2526
I1,07/02/2026,17:00,Genoa,Napoli,2,3,A,1,2,12,14,3,5,4,3,2,4,0,1,,,,,,,4.5,3.1,2.16,4.4,3.1,2.1,4.13,2.99,2.05,2.63,1.5,,,2.7,1.5,2.64,1.46,0.5,,,2526
I1,07/02/2026,19:45,Fiorentina,Torino,2,2,D,0,1,21,12,5,4,9,4,2,5,0,0,,,,,,,1.75,3.95,5.5,1.73,3.9,5.4,1.69,3.76,4.93,1.93,1.93,,,1.95,2.05,1.81,1.96,-0.75,,,2526
I1,08/02/2026,11:30,Bologna,Parma,0,1,A,0,0,16,5,2,1,4,5,1,3,1,1,,,,,,,1.68,4,6.2,1.64,4,5.6,1.62,3.84,5.45,2.03,1.83,,,2.15,1.91,1.94,1.83,-0.75,,,2526
I1,08/02/2026,14:00,Lecce,Udinese,2,1,H,1,1,16,6,5,1,7,0,1,2,0,0,,,,,,,3,2.88,3.05,2.95,2.88,2.9,2.87,2.76,2.86,2.75,1.44,,,3.2,1.44,2.95,1.38,0,,,2526
I1,08/02/2026,17:00,Sassuolo,Inter,0,5,A,0,2,7,23,2,11,5,6,2,1,1,0,,,,,,,8.6,4.9,1.46,8,4.75,1.48,7.15,4.5,1.43,1.8,2,,,1.75,2.1,1.73,2.05,1.25,,,2526
I1,08/02/2026,19:45,Juventus,Lazio,2,2,D,0,1,34,9,8,2,8,1,0,2,0,0,,,,,,,1.43,4.8,10,1.42,4.6,10,1.39,4.37,8.65,2.1,1.73,,,2.1,1.8,2.05,1.74,-1.25,,,2526
I1,09/02/2026,17:30,Atalanta,Cremonese,2,1,H,2,0,29,12,9,2,13,2,2,0,0,0,,,,,,,1.38,5.4,10,1.38,5,9.5,1.35,4.9,8.5,1.73,2.1,,,1.68,2.25,1.66,2.16,-1.5,,,2526
I1,09/02/2026,19:45,Roma,Cagliari,2,0,H,1,0,15,3,5,1,7,1,2,4,0,0,,,,,,,1.53,4.3,8.4,1.5,4.2,8,1.47,4.05,7.48,2.1,1.73,,,2.16,1.74,2.08,1.7,-1,,,2526
I1,13/02/2026,19:45,Pisa,Milan,1,2,A,0,1,7,7,2,2,3,1,1,3,0,1,,,,,,,7.6,4,1.6,7,4,1.6,6.48,3.82,1.54,1.93,1.93,,,2.14,1.78,2.07,1.71,1,,,2526
I1,14/02/2026,14:00,Como,Fiorentina,1,2,A,0,1,16,7,3,3,4,2,4,2,1,0,,,,,,,1.76,3.9,5.5,1.73,4.1,5.25,1.68,3.9,4.83,1.8,2,,,1.67,2.22,1.66,2.17,-0.75,,,2526
I1,14/02/2026,17:00,Lazio,Atalanta,0,2,A,0,1,18,12,5,5,5,4,1,4,0,0,,,,,,,3.7,3.35,2.3,3.5,3.4,2.25,3.35,3.22,2.2,2.1,1.73,,,2.03,1.83,1.97,1.79,0.25,,,2526
I1,14/02/2026,19:45,Inter,Juventus,3,2,H,1,1,21,11,9,8,4,1,4,2,0,1,,,,,,,2.08,3.4,4.3,2.05,3.5,4.1,2.02,3.29,3.85,1.98,1.88,,,2,1.86,1.96,1.8,-0.5,,,2526
I1,15/02/2026,11:30,Udinese,Sassuolo,1,2,A,1,0,8,10,2,3,7,6,3,3,0,0,,,,,,,2.74,3.1,3.2,2.63,3.1,3.1,2.58,2.97,2.97,2.2,1.67,,,2.2,1.7,2.18,1.65,0,,,2526
I1,15/02/2026,14:00,Cremonese,Genoa,0,0,D,0,0,19,19,8,6,6,11,2,0,0,0,,,,,,,3.65,2.98,2.54,3.5,2.9,2.5,3.36,2.83,2.43,2.63,1.5,,,2.63,1.52,2.55,1.49,0.25,,,2526
I1,15/02/2026,14:00,Parma,Verona,2,1,H,1,1,27,4,8,1,12,1,2,1,0,1,,,,,,,2.34,3,4.1,2.3,3,3.75,2.24,2.92,3.66,2.5,1.53,,,2.63,1.52,2.56,1.48,-0.25,,,2526
I1,15/02/2026,17:00,Torino,Bologna,1,2,A,0,0,7,14,2,6,4,2,3,1,0,0,,,,,,,3.2,3.25,2.6,3.1,3.2,2.5,2.97,3.12,2.46,2.1,1.73,,,2.1,1.9,2.02,1.76,0,,,2526
I1,15/02/2026,19:45,Napoli,Roma,2,2,D,1,1,11,9,7,2,2,1,1,1,0,0,,,,,,,2.66,2.88,3.55,2.5,2.88,3.5,2.47,2.8,3.33,2.5,1.53,,,3,1.46,2.72,1.43,-0.25,,,2526
I1,16/02/2026,19:45,Cagliari,Lecce,0,2,A,0,0,11,13,0,4,8,2,0,0,0,0,,,,,,,2.52,2.98,3.7,2.45,2.88,3.6,2.38,2.81,3.48,2.63,1.5,,,3,1.44,2.81,1.41,-0.25,,,2526
I1,18/02/2026,19:45,Milan,Como,1,1,D,0,1,6,10,4,4,4,4,2,3,0,0,,,,,,,2.64,3.05,3.35,2.6,3.1,3.3,2.49,2.98,3.08,2,1.85,,,2.4,1.65,2.29,1.59,-0.25,,,2526
I1,20/02/2026,19:45,Sassuolo,Verona,3,0,H,2,0,8,12,4,1,6,5,2,3,0,1,,,,,,,1.84,3.55,5.5,1.8,3.5,5.33,1.75,3.4,5.04,2.2,1.67,,,2.2,1.75,2.14,1.68,-0.75,,,2526
I1,21/02/2026,14:00,Juventus,Como,0,2,A,0,1,11,11,3,2,7,2,1,0,0,0,,,,,,,2.2,3.45,3.85,2.15,3.5,3.65,2.08,3.35,3.5,2,1.8,,,2.05,1.85,1.97,1.8,-0.25,,,2526
I1,21/02/2026,17:00,Lecce,Inter,0,2,A,0,0,3,24,0,9,2,10,1,2,0,0,,,,,,,7.8,4.5,1.53,8,4.25,1.51,7.11,4.13,1.47,2.1,1.73,,,2,1.91,1.93,1.82,1,,,2526
I1,21/02/2026,19:45,Cagliari,Lazio,0,0,D,0,0,11,10,2,3,3,6,3,2,1,0,,,,,,,3.55,2.92,2.62,3.5,3,2.5,3.35,2.87,2.39,2.38,1.57,,,2.63,1.53,2.53,1.49,0.25,,,2526
I1,22/02/2026,11:30,Genoa,Torino,3,0,H,2,0,16,7,5,3,1,3,0,1,0,1,,,,,,,2.38,3,3.95,2.38,3,3.7,2.29,2.89,3.54,2.3,1.62,,,2.5,1.6,2.36,1.56,-0.25,,,2526
I1,22/02/2026,14:00,Atalanta,Napoli,2,1,H,0,1,10,10,7,4,6,1,1,1,0,0,,,,,,,2.52,3.15,3.45,2.5,3.1,3.3,2.43,2.96,3.15,2.1,1.73,,,2.3,1.7,2.18,1.65,-0.25,,,2526
I1,22/02/2026,17:00,Milan,Parma,0,1,A,0,0,25,9,6,3,5,2,2,1,0,0,,,,,,,1.34,5.8,11.5,1.33,5.5,11,1.3,5.14,9.79,1.8,2,,,1.78,2.1,1.74,2.04,-1.5,,,2526
I1,22/02/2026,19:45,Roma,Cremonese,3,0,H,0,0,23,2,5,0,9,1,1,1,0,0,,,,,,,1.35,5.5,12,1.33,5.5,11,1.3,5.19,9.94,1.98,1.88,,,1.83,2.14,1.72,2.06,-1.5,,,2526
I1,23/02/2026,17:30,Fiorentina,Pisa,1,0,H,1,0,15,7,5,1,4,3,3,3,0,0,,,,,,,1.66,4.2,6.2,1.63,4,5.8,1.6,3.94,5.45,1.8,2,,,1.91,2.04,1.81,1.96,-1,,,2526
I1,23/02/2026,19:45,Bologna,Udinese,1,0,H,0,0,11,10,6,3,4,7,1,1,0,0,,,,,,,1.94,3.55,4.8,1.91,3.5,4.6,1.86,3.4,4.32,2.1,1.73,,,2.2,1.75,2.11,1.7,-0.5,,,2526
I1,27/02/2026,19:45,Parma,Cagliari,1,1,D,0,0,18,11,4,5,6,3,2,4,0,0,,,,,,,2.3,3.1,4.1,2.2,3,4.2,2.18,2.92,3.78,2.38,1.57,,,2.63,1.55,2.44,1.53,-0.25,,,2526
I1,28/02/2026,14:00,Como,Lecce,3,1,H,3,1,12,5,7,2,5,1,0,1,0,0,,,,,,,1.44,4.7,10,1.48,4.6,9.7,1.39,4.39,8.65,2.03,1.83,,,2,1.87,1.93,1.83,-1.25,,,2526
I1,28/02/2026,17:00,Verona,Napoli,1,2,A,0,1,8,9,2,5,2,5,3,4,0,0,,,,,,,7.2,3.75,1.67,6.75,3.7,1.67,6.19,3.53,1.61,2.3,1.62,,,2.5,1.58,2.38,1.55,0.75,,,2526
I1,28/02/2026,19:45,Inter,Genoa,2,0,H,1,0,14,6,6,2,10,2,2,1,0,0,,,,,,,1.35,5.8,11,1.33,5.75,11,1.29,5.34,9.68,1.73,2.1,,,1.71,2.2,1.66,2.16,-1.5,,,2526
I1,01/03/2026,11:30,Cremonese,Milan,0,2,A,0,0,15,20,3,6,6,7,2,0,0,0,,,,,,,9.6,5.2,1.41,9,5,1.41,8.17,4.73,1.37,1.91,1.91,,,1.73,2.25,1.67,2.15,1.25,,,2526
I1,01/03/2026,14:00,Sassuolo,Atalanta,2,1,H,1,0,7,26,5,7,3,9,2,2,1,0,,,,,,,3.55,3.4,2.34,3.35,3.4,2.28,3.22,3.31,2.22,1.88,1.98,,,1.93,1.93,1.87,1.88,0.25,,,2526
I1,01/03/2026,17:00,Torino,Lazio,2,0,H,1,0,13,12,5,3,6,9,4,1,0,0,,,,,,,3.05,2.92,3,2.9,2.9,2.88,2.82,2.82,2.82,2.5,1.53,,,2.7,1.55,2.52,1.5,0,,,2526
I1,01/03/2026,19:45,Roma,Juventus,3,3,D,1,0,11,13,5,5,4,1,1,0,0,0,,,,,,,2.74,3.2,3.05,2.62,3.2,2.9,2.58,3.06,2.84,2.3,1.62,,,2.3,1.67,2.22,1.63,0,,,2526
I1,02/03/2026,17:30,Pisa,Bologna,0,1,A,0,0,6,8,3,1,7,4,0,2,0,0,,,,,,,4.8,3.55,1.95,4.5,3.4,1.92,4.29,3.31,1.88,2.1,1.73,,,2.2,1.7,2.14,1.67,0.5,,,2526
I1,02/03/2026,19:45,Udinese,Fiorentina,3,0,H,1,0,10,10,7,0,5,2,1,4,0,0,,,,,,,3.5,3.2,2.44,3.4,3.1,2.38,3.23,3.05,2.34,2.05,1.8,,,2.12,1.73,2.09,1.7,0.25,,,2526
I1,06/03/2026,19:45,Napoli,Torino,2,1,H,1,0,14,7,9,4,11,2,0,3,0,0,,,,,,,1.61,4,7.4,1.57,4,7,1.53,3.85,6.48,2.2,1.67,,,2.1,1.75,2.06,1.71,-1,,,2526
I1,07/03/2026,14:00,Cagliari,Como,1,2,A,0,1,8,8,3,2,2,3,3,1,0,0,,,,,,,7.6,4.3,1.56,7,4.2,1.55,6.58,4.02,1.51,2,1.8,,,2.05,1.91,1.96,1.79,1,,,2526
I1,07/03/2026,17:00,Atalanta,Udinese,2,2,D,0,1,22,8,4,2,11,3,1,2,0,0,,,,,,,1.76,3.8,5.8,1.73,3.75,5.5,1.69,3.63,5.05,1.91,1.91,,,1.95,1.91,1.88,1.86,-0.75,,,2526
I1,07/03/2026,19:45,Juventus,Pisa,4,0,H,0,0,25,7,7,2,4,4,1,3,0,0,,,,,,,1.23,7.6,17.5,1.22,7.5,15,1.19,6.63,13.62,1.62,2.3,,,1.6,2.4,1.56,2.36,-1.75,,,2526
I1,08/03/2026,11:30,Lecce,Cremonese,2,1,H,2,0,9,10,3,5,4,4,1,4,0,1,,,,,,,2.42,3.05,3.8,2.35,3,3.6,2.28,2.91,3.53,2.75,1.44,,,2.45,1.62,2.36,1.56,-0.25,,,2526
I1,08/03/2026,14:00,Bologna,Verona,1,2,A,0,0,19,15,2,5,5,3,1,2,0,0,,,,,,,1.65,3.95,6.8,1.62,3.9,6.33,1.59,3.75,5.95,2,1.8,,,2.12,1.73,2.06,1.72,-0.75,,,2526
I1,08/03/2026,14:00,Fiorentina,Parma,0,0,D,0,0,12,8,1,0,7,1,2,0,0,0,,,,,,,1.82,3.75,5.4,1.75,3.7,5.5,1.72,3.57,5,1.93,1.93,,,2,1.91,1.91,1.85,-0.75,,,2526
I1,08/03/2026,17:00,Genoa,Roma,2,1,H,0,0,11,8,5,1,3,6,1,3,0,0,,,,,,,4.6,3.25,2.08,4.5,3.2,2.05,4.2,3.12,1.98,2.3,1.62,,,2.6,1.53,2.48,1.51,0.5,,,2526
I1,08/03/2026,19:45,Milan,Inter,1,0,H,1,0,9,11,2,2,1,6,2,2,0,0,,,,,,,3.4,3.25,2.46,3.25,3.25,2.45,3.12,3.12,2.37,2,1.8,,,2,1.91,1.95,1.81,0.25,,,2526
I1,09/03/2026,19:45,Lazio,Sassuolo,2,1,H,1,1,13,7,5,4,1,6,0,4,0,0,,,,,,,2.32,3.3,3.7,2.25,3.25,3.6,2.2,3.16,3.38,2.2,1.67,,,2.12,1.78,2.07,1.71,-0.25,,,2526
I1,13/03/2026,19:45,Torino,Parma,4,1,H,1,1,15,6,6,3,2,7,1,3,0,0,,,,,,,2.34,3.1,3.9,2.28,3,3.8,2.25,2.92,3.61,2.38,1.57,,,2.45,1.6,2.34,1.57,-0.25,,,2526
I1,14/03/2026,14:00,Inter,Atalanta,1,1,D,1,0,16,8,3,3,2,3,2,2,0,0,,,,,,,1.55,4.6,7,1.52,4.6,6.25,1.49,4.44,5.89,1.73,2.1,,,1.62,2.45,1.56,2.35,-1,,,2526
I1,14/03/2026,17:00,Napoli,Lecce,2,1,H,0,1,12,12,4,2,7,7,0,1,0,0,,,,,,,1.46,4.5,10,1.47,4.5,9.5,1.43,4.19,8.04,2.2,1.67,,,2.18,1.77,2.08,1.71,-1,,,2526
I1,14/03/2026,19:45,Udinese,Juventus,0,1,A,0,1,10,22,2,8,2,6,3,1,0,0,,,,,,,7,4.3,1.59,6.5,4.2,1.55,6.12,4.05,1.52,1.91,1.91,,,1.91,2,1.82,1.93,1,,,2526
I1,15/03/2026,11:30,Verona,Genoa,0,2,A,0,0,8,11,1,3,4,2,2,1,0,0,,,,,,,3.6,3.05,2.5,3.5,3,2.4,3.35,2.9,2.37,2.63,1.5,,,2.8,1.46,2.71,1.44,0.25,,,2526
I1,15/03/2026,14:00,Pisa,Cagliari,3,1,H,1,0,10,14,6,4,1,5,1,4,1,1,,,,,,,2.76,3,3.2,2.6,3,3.2,2.55,2.86,3.06,2.5,1.53,,,2.7,1.53,2.58,1.47,0,,,2526
I1,15/03/2026,14:00,Sassuolo,Bologna,0,1,A,0,1,9,16,3,3,7,4,1,2,0,0,,,,,,,2.52,3.25,3.35,2.4,3.25,3.25,2.37,3.18,3.05,2,1.8,,,2,1.9,1.95,1.81,-0.25,,,2526
I1,15/03/2026,17:00,Como,Roma,2,1,H,0,1,22,3,7,1,7,1,2,3,0,1,,,,,,,2.2,3.1,4.3,2.14,3.2,4,2.06,3.1,3.88,2.1,1.73,,,2.55,1.57,2.43,1.53,-0.5,,,2526
I1,15/03/2026,19:45,Lazio,Milan,1,0,H,1,0,7,17,2,3,1,9,4,1,0,0,,,,,,,5.1,3.6,1.89,4.75,3.5,1.85,4.46,3.45,1.81,2.2,1.67,,,2.1,1.8,2.03,1.74,0.5,,,2526
I1,16/03/2026,19:45,Cremonese,Fiorentina,1,4,A,0,2,13,13,3,6,4,6,1,0,0,0,,,,,,,4.7,3.55,1.96,4.33,3.5,1.94,4.18,3.36,1.89,1.91,1.91,,,2.2,1.75,2.11,1.7,0.5,,,2526
I1,20/03/2026,17:30,Cagliari,Napoli,0,1,A,0,1,7,17,0,5,2,7,2,2,0,0,,,,,,,6,3.5,1.8,6,3.4,1.75,5.45,3.37,1.71,2.5,1.53,,,2.5,1.57,2.41,1.54,0.75,,,2526
I1,20/03/2026,19:45,Genoa,Udinese,0,2,A,0,0,18,6,2,4,7,1,1,5,0,0,,,,,,,2.3,3.15,3.95,2.22,3.2,3.75,2.16,3.05,3.68,2.5,1.53,,,2.45,1.57,2.38,1.55,-0.25,,,2526
I1,21/03/2026,14:00,Parma,Cremonese,0,2,A,0,0,8,7,1,4,3,1,3,3,0,0,,,,,,,2.38,3.15,3.75,2.33,3.15,3.7,2.21,3.04,3.52,2.2,1.67,,,2.18,1.75,2.11,1.69,-0.25,,,2526
I1,21/03/2026,17:00,Milan,Torino,3,2,H,1,1,15,19,6,7,4,6,3,1,0,0,,,,,,,1.38,5.3,11,1.38,5,10,1.34,4.79,8.93,1.8,2,,,1.9,2,1.8,1.95,-1.25,,,2526
I1,21/03/2026,19:45,Juventus,Sassuolo,1,1,D,1,0,18,7,8,1,9,4,1,2,0,0,,,,,,,1.33,6,12,1.3,6,11,1.27,5.73,9.82,1.62,2.3,,,1.55,2.6,1.5,2.48,-1.75,,,2526
I1,22/03/2026,11:30,Como,Pisa,5,0,H,2,0,14,7,7,0,7,1,0,2,0,0,,,,,,,1.33,5.9,12,1.33,5.8,13,1.29,5.34,10.1,1.73,2.1,,,1.68,2.3,1.64,2.21,-1.5,,,2526
I1,22/03/2026,14:00,Atalanta,Verona,1,0,H,1,0,11,12,3,3,2,4,1,3,0,0,,,,,,,1.41,5.2,10,1.4,5,9,1.37,4.59,8.55,1.91,1.91,,,1.93,1.98,1.84,1.92,-1.25,,,2526
I1,22/03/2026,14:00,Bologna,Lazio,0,2,A,0,0,15,9,4,5,2,1,1,1,0,0,,,,,,,2.38,3.4,3.4,2.33,3.25,3.35,2.29,3.12,3.26,2.3,1.62,,,2.22,1.8,2.08,1.72,-0.25,,,2526
I1,22/03/2026,17:00,Roma,Lecce,1,0,H,0,0,14,8,2,3,10,2,2,2,0,0,,,,,,,1.53,4.3,8.6,1.53,4.2,8,1.48,3.99,7.35,2.1,1.73,,,2.2,1.76,2.06,1.73,-1,,,2526
I1,22/03/2026,19:45,Fiorentina,Inter,1,1,D,0,1,16,12,6,4,3,5,3,3,0,0,,,,,,,5.6,4.3,1.69,5.33,4.2,1.63,5.22,4.02,1.6,1.73,2.1,,,1.73,2.2,1.67,2.15,1,,,2526
I1,04/04/2026,14:00,Sassuolo,Cagliari,2,1,H,0,1,9,11,2,3,2,2,1,0,0,0,,,,,,,2.2,3.2,4.1,2.15,3.2,4,2.11,3.11,3.75,2.1,1.73,,,2.12,1.8,2.04,1.73,-0.25,,,2526
I1,04/04/2026,17:00,Verona,Fiorentina,0,1,A,0,0,21,5,8,1,9,1,3,1,1,1,,,,,,,4.3,3.25,2.16,4.2,3.25,2.1,3.91,3.13,2.05,2.2,1.67,,,2.4,1.6,2.35,1.56,0.5,,,2526
I1,04/04/2026,19:45,Lazio,Parma,1,1,D,0,1,7,7,3,4,7,2,1,2,0,0,,,,,,,2,3.35,4.8,1.95,3.3,4.75,1.92,3.2,4.35,2.2,1.67,,,2.38,1.67,2.28,1.59,-0.5,,,2526
I1,05/04/2026,14:00,Cremonese,Bologna,1,2,A,0,2,9,14,3,7,2,4,2,3,1,1,,,,,,,3.7,3.45,2.24,3.7,3.4,2.16,3.44,3.29,2.13,2.03,1.83,,,2.1,1.83,2,1.77,0.25,,,2526
I1,05/04/2026,17:00,Pisa,Torino,0,1,A,0,0,7,13,1,2,1,2,1,0,0,0,,,,,,,3.35,3.15,2.58,3.25,3.1,2.55,3.12,2.97,2.46,2.3,1.62,,,2.38,1.63,2.26,1.61,0.25,,,2526
I1,05/04/2026,19:45,Inter,Roma,5,2,H,2,1,17,9,9,3,7,4,0,1,0,0,,,,,,,1.63,4.1,6.8,1.6,4.1,6,1.56,3.98,5.81,1.91,1.91,,,1.86,2,1.8,1.96,-1,,,2526
I1,06/04/2026,11:30,Udinese,Como,0,0,D,0,0,14,12,4,4,6,2,2,3,0,0,,,,,,,6.2,4,1.69,5.75,3.85,1.68,5.4,3.75,1.63,2.03,1.83,,,2.05,1.8,1.98,1.78,0.75,,,2526
I1,06/04/2026,14:00,Lecce,Atalanta,0,3,A,0,1,11,16,0,6,2,5,0,2,0,0,,,,,,,6,3.95,1.72,6,3.8,1.7,5.27,3.72,1.65,2.03,1.83,,,1.95,1.91,1.91,1.84,0.75,,,2526
I1,06/04/2026,17:00,Juventus,Genoa,2,0,H,2,0,16,12,5,3,5,5,4,1,0,0,,,,,,,1.42,5.2,9.6,1.42,5,10,1.37,4.71,8.27,1.91,1.91,,,1.77,2.2,1.7,2.1,-1.25,,,2526
I1,06/04/2026,19:45,Napoli,Milan,1,0,H,0,0,10,7,3,1,4,3,2,0,0,0,,,,,,,2.54,3.1,3.5,2.5,3,3.3,2.42,2.97,3.19,2.3,1.62,,,2.36,1.65,2.25,1.61,-0.25,,,2526
I1,10/04/2026,19:45,Roma,Pisa,3,0,H,2,0,8,9,3,5,1,3,1,1,0,0,,,,,,,1.4,5.2,10,1.4,5,10,1.36,4.76,8.4,1.83,2.03,,,1.8,2.1,1.77,2.01,-1.25,,,2526
I1,11/04/2026,14:00,Cagliari,Cremonese,1,0,H,0,0,17,5,5,2,6,5,1,1,0,0,,,,,,,2.16,3.2,4.4,2.1,3.2,4.2,2.06,3.08,3.92,2.3,1.62,,,2.5,1.55,2.42,1.53,-0.25,,,2526
I1,11/04/2026,14:00,Torino,Verona,2,1,H,1,1,11,18,2,4,3,6,1,4,0,0,,,,,,,2.06,3.3,4.6,2.05,3.33,4.4,1.94,3.2,4.2,2.38,1.57,,,2.5,1.57,2.41,1.54,-0.5,,,2526
I1,11/04/2026,17:00,Milan,Udinese,0,3,A,0,2,20,12,3,6,4,3,1,1,0,0,,,,,,,1.48,4.7,8.4,1.48,4.5,8,1.42,4.4,7.5,1.83,2.03,,,1.83,2.05,1.79,1.97,-1.25,,,2526
I1,11/04/2026,19:45,Atalanta,Juventus,0,1,A,0,0,22,7,3,2,13,2,1,3,0,0,,,,,,,3.25,3.55,2.42,3.1,3.5,2.38,3.01,3.4,2.28,1.8,2,,,1.77,2.2,1.7,2.09,0.25,,,2526
I1,12/04/2026,11:30,Genoa,Sassuolo,2,1,H,1,0,14,15,7,6,5,3,2,3,1,1,,,,,,,2.24,3.4,3.75,2.2,3.4,3.6,2.13,3.27,3.44,2.1,1.73,,,2.05,1.83,2.01,1.76,-0.25,,,2526
I1,12/04/2026,14:00,Parma,Napoli,1,1,D,1,0,3,20,2,6,3,7,1,0,0,0,,,,,,,8,3.85,1.61,7,3.75,1.67,6.74,3.65,1.56,2.2,1.67,,,2.45,1.62,2.34,1.57,1,,,2526
I1,12/04/2026,17:00,Bologna,Lecce,2,0,H,1,0,12,6,4,1,8,6,0,2,0,0,,,,,,,1.91,3.45,5.3,1.88,3.5,5,1.82,3.33,4.65,2.2,1.67,,,2.18,1.8,2.07,1.71,-0.5,,,2526
I1,12/04/2026,19:45,Como,Inter,3,4,A,2,1,24,7,8,5,1,1,3,7,0,0,,,,,,,3.2,3.4,2.5,3.1,3.4,2.4,3.05,3.24,2.35,1.91,1.91,,,1.91,2,1.84,1.92,0.25,,,2526
I1,13/04/2026,19:45,Fiorentina,Lazio,1,0,H,1,0,8,13,2,6,5,6,3,2,0,0,,,,,,,2.48,3.2,3.45,2.4,3.2,3.3,2.34,3.07,3.23,2.2,1.67,,,2.2,1.73,2.11,1.69,-0.25,,,2526
I1,17/04/2026,17:30,Sassuolo,Como,2,1,H,2,1,11,12,4,3,5,8,3,3,0,0,,,,,,,7.2,4.7,1.53,6.5,4.5,1.67,6.2,4.4,1.48,1.67,2.2,,,1.67,2.3,1.63,2.22,1.25,,,2526
I1,17/04/2026,19:45,Inter,Cagliari,3,0,H,0,0,18,10,5,1,4,9,0,2,0,0,,,,,,,1.26,6.6,16,1.26,6.5,14,1.23,6.19,12.08,1.57,2.38,,,1.57,2.55,1.52,2.45,-1.75,,,2526
I1,18/04/2026,14:00,Udinese,Parma,0,1,A,0,0,16,10,3,1,10,5,2,0,0,0,,,,,,,2.28,3.05,4.2,2.25,3,4,2.17,2.93,3.85,2.3,1.62,,,2.63,1.55,2.48,1.51,-0.25,,,2526
I1,18/04/2026,17:00,Napoli,Lazio,0,2,A,0,1,12,14,0,7,12,0,1,3,0,0,,,,,,,1.56,4.2,7.8,1.67,4.1,7.5,1.51,3.96,6.86,2.2,1.67,,,2.12,1.83,2.05,1.73,-1,,,2526
I1,18/04/2026,19:45,Roma,Atalanta,1,1,D,1,1,19,8,9,2,7,6,1,2,0,0,,,,,,,2.52,3.5,3.1,2.45,3.4,3.25,2.36,3.33,2.94,2,1.8,,,1.95,1.91,1.88,1.88,-0.25,,,2526
I1,19/04/2026,11:30,Cremonese,Torino,0,0,D,0,0,14,4,4,1,6,1,0,3,0,0,,,,,,,3.1,3.15,2.74,2.9,3.2,2.62,2.85,3.08,2.58,2.2,1.67,,,2.22,1.8,2.09,1.71,0,,,2526
I1,19/04/2026,14:00,Verona,Milan,0,1,A,0,1,13,6,2,3,6,1,2,0,0,0,,,,,,,7.8,4.2,1.56,7,4.1,1.62,6.36,3.98,1.53,2.05,1.8,,,2,1.85,1.97,1.8,1,,,2526
I1,19/04/2026,17:00,Pisa,Genoa,1,2,A,1,1,12,13,4,5,5,5,3,1,0,0,,,,,,,3.1,3.15,2.72,3.4,3.2,2.65,2.99,2.98,2.56,2.5,1.53,,,2.63,1.57,2.46,1.52,0,,,2526
I1,19/04/2026,19:45,Juventus,Bologna,2,0,H,1,0,14,7,4,0,6,1,1,0,0,0,,,,,,,1.49,4.8,7.8,1.48,4.75,7.5,1.44,4.54,6.78,1.73,2.1,,,1.67,2.25,1.65,2.19,-1.25,,,2526
I1,20/04/2026,19:45,Lecce,Fiorentina,1,1,D,0,1,14,5,4,3,5,2,2,4,0,0,,,,,,,,,,3.7,3.3,2.15,3.57,3.25,2.1,2.1,1.73,,,2.3,1.63,2.24,1.62,0.25,,,2526
I1,24/04/2026,19:45,Napoli,Cremonese,4,0,H,3,0,25,7,9,4,7,5,0,0,0,0,,,,,,,,,,1.36,5.25,12,1.32,4.89,9.94,1.91,1.91,,,1.93,2,1.83,1.93,-1.5,,,2526
I1,25/04/2026,14:00,Parma,Pisa,1,0,H,0,0,15,12,5,3,7,4,1,2,0,0,,,,,,,,,,2.25,3.13,3.75,2.19,3,3.56,2.3,1.62,,,2.5,1.55,2.43,1.52,-0.25,,,2526
I1,25/04/2026,17:00,Bologna,Roma,0,2,A,0,2,10,7,2,2,7,7,0,3,0,0,,,,,,,,,,3.8,3.4,2.2,3.44,3.25,2.13,2.1,1.73,,,2.1,1.8,2.03,1.73,0.25,,,2526
I1,25/04/2026,19:45,Verona,Lecce,0,0,D,0,0,6,12,3,2,2,4,2,5,0,0,,,,,,,,,,2.6,3,3.2,2.51,2.9,3.1,2.75,1.44,,,2.9,1.45,2.73,1.42,0,,,2526
I1,26/04/2026,11:30,Fiorentina,Sassuolo,0,0,D,0,0,22,11,5,1,7,4,2,1,0,0,,,,,,,,,,2.1,3.4,4,2.01,3.32,3.69,1.88,1.98,,,1.86,2.03,1.81,1.94,-0.5,,,2526
I1,26/04/2026,14:00,Genoa,Como,0,2,A,0,1,9,8,1,2,2,3,1,3,0,0,,,,,,,,,,6,4,1.63,5.62,3.86,1.58,2,1.8,,,2.1,1.83,1.99,1.77,1,,,2526
I1,26/04/2026,17:00,Torino,Inter,2,2,D,0,1,14,14,2,5,5,5,1,2,0,0,,,,,,,,,,8,5,1.42,7.38,4.81,1.38,1.67,2.2,,,1.64,2.38,1.6,2.27,1.25,,,2526
I1,26/04/2026,19:45,Milan,Juventus,0,0,D,0,0,8,10,1,5,1,3,2,3,0,0,,,,,,,,,,2.75,3.2,2.75,2.68,3.07,2.71,1.98,1.88,,,2.1,1.8,2.02,1.74,0,,,2526
I1,27/04/2026,17:30,Cagliari,Atalanta,3,2,H,2,2,9,12,4,6,4,6,0,0,0,0,,,,,,,,,,4.9,3.8,1.77,4.65,3.71,1.71,1.91,1.91,,,1.95,1.91,1.88,1.86,0.75,,,2526
I1,27/04/2026,19:45,Lazio,Udinese,3,3,D,0,1,13,16,5,7,4,5,3,1,0,0,,,,,,,,,,2.3,3.2,3.6,2.25,3.05,3.4,2.2,1.67,,,2.36,1.65,2.25,1.6,-0.25,,,2526
I1,01/05/2026,19:45,Pisa,Lecce,1,2,A,0,0,17,7,7,4,6,1,4,2,0,0,,,,,,,,,,3.4,3,2.4,3.32,2.91,2.37,2.63,1.5,,,2.63,1.5,2.54,1.49,0.25,,,2526
I1,02/05/2026,14:00,Udinese,Torino,2,0,H,1,0,19,9,8,1,5,2,1,1,0,0,,,,,,,,,,2,3.4,4,1.98,3.31,3.84,2.1,1.73,,,2.1,1.8,2.05,1.73,-0.5,,,2526
I1,02/05/2026,17:00,Como,Napoli,0,0,D,0,0,16,8,5,1,3,2,1,1,0,0,,,,,,,,,,2.28,3.3,3.5,2.21,3.17,3.34,2.2,1.67,,,2.14,1.75,2.09,1.7,-0.25,,,2526
I1,02/05/2026,19:45,Atalanta,Genoa,0,0,D,0,0,21,7,7,2,6,2,2,1,0,0,,,,,,,,,,1.52,4.5,6.5,1.48,4.33,6.1,1.8,2,,,1.81,2.1,1.73,2.04,-1,,,2526
I1,03/05/2026,11:30,Bologna,Cagliari,0,0,D,0,0,13,8,4,2,7,2,2,1,0,0,,,,,,,,,,2.28,3.2,3.6,2.2,3.08,3.44,2.1,1.73,,,2.3,1.67,2.17,1.64,-0.25,,,2526
I1,03/05/2026,14:00,Sassuolo,Milan,2,0,H,1,0,13,7,4,1,2,3,4,4,0,1,,,,,,,,,,4.75,4.2,1.75,4.58,3.93,1.67,1.73,2.1,,,1.73,2.2,1.68,2.11,0.75,,,2526
I1,03/05/2026,17:00,Juventus,Verona,1,1,D,0,1,29,7,7,3,14,1,1,4,0,0,,,,,,,,,,1.2,7.5,17,1.17,7.01,15,1.67,2.2,,,1.57,2.48,1.53,2.4,-2,,,2526
I1,03/05/2026,19:45,Inter,Parma,2,0,H,1,0,12,4,5,0,8,3,1,0,0,0,,,,,,,,,,1.22,7,15,1.19,6.67,12.91,1.5,2.63,,,1.5,2.8,1.46,2.6,-2,,,2526
I1,04/05/2026,17:30,Cremonese,Lazio,1,2,A,1,0,13,8,5,3,3,3,1,2,0,0,,,,,,,,,,3.25,3.2,2.4,3.11,3.14,2.34,2.1,1.73,,,2.3,1.65,2.21,1.63,0.25,,,2526
I1,04/05/2026,19:45,Roma,Fiorentina,4,0,H,3,0,14,4,7,1,4,5,2,2,0,0,,,,,,,,,,1.55,4.33,6.5,1.51,4.13,6.16,1.9,1.95,,,1.86,2,1.79,1.96,-1,,,2526
I1,08/05/2026,19:45,Torino,Sassuolo,2,1,H,0,0,18,13,4,7,7,5,4,2,0,0,,,,,,,2.96,3.3,2.78,2.8,3.3,2.7,2.71,3.18,2.6,1.91,1.91,,,1.95,1.91,1.9,1.86,0,,,2526
I1,09/05/2026,14:00,Cagliari,Udinese,0,2,A,0,0,22,9,5,6,8,4,1,1,0,0,,,,,,,2.68,3.15,3.2,2.62,3.1,3,2.51,3.06,2.94,2.2,1.67,,,2.23,1.67,2.18,1.65,0,,,2526
I1,09/05/2026,17:00,Lazio,Inter,0,3,A,0,2,9,14,5,5,5,1,2,1,1,0,,,,,,,4.7,3.95,1.86,4.33,3.75,1.92,4.1,3.58,1.84,1.8,2,,,1.88,2,1.8,1.95,0.5,,,2526
I1,09/05/2026,19:45,Lecce,Juventus,0,1,A,0,1,8,15,3,6,1,7,1,1,0,0,,,,,,,9.6,4.9,1.43,9,4.75,1.41,8.21,4.42,1.39,1.73,2.1,,,1.96,1.91,1.91,1.85,1.25,,,2526
I1,10/05/2026,11:30,Verona,Como,0,1,A,0,0,11,11,3,4,7,7,1,1,0,0,,,,,,,9,4.9,1.45,9.5,4.8,1.44,8.29,4.57,1.37,1.93,1.93,,,1.92,2,1.83,1.92,1.25,,,2526
I1,10/05/2026,14:00,Cremonese,Pisa,3,0,H,1,0,10,0,6,0,7,1,0,4,0,2,,,,,,,1.95,3.6,4.7,1.91,3.6,4.5,1.84,3.5,4.18,2.1,1.73,,,2.1,1.83,2.02,1.75,-0.5,,,2526
I1,10/05/2026,14:00,Fiorentina,Genoa,0,0,D,0,0,13,9,1,3,4,3,0,0,0,0,,,,,,,2.08,3.45,4.2,2.08,3.5,4.1,2,3.31,3.79,2.1,1.73,,,2.12,1.8,2.03,1.75,-0.5,,,2526
I1,10/05/2026,17:00,Parma,Roma,2,3,A,0,1,11,15,3,7,3,6,4,0,1,0,,,,,,,9.6,4.8,1.45,9.5,4.75,1.41,8.47,4.46,1.38,2,1.8,,,2.03,1.86,1.94,1.82,1.25,,,2526
I1,10/05/2026,19:45,Milan,Atalanta,2,3,A,0,2,20,9,9,5,2,2,3,3,0,0,,,,,,,2.38,3.4,3.45,2.26,3.4,3.33,2.23,3.28,3.19,1.85,2,,,1.95,1.95,1.86,1.89,-0.25,,,2526
I1,11/05/2026,19:45,Napoli,Bologna,2,3,A,1,2,14,10,5,4,7,1,1,4,0,0,,,,,,,1.57,4.4,7,1.57,4.2,6.66,1.53,4.01,6.01,1.98,1.88,,,1.93,1.92,1.87,1.87,-1,,,2526
I1,17/05/2026,11:00,Como,Parma,1,0,H,0,0,23,2,7,2,15,2,2,0,0,0,,,,,,,1.26,6.8,15.5,1.25,6.5,14,1.23,5.83,12.06,1.67,2.2,,,1.67,2.28,1.63,2.21,-1.75,,,2526
I1,17/05/2026,11:00,Genoa,Milan,1,2,A,0,0,11,8,2,6,4,4,2,3,0,0,,,,,,,5.7,3.95,1.73,5.5,3.75,1.73,5.07,3.59,1.68,1.98,1.88,,,2.2,1.73,2.1,1.69,0.75,,,2526
I1,17/05/2026,11:00,Juventus,Fiorentina,0,2,A,0,1,26,10,9,4,6,2,1,3,0,1,,,,,,,1.34,6,10.5,1.33,6,9.5,1.3,5.43,8.52,1.62,2.3,,,1.6,2.5,1.54,2.39,-1.5,,,2526
I1,17/05/2026,11:00,Pisa,Napoli,0,3,A,0,2,4,10,2,5,1,6,2,2,0,0,,,,,,,10,4.7,1.44,9,4.5,1.44,7.98,4.29,1.4,1.8,2,,,2,1.91,1.94,1.82,1.25,,,2526
I1,17/05/2026,11:00,Roma,Lazio,2,0,H,1,0,16,6,7,2,8,3,2,3,1,1,,,,,,,1.56,4.4,7.2,1.53,4.2,6.5,1.49,4.12,6.23,1.93,1.93,,,1.92,1.91,1.87,1.88,-1,,,2526
I1,17/05/2026,14:00,Inter,Verona,1,1,D,0,0,17,14,6,5,10,2,0,2,0,0,,,,,,,1.39,5.5,9.6,1.4,5,8.5,1.36,4.83,7.8,1.5,2.63,,,1.73,2.2,1.68,2.13,-1.25,,,2526
I1,17/05/2026,17:00,Atalanta,Bologna,0,1,A,0,0,10,10,1,5,2,5,1,1,0,0,,,,,,,1.79,4.1,4.9,1.76,4,4.5,1.71,3.91,4.3,1.67,2.2,,,1.62,2.38,1.6,2.26,-0.75,,,2526
I1,17/05/2026,19:45,Cagliari,Torino,2,1,H,2,1,13,10,4,3,5,1,1,1,0,0,,,,,,,2.3,3.2,3.85,2.28,3.2,3.75,2.16,3.05,3.53,2.2,1.67,,,2.3,1.67,2.24,1.62,-0.25,,,2526
I1,17/05/2026,19:45,Sassuolo,Lecce,2,3,A,1,2,15,11,6,6,2,8,1,4,0,0,,,,,,,2.68,3.3,3.05,2.6,3.3,2.9,2.5,3.18,2.78,2,1.8,,,2.1,1.8,2.02,1.75,0,,,2526
I1,17/05/2026,19:45,Udinese,Cremonese,0,1,A,0,1,10,7,2,4,5,5,1,3,0,0,,,,,,,2.54,3.25,3.3,2.45,3.2,3.14,2.37,3.14,3.02,2.1,1.73,,,2.2,1.74,2.13,1.68,-0.25,,,2526
I1,22/05/2026,19:45,Fiorentina,Atalanta,1,1,D,1,0,11,21,4,6,3,3,0,2,0,0,,,,,,,3.3,3.75,2.3,3.15,3.65,2.3,3.01,3.51,2.21,1.67,2.2,,,1.62,2.4,1.59,2.28,0.25,,,2526
I1,23/05/2026,17:00,Bologna,Inter,3,3,D,2,1,11,11,3,5,1,4,0,2,0,0,,,,,,,3.7,3.75,2.14,3.65,3.75,2.15,3.35,3.54,2.04,1.57,2.38,,,1.73,2.15,1.69,2.09,0.5,,,2526
I1,23/05/2026,19:45,Lazio,Pisa,2,1,H,2,1,15,8,9,2,5,1,2,1,0,0,,,,,,,1.72,4,5.8,1.7,3.95,5.1,1.67,3.73,4.86,1.8,2,,,2,1.91,1.9,1.85,-0.75,,,2526
I1,24/05/2026,14:00,Parma,Sassuolo,1,0,H,0,0,16,6,3,1,1,1,2,2,0,0,,,,,,,3.3,3.4,2.44,3.33,3.5,2.35,3.04,3.31,2.25,1.9,1.95,,,1.73,2.36,1.68,2.12,0.25,,,2526
I1,24/05/2026,17:00,Napoli,Udinese,1,0,H,1,0,14,10,6,3,3,3,0,3,0,1,,,,,,,1.59,4.4,6.8,1.55,4.5,6.5,1.51,4.15,5.97,1.9,1.95,,,1.83,2.1,1.76,2,-1,,,2526
I1,24/05/2026,19:45,Cremonese,Como,1,4,A,0,1,6,15,1,6,2,4,4,2,3,0,,,,,,,6.4,4.6,1.58,6,4.5,1.57,5.55,4.17,1.53,1.67,2.2,,,1.8,2.12,1.71,2.07,1,,,2526
I1,24/05/2026,19:45,Lecce,Genoa,1,0,H,1,0,9,8,4,1,1,6,2,0,0,0,,,,,,,2,3.35,4.8,1.95,3.3,4.6,1.91,3.15,4.36,2.3,1.62,,,2.75,1.5,2.58,1.47,-0.5,,,2526
I1,24/05/2026,19:45,Milan,Cagliari,1,2,A,1,1,16,25,3,10,5,5,2,2,0,0,,,,,,,1.39,5.2,10.5,1.4,5,9.5,1.35,4.66,8.62,1.67,2.2,,,1.96,1.92,1.87,1.87,-1.25,,,2526
I1,24/05/2026,19:45,Torino,Juventus,2,2,D,0,1,12,17,5,4,6,6,1,2,0,0,,,,,,,7.2,5.1,1.5,7.5,4.8,1.53,6.31,4.39,1.46,1.73,2.1,,,1.62,2.4,1.6,2.26,1.25,,,2526
I1,24/05/2026,19:45,Verona,Roma,0,2,A,0,0,8,19,3,7,6,6,3,1,1,0,,,,,,,10.5,5.5,1.37,11,5.2,1.37,9.46,4.83,1.32,1.8,2,,,1.86,2,1.79,1.95,1.5,,,2526
SP1,15/08/2025,18:00,Girona,Vallecano,1,3,A,0,3,7,16,2,5,2,4,0,1,1,0,2.3,3.3,3.45,2.29,3.32,3.45,2.5,3.25,3.35,2.45,3.25,3.15,2.39,3.15,3.09,2.2,1.67,2.24,1.72,2.22,1.68,2.17,1.66,-0.25,1.97,1.95,2526
SP1,15/08/2025,20:30,Villarreal,Oviedo,2,0,H,2,0,25,5,10,4,10,1,1,2,0,1,1.41,4.76,8.8,1.4,4.87,8.96,1.41,5.2,9.6,1.42,4.9,9,1.39,4.7,8.02,1.85,2,1.85,2.06,1.89,2.03,1.82,1.94,-1.25,1.93,2,2526
SP1,16/08/2025,18:30,Mallorca,Barcelona,0,3,A,0,2,4,24,1,8,3,6,4,1,2,0,6.68,5.03,1.45,8.06,5.31,1.39,10,5.8,1.37,9.5,7.8,5.4,8.7,5.79,1.56,1.62,2.3,1.5,2.71,1.47,2.9,1.43,2.72,1.5,1.88,2.05,2526
SP1,16/08/2025,20:30,Alaves,Levante,2,1,H,1,0,15,7,4,3,10,1,0,1,0,0,2.18,3.18,3.84,2.19,3.14,3.93,2.14,3.25,4.3,2.12,3.15,4,2.08,3.08,3.92,2.63,1.5,2.54,1.57,2.63,1.54,2.51,1.5,-0.25,1.86,2.07,2526
SP1,16/08/2025,20:30,Valencia,Sociedad,1,1,D,0,0,18,13,2,3,8,7,1,2,0,0,2.65,2.89,3.23,2.53,3.04,3.3,2.58,3.1,3.35,2.49,3.1,3.25,2.43,3,3.18,2.75,1.44,2.55,1.56,2.63,1.55,2.49,1.51,-0.25,2.13,1.81,2526
SP1,17/08/2025,16:00,Celta,Getafe,0,2,A,0,0,11,10,3,3,9,3,3,2,0,0,1.76,3.43,5.71,1.61,3.73,7.04,1.75,3.6,6.4,1.7,3.55,6,1.67,3.48,5.81,2.38,1.57,2.49,1.58,2.63,1.55,2.49,1.51,-0.75,1.81,2.15,2526
SP1,17/08/2025,18:30,Ath Bilbao,Sevilla,3,2,H,2,0,14,12,3,6,10,1,0,2,0,0,1.6,4.05,6.12,1.67,3.69,6.24,1.62,4,7.2,1.59,3.9,6.6,1.56,3.8,6.43,2.1,1.73,2.31,1.67,2.25,1.67,2.2,1.64,-1,2.25,1.72,2526
SP1,17/08/2025,20:30,Espanol,Ath Madrid,2,1,H,0,1,10,15,5,4,1,3,3,3,0,0,6.57,3.86,1.6,5.8,3.89,1.66,6.2,4.1,1.66,6.2,4,1.65,5.7,3.86,1.6,2.2,1.67,1.97,1.93,2,1.89,1.94,1.82,1,1.76,2.17,2526
SP1,18/08/2025,20:00,Elche,Betis,1,1,D,0,1,6,12,2,4,1,3,0,1,0,0,3.45,3.43,2.21,3.34,3.22,2.4,3.45,3.3,2.4,3.25,3.25,2.36,3.2,3.19,2.3,2.2,1.67,2.3,1.68,2.25,1.73,2.16,1.66,0.25,1.88,2.04,2526
SP1,19/08/2025,20:00,Real Madrid,Osasuna,1,0,H,0,0,18,2,5,0,7,0,1,0,0,1,1.23,6.99,12.34,1.22,7.32,12.82,1.24,7.4,15,1.24,7,13,1.21,6.67,12.34,1.5,2.63,1.47,2.73,1.46,2.8,1.44,2.68,-2,2.07,1.85,2526
SP1,22/08/2025,20:30,Betis,Alaves,1,0,H,1,0,16,11,5,5,5,2,2,3,0,0,1.92,3.45,4.6,1.97,3.38,4.43,1.91,3.6,5,1.86,3.5,4.6,1.84,3.4,4.47,2.2,1.67,2.36,1.65,2.25,1.67,2.21,1.63,-0.5,1.98,1.94,2526
SP1,23/08/2025,16:00,Mallorca,Celta,1,1,D,0,1,12,8,4,2,3,4,3,3,0,0,3.06,3.1,2.6,3.26,3.16,2.48,3.3,3.4,2.44,3.3,3.3,2.5,3.13,3.21,2.35,2.38,1.57,2.41,1.63,2.28,1.73,2.15,1.67,0.25,1.83,2.11,2526
SP1,23/08/2025,18:30,Ath Madrid,Elche,1,1,D,1,1,13,6,6,2,10,2,0,3,0,0,1.24,6.28,12.89,1.27,5.97,13.1,1.27,6.6,14.5,1.29,6,13,1.26,5.67,11.58,1.8,2,1.81,2.08,1.8,2.25,1.71,2.09,-1.5,1.85,2.08,2526
SP1,23/08/2025,20:30,Levante,Barcelona,2,3,A,2,0,8,26,5,10,0,11,3,1,0,0,9.49,6.51,1.27,11.01,7.39,1.23,14.5,7.6,1.24,13,7.5,1.24,11.5,6.95,1.21,1.36,3.2,1.33,3.37,1.36,3.51,1.31,3.33,2,1.89,2.02,2526
SP1,24/08/2025,16:00,Osasuna,Valencia,1,0,H,1,0,16,4,4,1,3,4,2,1,0,1,2.43,3.16,3.27,2.48,3.18,3.22,2.32,3.3,3.7,2.26,3.3,3.5,2.23,3.16,3.38,2.38,1.57,2.38,1.64,2.4,1.65,2.28,1.59,-0.25,2.12,1.83,2526
SP1,24/08/2025,18:30,Sociedad,Espanol,2,2,D,0,2,15,14,7,3,5,2,2,2,0,0,1.83,3.49,4.91,1.78,3.59,5.24,1.9,3.65,4.9,1.9,3.55,4.5,1.85,3.45,4.32,2.2,1.67,2.19,1.75,2.05,1.88,1.98,1.79,-0.5,1.78,2.16,2526
SP1,24/08/2025,18:30,Villarreal,Girona,5,0,H,4,0,19,5,7,2,8,1,1,2,0,0,1.53,4.69,5.77,1.54,4.55,6.17,1.51,5,7,1.5,4.8,7,1.46,4.51,6.61,1.67,2.2,1.73,2.2,1.68,2.27,1.65,2.17,-1.25,2.18,1.76,2526
SP1,24/08/2025,20:30,Oviedo,Real Madrid,0,3,A,0,1,6,26,3,10,1,9,2,1,0,0,10.02,5.5,1.32,9.98,5.53,1.33,12,5.6,1.34,11,5.6,1.33,9.91,5.27,1.3,1.73,2.1,1.75,2.18,1.85,2.12,1.76,2.03,1.5,1.91,2.02,2526
SP1,25/08/2025,18:30,Ath Bilbao,Vallecano,1,0,H,0,0,11,6,4,1,3,6,0,4,0,0,1.71,3.68,5.56,1.71,3.71,5.7,1.79,3.7,5.8,1.75,3.65,5.5,1.73,3.55,5.06,2.2,1.67,2.19,1.74,2.28,1.73,2.14,1.67,-0.75,1.93,2,2526
SP1,25/08/2025,20:30,Sevilla,Getafe,1,2,A,1,1,12,9,3,6,5,3,2,2,0,0,2.24,3.12,3.75,2.12,3.14,4.2,2.14,3.2,4.4,2.1,3.1,4.4,2.05,3.02,4.13,2.63,1.5,2.89,1.43,3,1.45,2.75,1.42,-0.5,2.13,1.82,2526
SP1,27/08/2025,20:00,Celta,Betis,1,1,D,0,1,14,7,5,2,10,4,1,2,0,0,2.21,3.6,3.3,2.4,3.4,3.15,2.4,3.55,3.25,2.38,3.6,3.1,2.32,3.47,2.94,1.9,1.95,1.78,2.12,1.79,2.11,1.74,2.04,-0.25,2.07,1.86,2526
SP1,29/08/2025,18:30,Elche,Levante,2,0,H,0,0,16,11,5,1,4,2,1,2,0,0,2.23,3.26,3.66,2.24,3.24,3.66,2.26,3.4,3.75,2.19,3.3,3.75,2.15,3.2,3.57,2.3,1.62,2.42,1.63,2.3,1.67,2.21,1.63,-0.25,1.92,2.01,2526
SP1,29/08/2025,20:30,Valencia,Getafe,3,0,H,1,0,7,11,4,1,8,6,2,0,0,0,2.29,3.06,3.78,2.38,3.01,3.64,2.42,2.98,3.9,2.42,3,3.75,2.31,2.92,3.53,3,1.4,2.95,1.42,3,1.4,2.93,1.38,-0.25,2,1.92,2526
SP1,30/08/2025,16:00,Alaves,Ath Madrid,1,1,D,1,1,5,15,2,6,1,6,2,3,0,0,4.77,3.61,1.82,5.72,3.6,1.73,5.8,3.65,1.78,5.5,3.6,1.73,5.39,3.51,1.7,2.2,1.67,2.44,1.61,2.4,1.63,2.28,1.59,0.75,1.94,1.98,2526
SP1,30/08/2025,18:00,Oviedo,Sociedad,1,0,H,1,0,8,18,1,6,1,10,2,1,0,0,3.56,3.12,2.32,3.46,3.12,2.39,3.65,3.1,2.44,3.55,3.2,2.3,3.38,3.12,2.26,2.5,1.53,2.46,1.6,2.45,1.62,2.33,1.57,0.25,1.9,2.03,2526
SP1,30/08/2025,18:30,Girona,Sevilla,0,2,A,0,1,20,13,5,4,11,3,0,2,0,0,2.49,3.27,3.07,2.54,3.19,3.13,2.54,3.25,3.25,2.5,3.3,3.1,2.42,3.16,3.04,2.05,1.8,2.33,1.65,2.23,1.7,2.16,1.66,-0.25,2.16,1.79,2526
SP1,30/08/2025,20:30,Real Madrid,Mallorca,2,1,H,2,1,17,9,7,5,4,5,2,0,0,0,1.21,7.16,12.71,1.19,7.51,15.22,1.19,8.6,22,1.18,8,17,1.16,7.43,15.63,1.57,2.38,1.48,2.71,1.5,2.8,1.46,2.64,-2,1.96,1.94,2526
SP1,31/08/2025,16:00,Celta,Villarreal,1,1,D,0,0,10,8,2,3,1,5,1,1,0,0,2.76,3.64,2.52,2.95,3.4,2.53,3.35,3.6,2.34,3.25,3.55,2.28,3.14,3.46,2.22,1.73,2.1,1.97,1.93,1.91,1.98,1.83,1.92,0.25,1.77,2.17,2526
SP1,31/08/2025,18:00,Betis,Ath Bilbao,1,2,A,0,0,9,15,2,6,4,10,1,4,0,1,3.07,3.15,2.56,3.16,3.28,2.46,3.25,3.3,2.52,3.25,3.2,2.43,3.15,3.14,2.37,2.2,1.67,2.13,1.79,2.17,1.73,2.11,1.69,0.25,1.83,2.11,2526
SP1,31/08/2025,18:30,Espanol,Osasuna,1,0,H,0,0,10,10,4,3,2,3,2,3,0,0,2.43,3.21,3.23,2.39,3.22,3.35,2.62,3.1,3.3,2.55,3.15,3.15,2.44,3.05,3.04,2.2,1.67,2.33,1.67,2.5,1.58,2.41,1.54,0,1.67,2.35,2526
SP1,31/08/2025,20:30,Vallecano,Barcelona,1,1,D,0,1,12,12,6,3,9,4,4,1,0,0,6.92,5.34,1.41,6.76,5.37,1.42,7.4,5.5,1.45,7,5.4,1.44,6.67,5.13,1.4,1.44,2.75,1.46,2.79,1.45,2.9,1.42,2.77,1.25,2.03,1.9,2526
SP1,12/09/2025,20:00,Sevilla,Elche,2,2,D,1,0,7,5,3,2,2,2,4,3,0,0,1.88,3.48,4.76,1.93,3.38,4.63,1.97,3.45,4.8,2,3.4,4.7,1.89,3.33,4.41,2.2,1.67,2.34,1.65,2.3,1.64,2.24,1.62,-0.5,1.94,1.98,2526
SP1,13/09/2025,13:00,Getafe,Oviedo,2,0,H,2,0,10,5,3,1,4,3,2,5,0,1,2,3.05,4.81,1.95,3.11,4.95,2.04,3,5.3,2.03,3.05,5,1.99,2.91,4.71,2.75,1.44,2.85,1.43,3.4,1.37,3.11,1.35,-0.5,1.96,1.93,2526
SP1,13/09/2025,15:15,Sociedad,Real Madrid,1,2,A,0,2,23,16,4,6,12,4,2,1,0,1,5.3,4.43,1.61,5.6,4.2,1.62,6.2,4.4,1.63,5.5,4.4,1.62,5.36,4.2,1.58,1.73,2.1,1.68,2.29,1.67,2.3,1.63,2.22,1,1.88,2.05,2526
SP1,13/09/2025,17:30,Ath Bilbao,Alaves,0,1,A,0,0,12,4,3,2,6,6,4,3,0,0,1.61,3.86,6.3,1.61,3.83,6.6,1.64,3.8,7.8,1.62,3.9,7,1.59,3.71,6.26,2.2,1.67,2.41,1.61,2.38,1.6,2.31,1.58,-0.75,1.79,2.13,2526
SP1,13/09/2025,20:00,Ath Madrid,Villarreal,2,0,H,1,0,8,8,3,1,8,3,2,4,0,0,1.86,3.62,4.51,1.79,3.86,4.7,1.82,3.85,5.1,1.8,3.8,4.75,1.77,3.68,4.51,1.73,2.1,1.76,2.16,1.88,2.05,1.79,1.99,-0.75,2.02,1.9,2526
SP1,14/09/2025,13:00,Celta,Girona,1,1,D,0,1,21,13,7,8,10,3,0,3,0,0,1.71,4.22,4.67,1.77,3.73,5,1.8,3.85,5.3,1.8,3.9,5,1.73,3.75,4.71,1.73,2.1,1.88,2.03,1.86,2.03,1.81,1.96,-0.75,2,1.93,2526
SP1,14/09/2025,15:15,Levante,Betis,2,2,D,2,1,5,28,2,9,4,12,3,2,0,0,3.4,3.48,2.21,3.52,3.62,2.14,3.8,3.7,2.14,3.7,3.7,2.08,3.53,3.53,2.03,2,1.8,1.76,2.15,1.78,2.15,1.74,2.05,0.5,1.79,2.13,2526
SP1,14/09/2025,17:30,Osasuna,Vallecano,2,0,H,1,0,9,19,7,6,3,6,3,2,0,0,2.54,3.18,3.08,2.66,3.08,3.06,2.96,3,3,2.8,3,3,2.72,2.94,2.86,2.2,1.67,2.61,1.53,2.75,1.5,2.64,1.46,0,1.83,2.11,2526
SP1,14/09/2025,20:00,Barcelona,Valencia,6,0,H,1,0,24,2,10,1,5,4,0,1,0,0,1.23,6.92,11.31,1.29,6,10.22,1.38,5.8,9,1.4,5.75,9,1.36,5.36,7.33,1.33,3.4,1.43,2.86,1.48,2.8,1.44,2.7,-1.5,1.82,2.06,2526
SP1,15/09/2025,20:00,Espanol,Mallorca,3,2,H,2,1,9,24,3,10,3,9,2,1,1,0,2.28,3.23,3.51,2.28,3.23,3.57,2.28,3.3,3.8,2.25,3.13,3.6,2.24,3.08,3.48,2.3,1.62,2.41,1.61,2.63,1.58,2.41,1.54,-0.25,1.95,1.97,2526
SP1,19/09/2025,20:00,Betis,Sociedad,3,1,H,1,1,21,11,6,5,3,5,3,7,0,0,1.93,3.73,3.98,1.93,3.83,4.04,2,3.75,4.1,1.97,3.75,3.95,1.93,3.63,3.74,1.73,2.1,1.75,2.18,1.73,2.2,1.71,2.07,-0.5,1.93,1.99,2526
SP1,20/09/2025,13:00,Girona,Levante,0,4,A,0,1,7,14,1,7,5,4,4,3,2,0,1.91,3.76,4.09,1.79,3.92,4.64,1.93,3.9,4.4,1.9,3.9,4.3,1.85,3.71,4.03,1.93,1.93,1.76,2.14,1.72,2.2,1.68,2.13,-0.5,1.78,2.14,2526
SP1,20/09/2025,15:15,Real Madrid,Espanol,2,0,H,1,0,16,8,5,1,5,3,2,0,0,0,1.22,6.36,15.46,1.21,6.99,14.2,1.22,7.8,17.5,1.22,7,16,1.2,6.8,13,1.4,3,1.42,2.91,1.38,3.3,1.36,3.04,-2,2.03,1.88,2526
SP1,20/09/2025,17:30,Alaves,Sevilla,1,2,A,1,1,8,9,5,3,4,4,1,7,0,0,2.31,3.23,3.44,2.53,3.05,3.29,2.54,3,3.6,2.5,3.05,3.4,2.4,2.95,3.26,2.5,1.53,2.68,1.51,2.7,1.5,2.55,1.49,-0.25,2.14,1.81,2526
SP1,20/09/2025,17:30,Villarreal,Osasuna,2,1,H,0,1,26,6,8,3,7,0,2,3,0,1,1.56,4.39,5.87,1.68,3.89,5.54,1.74,3.85,5.9,1.71,3.9,5.5,1.68,3.74,5.15,1.8,2,2.09,1.83,2.05,1.84,1.97,1.8,-0.75,1.88,2.05,2526
SP1,20/09/2025,20:00,Valencia,Ath Bilbao,2,0,H,0,0,13,11,5,5,5,6,1,1,0,1,3.16,3.08,2.55,3.6,3.18,2.29,3.65,3.25,2.34,3.5,3.2,2.28,3.42,3.11,2.25,2.5,1.53,2.36,1.64,2.32,1.62,2.28,1.6,0.25,1.97,1.95,2526
SP1,21/09/2025,13:00,Vallecano,Celta,1,1,D,0,0,15,9,5,5,5,7,1,1,0,0,2.33,3.31,3.3,2.23,3.4,3.51,2.06,3.6,4.1,2.05,3.6,4,2.01,3.38,3.73,2,1.8,2.12,1.79,2.05,1.85,1.97,1.8,-0.5,2.23,1.74,2526
SP1,21/09/2025,15:15,Mallorca,Ath Madrid,1,1,D,0,0,8,12,3,7,3,6,0,0,0,1,5.05,3.69,1.76,5.1,3.68,1.78,5.3,3.7,1.83,5.2,3.66,1.8,4.94,3.51,1.75,2.2,1.67,2.24,1.71,2.22,1.73,2.15,1.67,0.75,1.89,2.03,2526
SP1,21/09/2025,17:30,Elche,Oviedo,1,0,H,1,0,15,12,5,4,3,3,2,2,0,0,1.96,3.3,4.51,2.01,3.28,4.43,2.08,3.3,4.5,2.05,3.33,4.25,1.97,3.23,4.11,2.63,1.5,2.3,1.67,2.35,1.67,2.24,1.61,-0.5,2.02,1.91,2526
SP1,21/09/2025,20:00,Barcelona,Getafe,3,0,H,2,0,16,3,7,2,3,2,2,4,0,0,1.23,6.19,14.4,1.27,6.06,12.3,1.27,6.8,14.5,1.25,6.5,12.5,1.23,6.31,11.4,1.53,2.5,1.59,2.46,1.46,2.75,1.44,2.67,-1.75,2.1,1.81,2526
SP1,23/09/2025,18:00,Ath Bilbao,Girona,1,1,D,0,1,17,6,5,3,8,1,0,2,0,0,1.45,4.56,7.8,1.46,4.49,7.97,1.53,4.5,8,1.52,4.4,7.5,1.47,4.3,6.74,1.83,2.03,1.9,2.01,1.86,2.03,1.81,1.95,-1,1.77,2.17,2526
SP1,23/09/2025,18:00,Espanol,Valencia,2,2,D,0,1,21,5,10,2,8,3,1,4,0,0,2.34,3.22,3.39,2.32,3.27,3.44,2.48,3.3,3.4,2.4,3.2,3.3,2.32,3.16,3.2,2.2,1.67,2.29,1.68,2.3,1.67,2.23,1.61,-0.25,1.99,1.93,2526
SP1,23/09/2025,20:30,Levante,Real Madrid,1,4,A,0,2,11,24,2,10,1,7,1,1,0,0,8.61,5.91,1.33,8.63,6.01,1.33,9.6,6,1.36,9,6,1.38,7.68,5.56,1.34,1.44,2.75,1.44,2.86,1.45,3,1.41,2.85,1.5,2,1.93,2526
SP1,23/09/2025,20:30,Sevilla,Villarreal,1,2,A,0,1,16,12,2,5,3,3,2,3,0,0,3.19,3.39,2.35,3.22,3.41,2.36,3.65,3.45,2.28,3.5,3.4,2.25,3.3,3.3,2.2,1.98,1.88,2.03,1.88,2.05,1.84,1.96,1.81,0.25,1.89,2.04,2526
SP1,24/09/2025,18:00,Getafe,Alaves,1,1,D,0,0,7,10,1,4,2,7,2,3,0,0,2.36,2.91,3.77,2.4,2.81,3.92,2.14,2.94,5,2.15,2.88,4.75,2.06,2.82,4.51,3.4,1.33,3.87,1.27,3.75,1.3,3.46,1.29,-0.5,2.4,1.64,2526
SP1,24/09/2025,20:30,Ath Madrid,Vallecano,3,2,H,1,1,20,9,8,3,8,6,3,4,0,0,1.5,4.51,6.63,1.49,4.37,7.55,1.49,4.7,8.2,1.48,4.4,8,1.45,4.31,7.35,1.88,1.98,2.01,1.9,1.98,1.92,1.89,1.87,-1,1.83,2.11,2526
SP1,24/09/2025,20:30,Sociedad,Mallorca,1,0,H,0,0,17,7,4,3,11,2,2,2,0,0,1.84,3.53,4.79,1.78,3.6,5.16,1.82,3.75,5.3,1.77,3.6,5.1,1.74,3.54,4.96,2.1,1.73,2.13,1.77,2.1,1.75,2.09,1.71,-0.75,2.04,1.89,2526
SP1,25/09/2025,18:30,Osasuna,Elche,1,1,D,1,0,9,12,2,4,2,3,2,2,0,0,2.05,3.09,4.48,1.98,3.22,4.67,1.98,3.4,4.9,1.95,3.3,5.25,1.9,3.19,4.6,2.3,1.62,2.47,1.58,2.4,1.62,2.29,1.59,-0.5,1.99,1.93,2526
SP1,25/09/2025,20:30,Oviedo,Barcelona,1,3,A,1,0,7,22,3,10,6,9,1,0,0,0,9.41,6.99,1.26,12.62,7.12,1.22,17,7.6,1.23,15,7.5,1.25,12.37,6.7,1.21,1.44,2.75,1.54,2.54,1.5,2.7,1.46,2.63,2,1.71,2.24,2526
SP1,26/09/2025,20:00,Girona,Espanol,0,0,D,0,0,12,20,3,5,8,4,0,1,0,0,2.53,3.36,2.98,2.59,3.3,2.95,2.74,3.3,2.96,2.6,3.33,2.88,2.55,3.25,2.78,2.03,1.83,2.17,1.75,2.1,1.8,2.02,1.76,0,1.84,2.1,2526
SP1,27/09/2025,13:00,Getafe,Levante,1,1,D,0,1,11,11,4,3,6,2,4,3,0,0,2.1,3.22,4.05,2.15,3.18,4.04,2.2,3.15,4.2,2.15,3.13,4.2,2.11,3.05,3.91,2.5,1.53,2.53,1.54,2.63,1.52,2.57,1.48,-0.5,2.14,1.78,2526
SP1,27/09/2025,15:15,Ath Madrid,Real Madrid,5,2,H,2,2,13,6,7,2,7,2,5,4,0,0,3.02,3.62,2.35,3.09,3.58,2.36,3.35,3.55,2.36,3.2,3.6,2.25,3.08,3.48,2.23,1.67,2.2,1.81,2.1,1.83,2.1,1.75,2.03,0.25,1.88,2.05,2526
SP1,27/09/2025,17:30,Mallorca,Alaves,1,0,H,1,0,12,12,3,3,4,8,2,3,0,0,2.42,3.03,3.45,2.57,2.91,3.39,2.6,3,3.5,2.5,2.95,3.4,2.45,2.86,3.32,3,1.4,3.1,1.39,3.2,1.4,2.96,1.38,-0.25,2.15,1.8,2526
SP1,27/09/2025,20:00,Villarreal,Ath Bilbao,1,0,H,0,0,14,16,5,4,6,5,2,0,0,0,2.11,3.33,3.86,2.1,3.34,3.92,2.12,3.45,4.1,2.1,3.4,4,2.02,3.29,3.81,2,1.85,2.12,1.79,2.05,1.83,1.98,1.79,-0.5,2.11,1.83,2526
SP1,28/09/2025,13:00,Vallecano,Sevilla,0,1,A,0,0,18,4,6,1,12,4,3,2,1,0,2.04,3.39,4.02,2.03,3.4,4.11,2.08,3.5,4.2,2,3.4,4.1,1.99,3.31,3.91,2.1,1.73,2.11,1.8,2.1,1.8,2.04,1.74,-0.5,2.04,1.88,2526
SP1,28/09/2025,15:15,Elche,Celta,2,1,H,1,1,17,8,8,2,7,2,3,3,0,0,2.89,3.2,2.68,2.94,3.18,2.69,2.96,3.25,2.8,2.88,3.2,2.7,2.78,3.13,2.63,2.3,1.62,2.14,1.76,2.15,1.77,2.1,1.7,0,2.06,1.88,2526
SP1,28/09/2025,17:30,Barcelona,Sociedad,2,1,H,1,1,22,7,12,2,12,1,1,2,0,0,1.29,5.34,12.23,1.29,6,10.32,1.38,5.7,9.4,1.38,5.75,9.5,1.35,5.33,7.7,1.33,3.4,1.36,3.19,1.43,3.1,1.39,2.92,-1.5,1.77,2.13,2526
SP1,28/09/2025,20:00,Betis,Osasuna,2,0,H,2,0,12,12,6,1,5,5,0,1,0,0,1.8,3.85,4.54,1.91,3.55,4.49,1.96,3.65,4.5,1.91,3.7,4.75,1.82,3.57,4.36,1.93,1.93,2.04,1.87,2.05,1.85,1.95,1.82,-0.5,1.92,2.01,2526
SP1,30/09/2025,19:00,Valencia,Oviedo,1,2,A,1,0,16,10,5,4,5,4,1,4,0,1,1.75,3.79,5,1.77,3.5,5.49,1.79,3.6,5.9,1.8,3.75,5.8,1.69,3.55,5.39,2.1,1.73,2.37,1.64,2.3,1.67,2.24,1.61,-0.75,2.03,1.9,2526
SP1,03/10/2025,20:00,Osasuna,Getafe,2,1,H,1,1,7,6,3,2,1,6,1,4,0,0,2.16,2.94,4.31,2.2,2.95,4.26,2.26,2.94,4.5,2.2,2.9,4.2,2.16,2.83,4.06,3.4,1.33,3.29,1.35,3.4,1.33,3.24,1.32,-0.25,1.85,2.09,2526
SP1,04/10/2025,13:00,Oviedo,Levante,0,2,A,0,1,13,14,2,5,9,3,2,2,0,0,2.56,3.34,2.92,2.47,3.25,3.17,2.52,3.35,3.2,2.42,3.4,3.14,2.37,3.22,3.07,2.2,1.67,2.13,1.78,2.12,1.75,2.08,1.71,-0.25,2.11,1.83,2526
SP1,04/10/2025,15:15,Girona,Valencia,2,1,H,1,0,4,19,4,6,0,7,5,1,2,0,2.52,3.41,2.91,2.34,3.35,3.32,2.5,3.3,3.3,2.4,3.4,3.1,2.36,3.27,3.01,1.98,1.88,2.01,1.89,2.05,1.83,1.96,1.8,-0.25,2.01,1.92,2526
SP1,04/10/2025,17:30,Ath Bilbao,Mallorca,2,1,H,1,0,18,7,5,2,7,2,5,6,0,1,1.58,3.91,6.72,1.64,3.72,6.44,1.66,3.85,7,1.64,3.8,6.5,1.61,3.67,6.03,2.2,1.67,2.32,1.67,2.28,1.67,2.22,1.62,-0.75,1.84,2.1,2526
SP1,04/10/2025,20:00,Real Madrid,Villarreal,3,1,H,0,0,26,9,7,2,4,0,2,4,0,1,1.47,5.38,5.82,1.4,5.38,7.35,1.44,5.5,8,1.42,5.33,7.5,1.39,5.07,6.76,1.4,3,1.43,2.89,1.45,3,1.41,2.8,-1.25,1.89,2.03,2526
SP1,05/10/2025,13:00,Alaves,Elche,3,1,H,0,0,25,6,5,3,14,4,3,1,0,1,2.42,3.09,3.37,2.39,3.04,3.56,2.3,3,4.1,2.25,3,4,2.2,2.92,3.81,2.63,1.5,2.76,1.47,2.85,1.46,2.71,1.44,-0.25,2.02,1.9,2526
SP1,05/10/2025,15:15,Sevilla,Barcelona,4,1,H,2,1,13,17,5,8,7,6,7,5,0,0,5.89,5.68,1.44,5.91,5.04,1.5,6.6,5.1,1.52,6.5,5,1.5,5.73,4.75,1.48,1.44,2.75,1.48,2.74,1.48,2.9,1.43,2.72,1.25,1.85,2.09,2526
SP1,05/10/2025,17:30,Espanol,Betis,1,2,A,1,0,14,12,5,3,10,5,2,6,0,0,2.7,3.49,2.66,2.67,3.44,2.76,2.68,3.45,2.94,2.6,3.4,2.8,2.53,3.32,2.74,1.85,2,1.86,2.05,1.95,1.97,1.85,1.9,0,1.93,2,2526
SP1,05/10/2025,17:30,Sociedad,Vallecano,0,1,A,0,0,10,7,3,2,7,5,1,2,0,0,2.07,3.5,3.76,2.16,3.43,3.65,2.24,3.45,3.75,2.15,3.4,3.65,2.12,3.33,3.47,2.1,1.73,2.11,1.8,2.08,1.88,1.98,1.79,-0.25,1.86,2.07,2526
SP1,05/10/2025,20:00,Celta,Ath Madrid,1,1,D,0,1,18,6,4,1,6,3,1,3,0,1,4.39,4.06,1.78,4.77,3.9,1.78,5.1,3.8,1.83,4.9,3.9,1.8,4.5,3.71,1.77,1.83,2.03,1.93,1.98,1.95,1.91,1.87,1.89,0.75,1.92,2.01,2526
SP1,17/10/2025,20:00,Oviedo,Espanol,0,2,A,0,0,13,19,4,10,3,5,2,1,0,0,3.09,3.04,2.62,2.97,3.12,2.7,3,3.2,2.78,3.05,3.1,2.7,2.87,3.04,2.61,2.63,1.5,2.45,1.6,2.48,1.61,2.37,1.55,0,2.06,1.87,2526
SP1,18/10/2025,13:00,Sevilla,Mallorca,1,3,A,1,0,13,7,4,6,9,2,2,1,0,0,1.87,3.46,4.74,1.87,3.49,4.81,1.9,3.6,5,1.91,3.5,5,1.83,3.38,4.63,2.2,1.67,2.25,1.71,2.22,1.73,2.15,1.67,-0.5,1.88,2.05,2526
SP1,18/10/2025,15:15,Barcelona,Girona,2,1,H,1,1,27,11,9,4,11,5,1,2,0,0,1.16,8.82,14.91,1.21,7.51,12.72,1.21,8.4,17,1.22,7.5,13,1.2,7.02,11.91,1.29,3.75,0,0,1.33,3.6,1.3,3.37,-2,1.89,2.01,2526
SP1,18/10/2025,17:30,Villarreal,Betis,2,2,D,1,0,7,16,3,3,5,6,1,1,0,0,1.93,3.83,3.91,2.09,3.65,3.63,2.18,3.65,3.65,2.1,3.75,3.55,2.06,3.62,3.35,1.67,2.2,1.58,2.5,1.55,2.55,1.53,2.42,-0.25,1.81,2.11,2526
SP1,18/10/2025,20:00,Ath Madrid,Osasuna,1,0,H,0,0,18,9,9,2,4,2,1,3,0,0,1.37,5.13,8.83,1.35,5.17,10.24,1.36,5.5,11.5,1.36,5.25,10,1.33,4.98,9.3,1.88,1.98,1.77,2.14,1.77,2.1,1.72,2.07,-1.5,2.12,1.8,2526
SP1,19/10/2025,13:00,Elche,Ath Bilbao,0,0,D,0,0,15,4,5,1,6,2,2,3,0,0,3.78,3.36,2.12,3.98,3.35,2.06,4.4,3.45,2.04,4.2,3.4,2.05,3.97,3.29,1.99,2.3,1.62,2.16,1.74,2.22,1.73,2.16,1.66,0.5,1.85,2.07,2526
SP1,19/10/2025,15:15,Celta,Sociedad,1,1,D,1,0,4,17,1,7,1,10,4,3,1,0,2.11,3.42,3.74,2.18,3.5,3.53,2.08,3.6,4,2,3.5,4,1.98,3.41,3.82,1.98,1.88,1.9,2.01,2.1,1.87,1.96,1.81,-0.5,2.18,1.77,2526
SP1,19/10/2025,17:30,Levante,Vallecano,0,3,A,0,2,17,10,4,5,11,4,0,1,0,0,2.84,3.54,2.51,2.86,3.37,2.62,2.78,3.4,2.86,2.71,3.35,2.8,2.63,3.25,2.69,1.98,1.88,1.98,1.93,2.05,1.84,1.96,1.8,0,2.05,1.88,2526
SP1,19/10/2025,20:00,Getafe,Real Madrid,0,1,A,0,0,7,23,1,10,1,4,4,1,2,0,7.03,4.65,1.47,7.35,4.57,1.46,9,4.6,1.48,7.5,4.6,1.48,7.14,4.42,1.44,1.95,1.9,1.94,1.96,1.98,1.91,1.89,1.87,1.25,1.82,2.13,2526
SP1,20/10/2025,20:00,Alaves,Valencia,0,0,D,0,0,13,5,3,2,7,0,1,2,0,0,2.28,3.16,3.58,2.23,3.23,3.7,2.26,3.25,3.9,2.2,3.2,3.75,2.18,3.11,3.59,2.5,1.53,2.4,1.62,2.35,1.65,2.28,1.6,-0.25,1.9,2.02,2526
SP1,24/10/2025,20:00,Sociedad,Sevilla,2,1,H,2,1,5,6,3,1,1,9,1,3,0,0,2.03,3.5,4,1.98,3.62,4.05,2.04,3.65,4.2,2,3.65,4.2,1.94,3.5,3.88,1.98,1.88,1.99,1.92,2,1.91,1.92,1.85,-0.5,1.99,1.93,2526
SP1,25/10/2025,13:00,Girona,Oviedo,3,3,D,0,1,8,10,6,5,11,4,4,3,0,0,1.81,3.57,4.87,1.76,3.74,5.08,1.8,3.75,5.6,1.8,3.75,5.4,1.74,3.56,4.95,2,1.8,2.03,1.88,2.07,1.85,2.01,1.77,-0.75,2,1.93,2526
SP1,25/10/2025,15:15,Espanol,Elche,1,0,H,0,0,16,13,7,4,4,2,4,2,0,0,2,3.47,4.06,2.03,3.29,4.31,2.06,3.35,4.6,2,3.4,4.33,1.97,3.33,3.99,2.1,1.73,2.2,1.74,2.15,1.73,2.08,1.71,-0.5,2.04,1.89,2526
SP1,25/10/2025,17:30,Ath Bilbao,Getafe,0,1,A,0,0,7,8,4,3,1,5,1,3,0,0,1.68,3.66,5.91,1.65,3.6,6.65,1.69,3.65,7.2,1.67,3.6,7.3,1.61,3.5,6.53,2.75,1.44,2.74,1.49,2.75,1.5,2.66,1.45,-0.75,1.88,2.05,2526
SP1,25/10/2025,20:00,Valencia,Villarreal,0,2,A,0,1,15,12,3,5,7,5,2,4,0,0,3.29,3.62,2.2,3.83,3.46,2.09,3.9,3.55,2.14,3.8,3.6,2.05,3.61,3.49,2.02,1.8,2,1.93,1.98,1.88,2,1.8,1.96,0.5,1.84,2.1,2526
SP1,26/10/2025,13:00,Mallorca,Levante,1,1,D,0,1,20,13,4,5,5,4,3,2,0,0,2.09,3.41,3.81,1.98,3.4,4.35,2.04,3.45,4.4,2,3.5,4.25,1.94,3.36,4.04,2.1,1.73,2.13,1.77,2.1,1.83,2.02,1.76,-0.5,1.99,1.93,2526
SP1,26/10/2025,15:15,Real Madrid,Barcelona,2,1,H,2,1,23,15,10,6,12,4,5,5,1,1,1.97,4.41,3.33,1.87,4.47,3.69,1.93,4.6,3.75,1.9,4.5,3.6,1.85,4.28,3.52,1.3,3.5,1.36,3.21,1.29,4,1.27,3.64,-0.5,1.88,2.05,2526
SP1,26/10/2025,17:30,Osasuna,Celta,2,3,A,2,1,17,11,7,5,6,2,3,4,0,0,2.43,3.2,3.24,2.4,3.25,3.29,2.5,3.35,3.3,2.43,3.25,3.25,2.37,3.16,3.11,2.2,1.67,2.18,1.75,2.2,1.73,2.14,1.67,-0.25,2.05,1.88,2526
SP1,26/10/2025,20:00,Vallecano,Alaves,1,0,H,0,0,15,12,5,2,7,5,1,3,0,0,2.15,3.09,4.08,2.23,3.08,3.93,2.3,3.1,4,2.25,3.1,3.85,2.2,3.01,3.7,2.63,1.5,2.66,1.51,2.7,1.52,2.59,1.48,-0.25,1.88,2.04,2526
SP1,27/10/2025,20:00,Betis,Ath Madrid,0,2,A,0,2,17,9,5,4,2,5,2,1,0,0,3.09,3.82,2.23,3.44,3.57,2.19,3.45,3.7,2.24,3.35,3.5,2.2,3.26,3.41,2.16,1.8,2,1.92,1.99,1.88,1.98,1.84,1.91,0.25,2.03,1.9,2526
SP1,31/10/2025,20:00,Getafe,Girona,2,1,H,0,0,12,8,4,4,8,3,1,1,0,0,2.2,3.03,4,2.2,3.04,3.99,2.22,3.15,4.2,2.15,3.1,4.1,2.12,3,3.96,2.75,1.44,2.78,1.46,2.7,1.52,2.59,1.48,-0.5,2.2,1.74,2526
SP1,01/11/2025,13:00,Villarreal,Vallecano,4,0,H,1,0,16,13,7,3,3,5,1,1,0,0,1.71,3.93,5.06,1.75,3.9,4.9,1.77,3.95,5.4,1.75,4,5.25,1.71,3.83,4.76,1.73,2.1,1.7,2.25,1.67,2.25,1.63,2.21,-0.75,1.96,1.96,2526
SP1,01/11/2025,15:15,Ath Madrid,Sevilla,3,0,H,0,0,15,10,6,2,9,4,0,3,0,0,1.34,5.82,8.48,1.34,5.44,9.46,1.36,5.7,10.5,1.38,5.4,9.5,1.34,5.06,8.53,1.62,2.3,1.68,2.3,1.75,2.25,1.68,2.13,-1.5,2.05,1.88,2526
SP1,01/11/2025,17:30,Sociedad,Ath Bilbao,3,2,H,1,1,9,11,5,4,6,2,2,3,0,0,2.8,3.02,2.9,2.7,2.98,3.11,2.84,3.05,3.1,2.8,3,3,2.71,2.88,2.91,2.5,1.53,2.5,1.58,2.63,1.53,2.54,1.49,0,1.83,2.11,2526
SP1,01/11/2025,20:00,Real Madrid,Valencia,4,0,H,3,0,21,4,11,1,7,1,1,1,0,0,1.18,8.44,13.21,1.17,8.08,17.23,1.15,11,23,1.14,9.5,19,1.13,8.76,17.47,1.36,3.2,1.37,3.17,1.33,3.6,1.3,3.39,-2.5,2.33,1.63,2526
SP1,02/11/2025,13:00,Levante,Celta,1,2,A,0,1,9,20,3,6,4,4,2,3,1,0,2.93,3.41,2.51,3.15,3.45,2.38,3.25,3.5,2.4,3.14,3.4,2.38,3.06,3.34,2.32,1.8,2,1.89,2.02,1.86,2.3,1.79,1.98,0.25,1.88,2.05,2526
SP1,02/11/2025,15:15,Alaves,Espanol,2,1,H,2,0,13,18,4,2,1,6,4,2,1,0,2.44,3.06,3.38,2.5,3.13,3.25,2.52,3.2,3.4,2.45,3.1,3.35,2.41,3.03,3.17,2.63,1.5,2.39,1.64,2.4,1.62,2.33,1.57,-0.25,2.12,1.82,2526
SP1,02/11/2025,17:30,Barcelona,Elche,3,1,H,2,1,17,9,5,3,6,3,0,1,0,0,1.26,5.67,13.56,1.19,7.78,14.02,1.21,8.4,16.5,1.21,7.5,14,1.19,7.24,12.59,1.36,3.2,1.35,3.23,1.3,3.75,1.29,3.49,-2,1.99,1.92,2526
SP1,02/11/2025,20:00,Betis,Mallorca,3,0,H,3,0,15,14,8,1,4,5,0,3,0,0,1.6,4.22,5.68,1.56,4.43,5.88,1.6,4.5,6.4,1.55,4.35,6,1.54,4.22,5.81,1.88,1.98,1.7,2.24,1.73,2.2,1.69,2.12,-1,1.96,1.96,2526
SP1,03/11/2025,20:00,Oviedo,Osasuna,0,0,D,0,0,8,11,2,5,4,2,3,1,0,0,3.06,3.07,2.63,3.23,3.2,2.46,3.3,3.25,2.52,3.2,3.14,2.5,3.08,3.08,2.43,2.38,1.57,2.24,1.7,2.28,1.7,2.21,1.63,0.25,1.84,2.1,2526
SP1,07/11/2025,20:00,Elche,Sociedad,1,1,D,0,0,12,13,3,5,1,3,1,3,0,0,2.79,3.24,2.77,3.15,3.17,2.53,3.2,3.2,2.62,3.1,3.2,2.55,2.96,3.11,2.49,2.2,1.67,2.29,1.68,2.28,1.67,2.21,1.64,0.25,1.8,2.16,2526
SP1,08/11/2025,13:00,Girona,Alaves,1,0,H,1,0,10,14,2,5,6,1,0,3,0,0,2.5,3.18,3.13,2.18,3.34,3.7,2.18,3.4,3.9,2.2,3.3,3.65,2.13,3.24,3.54,2.3,1.62,2.16,1.75,2.25,1.75,2.14,1.68,-0.25,1.87,2.06,2526
SP1,08/11/2025,15:15,Sevilla,Osasuna,1,0,H,0,0,10,9,4,3,5,6,5,3,0,0,2.21,3.28,3.62,2.34,3.18,3.51,2.38,3.25,3.65,2.35,3.3,3.45,2.26,3.2,3.31,2.2,1.67,2.11,1.79,2.12,1.83,2.05,1.73,-0.25,1.99,1.93,2526
SP1,08/11/2025,17:30,Ath Madrid,Levante,3,1,H,1,1,25,6,10,3,21,4,3,1,0,0,1.22,7.03,12.07,1.22,7.08,12.4,1.22,7.8,17,1.23,7,13,1.22,6.58,12.06,1.44,2.75,1.42,2.91,1.45,2.88,1.42,2.75,-2,2.01,1.88,2526
SP1,08/11/2025,20:00,Espanol,Villarreal,0,2,A,0,1,14,9,3,3,4,2,0,2,0,0,2.9,3.65,2.41,2.87,3.45,2.57,2.98,3.55,2.6,2.8,3.6,2.54,2.77,3.41,2.47,1.73,2.1,1.93,1.98,1.93,2,1.84,1.92,0,2.07,1.86,2526
SP1,09/11/2025,13:00,Ath Bilbao,Oviedo,1,0,H,1,0,21,5,7,2,7,4,1,1,0,0,1.52,3.89,8.01,1.61,3.66,7.14,1.63,3.8,7.8,1.64,3.8,7,1.58,3.61,6.62,2.2,1.67,2.39,1.63,2.38,1.62,2.28,1.59,-1,2.13,1.79,2526
SP1,09/11/2025,15:15,Vallecano,Real Madrid,0,0,D,0,0,13,21,2,5,5,8,3,2,0,0,6.16,4.85,1.5,6.19,4.67,1.52,6.6,4.7,1.56,6.4,4.9,1.53,5.83,4.65,1.49,1.57,2.38,1.53,2.62,1.53,2.63,1.5,2.49,1,2.04,1.88,2526
SP1,09/11/2025,17:30,Mallorca,Getafe,1,0,H,1,0,6,14,4,3,1,14,0,2,0,0,2.53,2.9,3.42,2.64,2.83,3.39,2.68,2.92,3.45,2.63,2.9,3.33,2.57,2.8,3.21,3.2,1.36,3.11,1.38,3.25,1.4,3.04,1.36,-0.25,2.2,1.78,2526
SP1,09/11/2025,17:30,Valencia,Betis,1,1,D,0,0,17,9,4,2,7,2,3,3,0,0,3.33,3.57,2.2,3.52,3.51,2.18,3.6,3.55,2.22,3.6,3.5,2.15,3.4,3.42,2.12,1.88,1.98,1.98,1.93,1.95,1.91,1.9,1.86,0.25,2.05,1.88,2526
SP1,09/11/2025,20:00,Celta,Barcelona,2,4,A,2,3,5,21,3,9,2,5,1,5,0,1,4.65,4.34,1.69,4.24,4.3,1.77,4.5,4.4,1.8,4.25,4.4,1.78,4.07,4.26,1.73,1.44,2.75,1.39,3.11,1.38,3.2,1.35,3.06,0.75,1.94,1.98,2526
SP1,21/11/2025,20:00,Valencia,Levante,1,0,H,0,0,14,8,3,1,7,0,4,3,0,0,2.03,3.66,3.73,2.08,3.52,3.79,2.14,3.55,3.95,2.06,3.5,4,2.02,3.42,3.7,1.85,2,2.02,1.88,2.03,1.95,1.94,1.83,-0.5,2.09,1.85,2526
SP1,22/11/2025,13:00,Alaves,Celta,0,1,A,0,0,5,7,2,4,4,2,2,2,0,0,2.58,3.12,3.08,2.77,3.02,2.99,2.86,3.1,3.05,2.7,3.1,2.95,2.64,3.01,2.87,2.3,1.62,2.43,1.61,2.4,1.62,2.32,1.58,0,1.89,2.04,2526
SP1,22/11/2025,15:15,Barcelona,Ath Bilbao,4,0,H,2,0,19,13,7,2,5,7,0,2,0,1,1.42,5.31,6.94,1.43,5.25,7,1.48,5.2,7.4,1.45,5.2,7,1.41,5.01,6.67,1.53,2.5,1.47,2.78,1.46,2.75,1.44,2.67,-1.25,1.97,1.95,2526
SP1,22/11/2025,17:30,Osasuna,Sociedad,1,3,A,1,0,14,19,4,9,3,3,3,2,1,0,2.89,3.09,2.76,2.71,3,3.08,2.8,3,3.15,2.75,3.1,3.1,2.67,2.96,2.9,2.3,1.62,2.45,1.6,2.4,1.62,2.34,1.57,0,1.84,2.1,2526
SP1,22/11/2025,20:00,Villarreal,Mallorca,2,1,H,1,1,14,9,7,3,3,1,2,2,0,0,1.43,4.98,7.2,1.41,5.02,7.91,1.45,5.2,8.2,1.41,5,8,1.39,4.85,7.59,1.67,2.2,1.68,2.27,1.67,2.4,1.61,2.25,-1.25,1.93,2,2526
SP1,23/11/2025,13:00,Oviedo,Vallecano,0,0,D,0,0,8,11,3,3,5,6,1,2,1,1,3.5,3.31,2.25,3.6,3.23,2.27,3.75,3.2,2.34,3.55,3.25,2.25,3.44,3.18,2.2,2.3,1.62,2.3,1.68,2.3,1.67,2.21,1.63,0.25,1.99,1.93,2526
SP1,23/11/2025,15:15,Betis,Girona,1,1,D,0,1,23,11,7,4,8,0,3,4,1,0,1.55,4.67,5.58,1.53,4.52,6.24,1.56,4.8,6.2,1.53,4.75,6.4,1.5,4.52,5.83,1.62,2.3,1.59,2.47,1.55,2.5,1.53,2.44,-1,1.86,2.07,2526
SP1,23/11/2025,17:30,Getafe,Ath Madrid,0,1,A,0,0,9,13,1,6,6,7,2,3,0,0,5.33,3.6,1.75,4.95,3.34,1.88,5.3,3.35,1.92,5.25,3.4,1.93,4.89,3.25,1.83,2.63,1.5,2.81,1.47,2.75,1.5,2.64,1.46,0.5,2.03,1.9,2526
SP1,23/11/2025,20:00,Elche,Real Madrid,2,2,D,0,0,15,20,6,7,2,8,4,0,1,0,7.23,5.4,1.4,7.07,5.56,1.4,7.2,5.5,1.45,7.5,5.3,1.43,6.8,5.13,1.4,1.5,2.63,1.51,2.65,1.5,2.7,1.47,2.59,1.25,1.97,1.95,2526
SP1,24/11/2025,20:00,Espanol,Sevilla,2,1,H,0,0,8,22,5,6,4,13,4,1,0,0,2.08,3.38,3.89,1.85,3.75,4.49,1.9,3.85,4.5,1.85,3.75,4.4,1.82,3.63,4.3,2.1,1.73,1.93,1.97,1.97,1.98,1.89,1.87,-0.5,1.86,2.08,2526
SP1,28/11/2025,20:00,Getafe,Elche,1,0,H,0,0,15,9,6,4,3,5,2,2,0,0,2.26,2.97,4,2.3,2.97,3.91,2.36,3,4,2.3,3,3.9,2.24,2.89,3.74,3,1.4,2.78,1.46,2.88,1.5,2.7,1.44,-0.25,1.93,1.99,2526
SP1,29/11/2025,13:00,Mallorca,Osasuna,2,2,D,0,0,7,14,4,2,2,8,3,4,0,0,2.38,3.09,3.45,2.5,3.03,3.37,2.54,3.1,3.5,2.5,3.2,3.35,2.39,3.04,3.2,2.5,1.53,2.46,1.6,2.45,1.6,2.35,1.56,-0.25,2.11,1.83,2526
SP1,29/11/2025,15:15,Barcelona,Alaves,3,1,H,2,1,18,9,6,2,5,4,2,3,0,0,1.19,7.57,13.71,1.25,6.64,11.13,1.29,6.8,12,1.28,6.5,11,1.25,6.14,10.02,1.36,3.2,1.43,2.86,1.42,3.1,1.4,2.87,-1.75,1.99,1.92,2526
SP1,29/11/2025,17:30,Levante,Ath Bilbao,0,2,A,0,2,11,14,4,4,4,2,3,2,0,0,3.52,3.45,2.17,3.94,3.47,2.05,4,3.55,2.1,4,3.5,2.05,3.78,3.33,2.02,2.1,1.73,2.08,1.81,2.1,1.8,2.05,1.74,0.5,1.87,2.06,2526
SP1,29/11/2025,20:00,Ath Madrid,Oviedo,2,0,H,2,0,14,12,8,1,7,2,0,1,0,0,1.23,6.19,15.28,1.25,6.23,12.97,1.26,7,15.5,1.25,6.5,14,1.23,6.03,12.5,1.67,2.2,1.66,2.28,1.66,2.3,1.62,2.23,-1.75,1.98,1.93,2526
SP1,30/11/2025,13:00,Sociedad,Villarreal,2,3,A,0,1,18,10,7,5,8,2,3,7,0,0,2.92,3.38,2.53,2.9,3.41,2.57,3,3.35,2.7,3,3.4,2.6,2.82,3.28,2.5,1.88,1.98,1.93,1.98,1.91,2.03,1.84,1.92,0,2.09,1.85,2526
SP1,30/11/2025,15:15,Sevilla,Betis,0,2,A,0,0,9,9,3,4,6,4,2,3,1,0,2.97,3.38,2.49,2.78,3.34,2.72,2.86,3.35,2.82,2.76,3.3,2.9,2.69,3.22,2.66,1.91,1.91,2.08,1.83,2.05,1.8,1.98,1.78,0,1.98,1.94,2526
SP1,30/11/2025,17:30,Celta,Espanol,0,1,A,0,0,11,9,4,2,4,3,1,2,0,0,2.05,3.42,3.95,1.92,3.57,4.4,1.96,3.6,4.5,1.92,3.5,4.33,1.89,3.43,4.2,1.8,2,1.99,1.92,1.96,2,1.9,1.86,-0.5,1.93,2,2526
SP1,30/11/2025,20:00,Girona,Real Madrid,1,1,D,1,0,10,25,4,4,2,5,3,0,0,0,6.99,5.28,1.42,7.01,5.71,1.38,8.6,5.8,1.4,8,5.75,1.4,7.19,5.42,1.36,1.4,3,1.37,3.18,1.36,3.3,1.35,3.08,1.5,1.92,2.01,2526
SP1,01/12/2025,20:00,Vallecano,Valencia,1,1,D,1,0,19,10,7,2,10,5,1,1,0,0,1.98,3.41,4.25,2.11,3.21,4.11,2.12,3.35,4.2,2.07,3.3,4,2.04,3.18,3.94,2.1,1.73,2.29,1.68,2.23,1.67,2.19,1.65,-0.5,2.12,1.83,2526
SP1,02/12/2025,20:00,Barcelona,Ath Madrid,3,1,H,1,1,19,7,6,2,5,4,1,1,0,0,1.75,4.46,4.22,1.69,4.49,4.51,1.73,4.5,4.8,1.71,4.33,4.75,1.68,4.24,4.38,1.4,3,1.41,2.99,1.41,3.1,1.38,2.91,-0.75,1.88,2.06,2526
SP1,03/12/2025,18:00,Ath Bilbao,Real Madrid,0,3,A,0,2,9,13,4,8,5,7,2,0,0,0,4.06,4.2,1.81,4.34,3.69,1.89,4.6,3.75,1.92,4.35,3.75,1.93,4.19,3.63,1.83,1.73,2.1,1.95,1.95,1.93,1.93,1.87,1.89,0.5,2.03,1.9,2526
SP1,05/12/2025,20:00,Oviedo,Mallorca,0,0,D,0,0,15,13,3,6,8,5,2,1,2,0,2.66,3.04,3.1,2.63,3.05,3.13,2.68,3.15,3.2,2.65,3,3,2.6,2.94,2.97,2.5,1.53,2.57,1.54,2.63,1.53,2.47,1.51,0,1.8,2.15,2526
SP1,06/12/2025,13:00,Villarreal,Getafe,2,0,H,1,0,10,6,5,0,5,3,2,4,0,1,1.59,3.97,6.38,1.64,3.78,6.23,1.68,3.8,7,1.67,3.75,6,1.63,3.65,5.85,2.1,1.73,2.21,1.72,2.2,1.73,2.13,1.67,-0.75,1.84,2.1,2526
SP1,06/12/2025,15:15,Alaves,Sociedad,1,0,H,1,0,14,10,3,1,5,8,2,2,0,0,2.8,3.05,2.88,2.77,3.02,2.98,2.88,3.1,2.98,2.75,3,3,2.7,2.94,2.87,2.63,1.5,2.75,1.5,2.75,1.5,2.6,1.47,0,1.89,2.04,2526
SP1,06/12/2025,17:30,Betis,Barcelona,3,5,A,1,4,17,16,5,8,7,7,5,2,0,0,4.05,4.41,1.78,3.76,4.11,1.91,4,4.2,1.93,3.8,4.2,1.98,3.61,4.11,1.86,1.36,3.2,1.37,3.19,1.38,3.4,1.34,3.14,0.5,2,1.93,2526
SP1,06/12/2025,20:00,Ath Bilbao,Ath Madrid,1,0,H,0,0,14,7,3,3,5,6,3,2,0,0,3.33,3.33,2.31,2.99,3.2,2.63,3,3.3,2.7,2.95,3.25,2.62,2.88,3.18,2.52,2.2,1.67,2.19,1.73,2.2,1.73,2.1,1.7,0,2.1,1.84,2526
SP1,07/12/2025,13:00,Elche,Girona,3,0,H,1,0,11,8,6,4,2,2,0,3,0,0,2.16,3.57,3.45,2.15,3.37,3.76,2.22,3.4,3.85,2.15,3.3,3.9,2.09,3.27,3.62,1.88,1.98,2.1,1.83,2.05,1.85,1.99,1.78,-0.25,1.85,2.09,2526
SP1,07/12/2025,15:15,Valencia,Sevilla,1,1,D,0,0,11,4,3,1,2,2,3,6,0,0,2.16,3.5,3.51,2.01,3.45,4.13,2.08,3.5,4.2,2.02,3.4,4,1.99,3.32,3.91,2.1,1.73,2.26,1.69,2.22,1.73,2.14,1.67,-0.5,2.02,1.9,2526
SP1,07/12/2025,17:30,Espanol,Vallecano,1,0,H,1,0,9,6,2,2,6,2,4,8,1,1,2.33,3.4,3.22,2.46,3.21,3.23,2.52,3.3,3.3,2.45,3.2,3.2,2.36,3.12,3.1,2.2,1.67,2.41,1.62,2.36,1.62,2.27,1.6,-0.25,2.1,1.84,2526
SP1,07/12/2025,20:00,Real Madrid,Celta,0,2,A,0,0,23,7,7,5,8,1,6,1,3,0,1.3,5.84,9.64,1.28,6.3,11,1.3,6.6,11.5,1.29,6.5,10.5,1.26,6.19,9.81,1.36,3.2,1.4,3,1.4,3.2,1.37,2.98,-1.75,1.98,1.9,2526
SP1,08/12/2025,20:00,Osasuna,Levante,2,0,H,2,0,14,11,6,5,3,3,2,2,0,0,1.77,3.83,4.77,1.7,4,5.1,1.75,4.1,5.3,1.73,4.1,5,1.68,3.83,4.89,1.91,1.91,1.86,2.06,1.91,2.03,1.84,1.92,-0.75,1.92,2.01,2526
SP1,12/12/2025,20:00,Sociedad,Girona,1,2,A,1,0,9,14,4,3,4,3,1,2,0,0,1.78,3.83,4.86,1.83,3.67,4.63,1.86,3.8,4.9,1.85,3.75,4.75,1.78,3.62,4.5,1.98,1.88,2,1.9,1.98,1.91,1.9,1.84,-0.5,1.85,2.09,2526
SP1,13/12/2025,13:00,Ath Madrid,Valencia,2,1,H,1,0,10,13,6,2,5,7,3,1,0,0,1.33,5,11.34,1.33,5.54,9.6,1.34,5.9,11,1.32,5.6,11,1.29,5.48,9.56,1.73,2.1,1.62,2.41,1.6,2.4,1.57,2.32,-1.5,1.98,1.94,2526
SP1,13/12/2025,15:15,Mallorca,Elche,3,1,H,1,1,15,9,8,0,1,1,3,0,0,0,2.51,3.09,3.22,2.62,3.02,3.17,2.68,3.1,3.25,2.6,3.1,3.2,2.5,2.98,3.06,2.38,1.57,2.57,1.55,2.5,1.6,2.41,1.54,-0.25,2.19,1.74,2526
SP1,13/12/2025,17:30,Barcelona,Osasuna,2,0,H,0,0,24,3,7,2,14,1,0,3,0,0,1.22,6.97,12.01,1.2,8.15,12.5,1.21,8.4,17,1.2,8,15,1.18,7.52,12.91,1.25,4,1.32,3.45,1.31,3.7,1.29,3.49,-2,1.79,2.1,2526
SP1,13/12/2025,20:00,Getafe,Espanol,0,1,A,0,0,11,6,1,4,6,4,5,1,0,0,2.61,2.89,3.29,2.72,2.8,3.31,2.78,2.88,3.35,2.63,2.88,3.25,2.6,2.77,3.18,3.2,1.36,3.6,1.31,3.5,1.33,3.3,1.31,0,1.78,2.18,2526
SP1,14/12/2025,13:00,Sevilla,Oviedo,4,0,H,2,0,13,5,7,1,5,3,1,2,0,1,1.93,3.29,4.65,2.15,3.15,4.07,2.14,3.25,4.3,2.1,3.25,4.33,2.05,3.05,3.89,2.2,1.67,2.44,1.61,2.4,1.65,2.28,1.59,-0.25,1.83,2.11,2526
SP1,14/12/2025,15:15,Celta,Ath Bilbao,2,0,H,0,0,5,14,2,2,1,4,3,2,0,0,2.74,3.25,2.78,3.04,3.11,2.65,3.1,3.2,2.74,3,3.2,2.7,2.86,3.11,2.58,2.1,1.73,2.33,1.65,2.3,1.7,2.2,1.63,0,2.11,1.83,2526
SP1,14/12/2025,20:00,Alaves,Real Madrid,1,2,A,0,1,6,13,2,6,5,7,3,1,0,0,6,3.88,1.63,5.73,4.12,1.61,6.4,4.3,1.62,6.1,4.2,1.62,5.73,4.05,1.56,1.73,2.1,1.79,2.1,1.8,2.1,1.75,2.02,1,1.85,2.08,2526
SP1,15/12/2025,20:00,Vallecano,Betis,0,0,D,0,0,23,13,7,6,8,3,4,1,0,0,2.65,3.48,2.71,,,,2.66,3.3,3.05,2.6,3.25,2.95,2.55,3.15,2.88,1.95,1.9,2.24,1.71,2.2,1.85,2.11,1.69,0,1.83,2.11,2526
SP1,19/12/2025,20:00,Valencia,Mallorca,1,1,D,0,1,17,4,2,2,12,3,2,3,0,0,2.04,3.3,4.26,2.11,3.22,4.08,2.14,3.25,4.3,2.06,3.25,4.25,2.03,3.17,3.96,2.38,1.57,2.46,1.58,2.45,1.58,2.37,1.55,-0.5,2.12,1.82,2526
SP1,20/12/2025,13:00,Oviedo,Celta,0,0,D,0,0,10,6,3,2,4,3,2,1,0,0,3.81,3.39,2.1,3.6,3.26,2.26,3.8,3.25,2.3,3.65,3.33,2.25,3.47,3.18,2.18,2.2,1.67,2.45,1.61,2.5,1.6,2.34,1.56,0.25,2,1.93,2526
SP1,20/12/2025,15:15,Levante,Sociedad,1,1,D,0,1,13,18,3,6,7,10,6,2,0,0,3.47,3.53,2.16,3.18,3.38,2.4,3.25,3.4,2.5,3.1,3.33,2.45,3,3.26,2.38,1.93,1.93,2.11,1.8,2.1,1.8,2.03,1.75,0.25,1.87,2.07,2526
SP1,20/12/2025,17:30,Osasuna,Alaves,3,0,H,0,0,16,7,7,3,9,0,2,2,0,0,2.23,3.12,3.78,2.23,3.04,3.97,2.32,3.05,4.1,2.26,3,4,2.2,2.91,3.82,2.63,1.5,3.06,1.4,3.2,1.4,2.93,1.38,-0.25,1.88,2.04,2526
SP1,20/12/2025,20:00,Real Madrid,Sevilla,2,0,H,1,0,18,14,8,5,6,5,2,5,0,1,1.21,7.03,13.82,1.21,7.06,13.73,1.22,8.4,15,1.22,7.5,15,1.19,7.14,12.64,1.36,3.2,1.41,2.97,1.4,3.15,1.36,3.02,-2,1.93,1.97,2526
SP1,21/12/2025,13:00,Girona,Ath Madrid,0,3,A,0,2,9,14,2,6,3,4,2,0,0,0,4.93,4.18,1.68,4.97,3.77,1.76,5.5,3.9,1.77,5,3.9,1.73,4.76,3.76,1.71,1.73,2.1,1.94,1.96,1.88,2,1.8,1.95,0.75,1.93,2,2526
SP1,21/12/2025,15:15,Villarreal,Barcelona,0,2,A,0,1,14,19,5,5,5,10,1,1,1,0,3.54,4.86,1.83,4.19,4.48,1.75,4.3,4.5,1.82,4.1,4.5,1.8,3.92,4.36,1.73,1.29,3.75,1.37,3.21,1.36,3.33,1.33,3.19,0.75,1.98,1.94,2526
SP1,21/12/2025,17:30,Elche,Vallecano,4,0,H,1,0,18,18,6,8,4,5,2,3,0,0,2.48,3.08,3.27,2.56,2.99,3.31,2.62,3.05,3.4,2.54,3,3.25,2.48,2.94,3.15,2.38,1.57,2.68,1.5,2.63,1.53,2.52,1.5,-0.25,2.16,1.8,2526
SP1,21/12/2025,20:00,Betis,Getafe,4,0,H,1,0,19,15,8,3,7,5,0,1,0,0,1.71,3.63,5.69,1.77,3.45,5.72,1.78,3.55,6.2,1.75,3.4,5.66,1.73,3.31,5.5,2.38,1.57,2.69,1.5,2.63,1.5,2.56,1.48,-0.75,2.04,1.89,2526
SP1,22/12/2025,20:00,Ath Bilbao,Espanol,1,2,A,1,1,17,10,7,5,8,4,5,2,0,0,1.8,3.51,5.1,1.88,3.43,4.87,1.94,3.5,4.9,1.95,3.4,4.8,1.85,3.31,4.59,2.3,1.62,2.32,1.67,2.32,1.65,2.26,1.6,-0.5,1.88,2.04,2526
SP1,02/01/2026,20:00,Vallecano,Getafe,1,1,D,1,0,13,12,4,4,3,2,3,4,0,0,2.11,2.96,4.63,2.15,2.87,4.68,2.2,2.94,4.8,2.12,2.9,5.1,2.05,2.83,4.55,3.4,1.33,3.37,1.34,3.4,1.36,3.21,1.32,-0.5,2.16,1.8,2526
SP1,03/01/2026,13:00,Celta,Valencia,4,1,H,1,0,12,16,6,5,2,4,1,3,0,0,2.01,3.35,4.19,2.06,3.29,4.16,2.1,3.35,4.4,2.02,3.33,4.1,1.99,3.24,3.99,2.1,1.73,2.33,1.67,2.25,1.68,2.2,1.64,-0.5,2.07,1.86,2526
SP1,03/01/2026,15:15,Osasuna,Ath Bilbao,1,1,D,1,0,11,16,4,6,1,9,3,3,0,0,3.17,2.92,2.67,3.1,3.02,2.68,3.2,3.05,2.76,3.1,3,2.66,2.98,2.95,2.58,2.38,1.57,2.59,1.55,2.63,1.55,2.47,1.51,0,2.12,1.83,2526
SP1,03/01/2026,17:30,Elche,Villarreal,1,3,A,1,2,15,12,2,4,6,2,3,3,0,0,3.24,3.58,2.24,3.24,3.52,2.3,3.35,3.55,2.34,3.25,3.6,2.28,3.09,3.44,2.24,1.8,2,1.8,2.09,1.8,2.1,1.75,2.02,0.25,1.93,1.99,2526
SP1,03/01/2026,20:00,Espanol,Barcelona,0,2,A,0,0,14,15,7,6,5,7,1,0,0,0,5.55,4.83,1.54,5.94,4.75,1.52,6.6,4.9,1.54,6.5,5,1.53,5.81,4.64,1.48,1.4,3,1.53,2.61,1.53,2.7,1.49,2.55,1.25,1.81,2.1,2526
SP1,04/01/2026,13:00,Sevilla,Levante,0,3,A,0,1,15,6,7,4,5,1,3,4,0,0,1.78,3.83,4.73,1.79,3.65,5.07,1.81,3.8,5.3,1.8,3.8,5,1.74,3.69,4.6,1.91,1.91,1.99,1.92,1.91,2,1.84,1.91,-0.75,2.03,1.89,2526
SP1,04/01/2026,15:15,Real Madrid,Betis,5,1,H,1,0,19,13,9,5,5,8,1,1,0,0,1.45,4.92,6.8,1.51,4.55,6.75,1.55,4.6,7,1.52,4.8,6.5,1.48,4.59,6.05,1.44,2.75,1.56,2.52,1.57,2.6,1.51,2.47,-1,1.85,2.09,2526
SP1,04/01/2026,17:30,Alaves,Oviedo,1,1,D,0,0,18,18,7,6,6,7,3,3,1,1,1.92,3.12,5.17,1.93,3.03,5.48,1.97,3.1,5.8,2,3,5.5,1.92,2.88,5.14,3,1.4,3.35,1.34,3.4,1.36,3.21,1.33,-0.5,1.94,1.98,2526
SP1,04/01/2026,17:30,Mallorca,Girona,1,2,A,0,1,9,9,2,4,3,6,2,1,0,0,2.26,3.29,3.49,2.25,3.17,3.73,2.3,3.2,3.85,2.3,3.25,3.5,2.26,3.1,3.39,2.2,1.67,2.37,1.65,2.3,1.65,2.25,1.61,-0.25,1.92,2.01,2526
SP1,04/01/2026,20:00,Sociedad,Ath Madrid,1,1,D,0,0,18,10,8,2,6,6,3,2,0,0,3.86,3.72,1.97,4.25,3.81,1.88,4.3,3.9,1.94,4.4,3.8,1.95,3.91,3.65,1.88,2,1.8,1.77,2.13,1.8,2.1,1.76,2.01,0.5,2.04,1.89,2526
SP1,09/01/2026,20:00,Getafe,Sociedad,1,2,A,0,1,6,12,3,5,2,4,2,1,0,0,3.54,2.88,2.52,3.64,2.99,2.39,3.75,3,2.46,3.6,3,2.45,3.44,2.89,2.37,3.2,1.36,2.97,1.42,3.15,1.44,2.88,1.39,0.25,1.92,2.01,2526
SP1,10/01/2026,13:00,Oviedo,Betis,1,1,D,0,0,13,15,3,6,5,2,3,1,0,0,4.34,3.41,1.95,3.89,3.48,2.05,4,3.55,2.08,4,3.6,2.05,3.85,3.36,1.98,2.1,1.73,2.1,1.8,2.12,1.83,2.04,1.73,0.5,1.86,2.07,2526
SP1,10/01/2026,15:15,Villarreal,Alaves,3,1,H,0,0,11,16,4,5,1,6,0,2,0,0,1.48,4.54,7.03,1.49,4.29,7.76,1.5,4.4,8.6,1.5,4.7,8,1.44,4.37,7.25,1.88,1.98,2,1.91,2,1.96,1.9,1.85,-1.25,2.16,1.78,2526
SP1,10/01/2026,17:30,Girona,Osasuna,1,0,H,1,0,8,13,4,1,2,1,2,6,1,0,2.42,3.2,3.25,2.61,3.14,3.07,2.66,3.2,3.15,2.6,3.2,3,2.49,3.09,2.97,2.1,1.73,2.4,1.63,2.36,1.67,2.23,1.62,0,1.81,2.14,2526
SP1,10/01/2026,20:00,Valencia,Elche,1,1,D,0,0,16,5,4,1,8,6,2,3,0,0,2.26,3.14,3.66,2.04,3.36,4.14,2.08,3.45,4.2,2.1,3.3,4.2,2.02,3.19,3.95,2.1,1.73,2.33,1.67,2.3,1.67,2.2,1.63,-0.5,2.05,1.88,2526
SP1,11/01/2026,13:00,Vallecano,Mallorca,2,1,H,2,1,14,9,5,2,6,5,1,5,1,0,1.93,3.24,4.78,1.93,3.25,4.93,1.98,3.3,5.1,1.91,3.3,5,1.89,3.17,4.64,2.5,1.53,2.59,1.53,2.63,1.53,2.5,1.5,-0.5,1.93,1.98,2526
SP1,11/01/2026,15:15,Levante,Espanol,1,1,D,0,0,8,19,2,3,4,3,0,1,0,0,3.16,3.29,2.42,3.22,3.31,2.41,3.35,3.35,2.44,3.25,3.35,2.38,3.12,3.24,2.32,2,1.8,2.1,1.81,2.1,1.8,2.01,1.76,0.25,1.87,2.06,2526
SP1,12/01/2026,20:00,Sevilla,Celta,0,1,A,0,0,7,9,2,7,6,1,3,3,0,0,2.65,3.39,2.77,2.66,3.15,3,2.82,3.15,2.98,2.75,3.2,2.9,2.66,3.05,2.81,2.03,1.83,2.34,1.66,2.4,1.65,2.26,1.6,0,1.85,2.09,2526
SP1,16/01/2026,20:00,Espanol,Girona,0,2,A,0,1,14,7,2,4,5,4,5,5,0,0,,,,,,,1.94,3.6,4.7,1.95,3.55,4.7,1.85,3.41,4.4,2.1,1.73,,,2.2,1.74,2.11,1.69,-0.5,,,2526
SP1,17/01/2026,13:00,Real Madrid,Levante,2,0,H,0,0,26,10,11,0,8,0,2,1,0,0,,,,,,,1.17,10,19,1.18,9,18,1.14,8.56,15.19,1.29,3.75,,,1.29,3.9,1.26,3.68,-2.5,,,2526
SP1,17/01/2026,15:15,Mallorca,Ath Bilbao,3,2,H,2,2,18,21,9,11,3,7,1,5,0,2,,,,,,,3.9,3.25,2.28,3.8,3.2,2.2,3.64,3.09,2.15,2.5,1.53,,,2.38,1.62,2.29,1.58,0.25,,,2526
SP1,17/01/2026,17:30,Osasuna,Oviedo,3,2,H,1,1,16,13,5,5,3,6,1,4,1,0,,,,,,,1.79,3.65,5.9,1.8,3.6,5.6,1.73,3.48,5.22,2.38,1.57,,,2.3,1.67,2.23,1.62,-0.75,,,2526
SP1,17/01/2026,20:00,Betis,Villarreal,2,0,H,0,0,15,9,6,3,2,3,3,2,0,1,,,,,,,2.7,3.6,2.8,2.63,3.6,2.7,2.55,3.45,2.64,1.67,2.2,,,1.73,2.2,1.67,2.13,0,,,2526
SP1,18/01/2026,13:00,Getafe,Valencia,0,1,A,0,0,14,7,3,1,9,3,2,3,0,1,,,,,,,2.62,2.82,3.7,2.56,2.88,3.6,2.47,2.73,3.44,3.4,1.33,,,3.3,1.36,3.16,1.33,-0.25,,,2526
SP1,18/01/2026,15:15,Ath Madrid,Alaves,1,0,H,0,0,23,8,6,0,6,6,1,1,0,0,,,,,,,1.37,5.5,10.5,1.4,5,10,1.35,4.8,8.98,1.88,1.98,,,1.93,1.94,1.87,1.88,-1.25,,,2526
SP1,18/01/2026,17:30,Celta,Vallecano,3,0,H,1,0,11,14,7,3,5,7,4,3,0,1,,,,,,,1.96,3.5,4.8,1.92,3.35,4.75,1.9,3.27,4.39,2.2,1.67,,,2.22,1.7,2.17,1.65,-0.5,,,2526
SP1,18/01/2026,20:00,Sociedad,Barcelona,2,1,H,1,0,8,25,6,9,6,8,3,3,1,0,,,,,,,5.3,4.5,1.68,5,4.5,1.67,4.7,4.37,1.62,1.4,3,,,1.5,3,1.42,2.76,1,,,2526
SP1,19/01/2026,20:00,Elche,Sevilla,2,2,D,1,0,10,25,5,8,9,7,3,1,0,0,,,,,,,2.48,3.2,3.45,2.45,3.1,3.33,2.39,3.04,3.19,2.2,1.67,,,2.5,1.6,2.38,1.54,-0.25,,,2526
SP1,23/01/2026,20:00,Levante,Elche,3,2,H,0,1,26,6,6,3,9,1,2,3,0,0,,,,,,,2.32,3.55,3.4,2.3,3.4,3.33,2.23,3.33,3.18,2.05,1.8,,,1.95,1.91,1.91,1.84,-0.25,,,2526
SP1,24/01/2026,13:00,Vallecano,Osasuna,1,3,A,0,1,11,14,4,5,4,3,2,2,0,0,,,,,,,2.32,3.2,3.75,2.25,3.2,3.6,2.22,3.09,3.49,2.3,1.62,,,2.42,1.62,2.34,1.57,-0.25,,,2526
SP1,24/01/2026,15:15,Valencia,Espanol,3,2,H,1,0,10,16,5,6,2,7,1,5,0,0,,,,,,,2.52,3.25,3.3,2.45,3.2,3.25,2.39,3.11,3.13,2.3,1.62,,,2.33,1.62,2.27,1.6,-0.25,,,2526
SP1,24/01/2026,17:30,Sevilla,Ath Bilbao,2,1,H,1,1,10,15,7,3,5,5,2,1,0,0,,,,,,,2.74,3.05,3.2,2.65,3.1,3,2.61,2.97,2.93,2.3,1.62,,,2.5,1.55,2.44,1.53,0,,,2526
SP1,24/01/2026,20:00,Villarreal,Real Madrid,0,2,A,0,0,8,14,1,4,6,6,3,1,0,0,,,,,,,4.1,4.2,1.91,4.1,4.2,1.9,3.74,4.05,1.84,1.5,2.63,,,1.44,3,1.4,2.81,0.5,,,2526
SP1,25/01/2026,13:00,Ath Madrid,Mallorca,3,0,H,1,0,17,6,8,1,10,3,2,1,0,0,,,,,,,1.35,5.5,12,1.34,5.25,10.5,1.32,5.06,9.62,1.67,2.2,,,1.8,2.1,1.73,2.05,-1.5,,,2526
SP1,25/01/2026,15:15,Barcelona,Oviedo,3,0,H,0,0,15,12,7,3,10,1,1,2,0,0,,,,,,,1.15,11.5,20,1.17,10,20,1.12,9.35,17.46,1.22,4.33,,,1.26,4.2,1.24,3.92,-2.5,,,2526
SP1,25/01/2026,17:30,Sociedad,Celta,3,1,H,1,0,10,17,4,4,2,9,1,1,1,0,,,,,,,2.24,3.4,3.8,2.2,3.3,3.66,2.12,3.26,3.54,2.05,1.8,,,2.12,1.73,2.07,1.72,-0.25,,,2526
SP1,25/01/2026,20:00,Alaves,Betis,2,1,H,1,0,17,18,9,4,6,4,1,1,0,0,,,,,,,2.78,3.05,3.15,2.75,3,3,2.66,2.95,2.9,2.3,1.62,,,2.5,1.6,2.42,1.54,0,,,2526
SP1,26/01/2026,20:00,Girona,Getafe,1,1,D,0,0,12,8,4,2,3,4,5,3,0,0,,,,,,,2.26,3.05,4.3,2.23,3,4,2.16,2.95,3.87,3,1.4,,,3,1.44,2.77,1.42,-0.25,,,2526
SP1,30/01/2026,20:00,Espanol,Alaves,1,2,A,1,1,10,11,3,7,4,2,0,1,0,0,,,,,,,2.06,3.2,4.9,2,3.15,4.75,1.94,3.07,4.51,2.63,1.5,,,2.63,1.53,2.52,1.5,-0.5,,,2526
SP1,31/01/2026,13:00,Oviedo,Girona,1,0,H,0,0,8,9,4,1,4,4,1,1,0,0,,,,,,,2.94,3.15,2.88,2.88,3.1,2.83,2.78,2.99,2.73,2.3,1.62,,,2.3,1.62,2.26,1.6,0,,,2526
SP1,31/01/2026,15:15,Osasuna,Villarreal,2,2,D,2,1,15,5,5,4,6,2,2,2,0,0,,,,,,,2.86,3.45,2.74,2.88,3.5,2.63,2.73,3.28,2.56,1.91,1.91,,,1.92,1.98,1.87,1.88,0,,,2526
SP1,31/01/2026,17:30,Levante,Ath Madrid,0,0,D,0,0,10,10,2,4,4,7,2,1,0,0,,,,,,,5.3,4.1,1.75,5,4.1,1.73,4.87,3.82,1.69,1.73,2.1,,,1.88,2.1,1.76,2.02,0.75,,,2526
SP1,31/01/2026,20:00,Elche,Barcelona,1,3,A,1,2,9,30,3,8,2,8,2,1,0,0,,,,,,,10,6.6,1.31,9.5,6.75,1.3,8.62,6.26,1.28,1.36,3.2,,,1.33,3.6,1.31,3.36,1.75,,,2526
SP1,01/02/2026,13:00,Real Madrid,Vallecano,2,1,H,1,0,16,11,6,4,9,4,2,8,0,2,,,,,,,1.28,7,12.5,1.3,7,11.5,1.26,6.17,9.75,1.44,2.75,,,1.4,3.2,1.38,2.97,-1.75,,,2526
SP1,01/02/2026,15:15,Betis,Valencia,2,1,H,1,1,14,15,2,4,3,5,0,4,0,0,,,,,,,1.85,3.75,5,1.83,3.6,5,1.81,3.48,4.54,1.9,1.95,,,2.1,1.91,1.93,1.83,-0.5,,,2526
SP1,01/02/2026,17:30,Getafe,Celta,0,0,D,0,0,9,5,2,1,5,3,1,2,0,0,,,,,,,3.05,2.9,3,3,2.9,2.88,2.9,2.81,2.8,3,1.4,,,3,1.4,2.95,1.38,0,,,2526
SP1,01/02/2026,20:00,Ath Bilbao,Sociedad,1,1,D,0,1,19,9,4,6,6,3,4,2,0,1,,,,,,,2.34,3.25,3.7,2.25,3.2,3.6,2.21,3.1,3.52,2.2,1.67,,,2.2,1.7,2.17,1.65,-0.25,,,2526
SP1,02/02/2026,20:00,Mallorca,Sevilla,4,1,H,1,1,11,15,7,5,4,8,1,1,0,0,,,,,,,2.78,3.15,3.05,2.71,3.1,2.9,2.65,3.01,2.84,2.2,1.67,,,2.5,1.62,2.36,1.56,0,,,2526
SP1,06/02/2026,20:00,Celta,Osasuna,1,2,A,0,1,18,8,4,2,7,3,2,2,0,0,,,,,,,2.16,3.3,4.2,2.1,3.4,4,2.05,3.24,3.8,2.2,1.67,,,2.15,1.73,2.1,1.7,-0.5,,,2526
SP1,07/02/2026,15:15,Barcelona,Mallorca,3,0,H,1,0,24,9,7,4,12,3,0,0,0,0,,,,,,,1.17,10,20,1.17,9,20,1.14,8.4,15.31,1.25,4,,,1.29,3.9,1.27,3.6,-2.25,,,2526
SP1,07/02/2026,20:00,Sociedad,Elche,3,1,H,2,1,11,11,3,5,2,4,0,4,0,0,,,,,,,1.68,4.1,6,1.67,4.2,5.5,1.62,4.02,5.14,1.8,2,,,1.8,2.05,1.76,2.01,-0.75,,,2526
SP1,08/02/2026,13:00,Alaves,Getafe,0,2,A,0,0,13,17,5,5,6,3,2,5,0,0,,,,,,,2.5,2.74,4.2,2.45,2.75,3.9,2.38,2.67,3.78,3.5,1.3,,,3.9,1.29,3.72,1.26,-0.25,,,2526
SP1,08/02/2026,15:15,Ath Bilbao,Levante,4,2,H,2,0,22,6,7,3,4,3,2,1,0,1,,,,,,,1.67,4,6.4,1.68,4,6.1,1.61,3.87,5.54,2,1.85,,,1.91,1.95,1.88,1.87,-0.75,,,2526
SP1,08/02/2026,15:15,Sevilla,Girona,1,1,D,0,1,11,15,3,6,5,7,3,3,0,0,,,,,,,2.08,3.55,4.1,2.06,3.5,3.8,2.02,3.4,3.7,2,1.8,,,2.12,1.83,2.03,1.75,-0.5,,,2526
SP1,08/02/2026,17:30,Ath Madrid,Betis,0,1,A,0,1,10,8,5,4,7,3,3,1,0,0,,,,,,,1.49,5,7.4,1.49,4.8,7.5,1.45,4.66,6.35,1.67,2.2,,,1.6,2.38,1.57,2.31,-1.25,,,2526
SP1,08/02/2026,20:00,Valencia,Real Madrid,0,2,A,0,0,7,11,0,6,5,8,1,1,0,0,,,,,,,5.6,4.4,1.66,5.6,4.25,1.68,5.01,4.1,1.62,1.57,2.38,,,1.68,2.38,1.63,2.23,1,,,2526
SP1,09/02/2026,20:00,Villarreal,Espanol,4,1,H,2,0,10,9,3,2,5,8,3,3,0,0,,,,,,,1.75,4.1,5.2,1.73,4.1,5,1.69,3.91,4.73,1.73,2.1,,,1.83,2.08,1.77,1.99,-0.75,,,2526
SP1,13/02/2026,20:00,Elche,Osasuna,0,0,D,0,0,17,6,5,2,10,3,2,4,0,0,,,,,,,3.1,3.15,2.74,2.95,3.3,2.6,2.88,3.14,2.53,2.05,1.8,,,2.1,1.78,2.03,1.74,0,,,2526
SP1,14/02/2026,13:00,Espanol,Celta,2,2,D,0,1,9,14,3,5,2,2,1,0,0,0,,,,,,,2.78,3.2,3,2.7,3.2,3,2.58,3.05,2.88,2.2,1.67,,,2.45,1.62,2.35,1.56,0,,,2526
SP1,14/02/2026,15:15,Getafe,Villarreal,2,1,H,1,0,5,8,2,2,3,4,2,3,0,0,,,,,,,3.25,3.05,2.72,3.15,3,2.7,3.05,2.84,2.61,2.5,1.53,,,3.2,1.44,2.77,1.42,0,,,2526
SP1,14/02/2026,17:30,Sevilla,Alaves,1,1,D,1,0,4,12,2,1,0,3,5,0,2,0,,,,,,,2.22,3.1,4.3,2.15,3.2,4.1,2.1,3.05,3.92,2.38,1.57,,,2.75,1.55,2.48,1.51,-0.25,,,2526
SP1,14/02/2026,20:00,Real Madrid,Sociedad,4,1,H,3,1,11,13,5,3,4,6,1,1,0,0,,,,,,,1.42,5.5,8.4,1.4,5.6,8.5,1.37,5.08,7.63,1.44,2.75,,,1.63,2.6,1.55,2.41,-1.25,,,2526
SP1,15/02/2026,13:00,Oviedo,Ath Bilbao,1,2,A,1,0,7,13,1,4,2,3,2,3,0,0,,,,,,,3.5,3,2.6,3.55,3,2.5,3.28,2.93,2.42,2.3,1.62,,,2.5,1.58,2.37,1.55,0.25,,,2526
SP1,15/02/2026,15:15,Vallecano,Ath Madrid,3,0,H,2,0,13,9,9,3,4,8,1,3,0,0,,,,,,,5.1,3.8,1.84,4.8,3.65,1.81,4.55,3.58,1.78,2.1,1.73,,,2.1,1.86,1.99,1.77,0.5,,,2526
SP1,15/02/2026,17:30,Levante,Valencia,0,2,A,0,0,9,5,1,2,3,2,3,2,1,0,,,,,,,2.82,3.35,2.84,2.8,3.2,2.75,2.69,3.14,2.7,2,1.8,,,2.1,1.78,2.03,1.74,0,,,2526
SP1,15/02/2026,20:00,Mallorca,Betis,1,2,A,0,2,14,17,3,8,7,3,4,3,0,0,,,,,,,3.15,3.2,2.64,3.1,3.25,2.55,3,3.15,2.44,2,1.8,,,2.15,1.75,2.08,1.71,0,,,2526
SP1,16/02/2026,20:00,Girona,Barcelona,2,1,H,0,0,13,27,9,4,3,7,1,2,1,0,,,,,,,8.8,6.2,1.37,8.5,6,1.35,7.79,5.66,1.32,1.33,3.4,,,1.33,3.5,1.31,3.33,1.5,,,2526
SP1,18/02/2026,19:00,Levante,Villarreal,0,1,A,0,0,16,15,4,6,3,2,3,4,0,0,,,,,,,4.5,3.75,1.94,4.1,3.8,1.92,3.97,3.64,1.86,1.73,2.1,,,1.9,2,1.82,1.94,0.5,,,2526
SP1,20/02/2026,20:00,Ath Bilbao,Elche,2,1,H,0,0,18,2,8,2,4,1,3,3,0,0,,,,,,,1.77,3.9,5.5,1.75,3.8,5.33,1.7,3.7,4.96,1.8,2,,,1.96,2.03,1.86,1.89,-0.75,,,2526
SP1,21/02/2026,13:00,Sociedad,Oviedo,3,3,D,0,0,15,14,8,6,7,6,2,1,0,0,,,,,,,1.6,4.1,7.2,1.57,4.1,7.5,1.53,3.9,6.63,1.95,1.9,,,2.05,1.91,1.95,1.81,-1,,,2526
SP1,21/02/2026,15:15,Betis,Vallecano,1,1,D,1,1,14,12,3,3,3,5,4,3,0,0,,,,,,,2,3.6,4.4,1.95,3.6,4.4,1.91,3.45,4.06,1.93,1.93,,,1.93,1.91,1.88,1.87,-0.5,,,2526
SP1,21/02/2026,17:30,Osasuna,Real Madrid,2,1,H,1,0,13,15,2,5,3,7,2,4,0,0,,,,,,,5.2,4,1.77,4.75,4.1,1.75,4.62,3.94,1.69,1.67,2.2,,,1.7,2.25,1.64,2.18,0.75,,,2526
SP1,21/02/2026,20:00,Ath Madrid,Espanol,4,2,H,1,1,18,8,9,2,5,3,0,1,0,0,,,,,,,1.47,4.8,8.6,1.44,4.75,8.5,1.41,4.54,7.5,1.91,1.91,,,1.8,2.1,1.74,2.03,-1.25,,,2526
SP1,22/02/2026,13:00,Getafe,Sevilla,0,1,A,0,0,6,6,3,1,2,2,1,1,1,0,,,,,,,2.5,2.84,3.95,2.4,2.88,3.75,2.33,2.8,3.62,3,1.4,,,3.4,1.4,3.14,1.33,-0.25,,,2526
SP1,22/02/2026,15:15,Barcelona,Levante,3,0,H,2,0,22,5,9,2,13,6,2,1,0,0,,,,,,,1.12,12.5,27,1.11,12,21,1.1,10.34,17.85,1.22,4.33,,,1.2,5,1.18,4.58,-2.75,,,2526
SP1,22/02/2026,17:30,Celta,Mallorca,2,0,H,0,0,20,1,7,0,7,2,1,5,0,0,,,,,,,1.8,3.7,5.6,1.83,3.6,5,1.78,3.48,4.73,2.2,1.67,,,2.2,1.73,2.1,1.69,-0.5,,,2526
SP1,22/02/2026,20:00,Villarreal,Valencia,2,1,H,2,1,12,8,5,3,5,4,2,4,0,0,,,,,,,1.73,4,5.8,1.7,4,5.25,1.67,3.87,4.89,1.8,2,,,1.88,2,1.8,1.94,-0.75,,,2526
SP1,23/02/2026,20:00,Alaves,Girona,2,2,D,1,1,17,10,6,5,7,6,2,2,0,0,,,,,,,2.48,3.15,3.5,2.4,3.13,3.35,2.38,3.04,3.23,2.5,1.53,,,2.4,1.75,2.13,1.68,-0.25,,,2526
SP1,27/02/2026,20:00,Levante,Alaves,2,0,H,0,0,22,17,5,7,10,6,1,6,0,1,,,,,,,2.88,3.2,2.9,2.75,3.14,2.9,2.69,3.05,2.77,2.2,1.67,,,2.3,1.65,2.24,1.62,0,,,2526
SP1,28/02/2026,13:00,Vallecano,Ath Bilbao,1,1,D,1,0,15,8,7,2,5,4,2,3,0,0,,,,,,,2.62,3.2,3.2,2.5,3.1,3.2,2.43,3.05,3.1,2.3,1.62,,,2.3,1.63,2.25,1.61,-0.25,,,2526
SP1,28/02/2026,15:15,Barcelona,Villarreal,4,1,H,2,0,19,6,8,1,3,2,2,1,0,0,,,,,,,1.42,5.9,7.6,1.41,6,7,1.37,5.54,6.51,1.29,3.75,,,1.26,4.2,1.25,3.82,-1.5,,,2526
SP1,28/02/2026,17:30,Mallorca,Sociedad,0,1,A,0,1,6,12,1,2,3,7,0,2,0,0,,,,,,,3.3,3.4,2.44,3.15,3.3,2.4,3.04,3.22,2.36,2.1,1.73,,,2.2,1.73,2.11,1.68,0.25,,,2526
SP1,28/02/2026,20:00,Oviedo,Ath Madrid,0,1,A,0,0,16,12,6,1,8,3,2,2,0,0,,,,,,,5.3,3.7,1.83,5.2,3.6,1.8,4.72,3.53,1.77,2,1.8,,,2.03,1.85,1.97,1.8,0.75,,,2526
SP1,01/03/2026,13:00,Elche,Espanol,2,2,D,1,1,17,9,9,4,3,1,1,6,0,1,,,,,,,2.56,3.35,3.15,2.45,3.4,3.1,2.4,3.27,2.94,2.03,1.83,,,2,1.85,1.96,1.8,-0.25,,,2526
SP1,01/03/2026,15:15,Valencia,Osasuna,1,0,H,0,0,14,8,1,0,5,4,3,3,0,0,,,,,,,2.52,3.25,3.3,2.45,3.2,3.2,2.4,3.11,3.09,2.2,1.67,,,2.3,1.67,2.22,1.63,-0.25,,,2526
SP1,01/03/2026,17:30,Betis,Sevilla,2,2,D,2,0,9,14,2,6,4,3,3,3,0,0,,,,,,,1.84,3.8,5.1,1.78,3.8,5,1.74,3.65,4.74,2,1.85,,,2.05,1.86,1.96,1.8,-0.75,,,2526
SP1,01/03/2026,20:00,Girona,Celta,1,2,A,1,0,15,7,7,5,10,6,2,2,0,0,,,,,,,2.62,3.3,3.15,2.5,3.35,3.05,2.41,3.24,2.96,2,1.85,,,2.1,1.8,2.04,1.74,-0.25,,,2526
SP1,02/03/2026,20:00,Real Madrid,Getafe,0,1,A,0,1,18,9,7,3,10,2,4,6,1,1,,,,,,,1.42,4.9,10,1.44,4.75,10,1.39,4.4,8.67,1.83,2.03,,,2.1,1.83,2.01,1.76,-1.25,,,2526
SP1,04/03/2026,18:00,Vallecano,Oviedo,3,0,H,1,0,19,8,7,2,12,2,0,2,0,0,,,,,,,1.8,3.65,5.7,1.77,3.6,5.25,1.73,3.52,5.02,2.2,1.67,,,2.25,1.67,2.17,1.65,-0.75,,,2526
SP1,06/03/2026,20:00,Celta,Real Madrid,1,2,A,1,1,8,14,4,3,1,6,1,2,0,0,,,,,,,3.2,3.3,2.56,3.2,3.4,2.45,2.97,3.28,2.37,2,1.8,,,2,1.92,1.89,1.86,0.25,,,2526
SP1,07/03/2026,13:00,Osasuna,Mallorca,2,2,D,0,1,22,8,5,4,8,0,2,5,1,1,,,,,,,1.96,3.55,4.7,1.91,3.5,4.4,1.89,3.37,4.23,2.2,1.67,,,2.22,1.67,2.18,1.64,-0.5,,,2526
SP1,07/03/2026,15:15,Levante,Girona,1,1,D,0,0,14,22,4,5,2,3,2,2,1,0,,,,,,,2.88,3.45,2.72,2.8,3.4,2.6,2.7,3.31,2.56,1.98,1.88,,,1.91,1.96,1.84,1.9,0,,,2526
SP1,07/03/2026,17:30,Ath Madrid,Sociedad,3,2,H,1,1,24,7,9,3,8,1,1,1,0,0,,,,,,,1.68,4.2,5.8,1.67,4.1,5.4,1.63,3.97,5.12,1.8,2,,,1.75,2.2,1.71,2.09,-0.75,,,2526
SP1,07/03/2026,20:00,Ath Bilbao,Barcelona,0,1,A,0,0,10,7,3,2,2,4,2,1,0,0,,,,,,,5.2,4.6,1.69,4.8,4.5,1.67,4.63,4.27,1.64,1.5,2.63,,,1.53,2.7,1.49,2.53,0.75,,,2526
SP1,08/03/2026,13:00,Villarreal,Elche,2,1,H,2,0,16,13,7,6,4,6,1,2,0,0,,,,,,,1.5,5,7.2,1.48,4.75,7,1.45,4.59,6.58,1.57,2.38,,,1.62,2.4,1.57,2.32,-1.25,,,2526
SP1,08/03/2026,15:15,Getafe,Betis,2,0,H,2,0,9,14,5,5,3,8,3,2,0,0,,,,,,,2.84,2.94,3.2,2.85,2.88,3.14,2.72,2.77,3.01,2.75,1.44,,,3.2,1.5,2.8,1.42,0,,,2526
SP1,08/03/2026,17:30,Sevilla,Vallecano,1,1,D,1,0,11,9,2,2,6,2,1,3,0,0,,,,,,,2.7,3.15,3.15,2.6,3.2,3.1,2.53,3.03,2.98,2.2,1.67,,,2.38,1.62,2.27,1.6,0,,,2526
SP1,08/03/2026,20:00,Valencia,Alaves,3,2,H,0,1,19,10,8,4,10,2,1,6,0,2,,,,,,,2.18,3.2,4.3,2.14,3.1,4.1,2.08,3.07,3.91,2.5,1.53,,,2.54,1.57,2.44,1.53,-0.25,,,2526
SP1,09/03/2026,20:00,Espanol,Oviedo,1,1,D,1,1,28,6,9,3,8,0,3,2,0,0,,,,,,,2.06,3.45,4.3,2,3.35,4.4,1.94,3.25,4.17,2.2,1.67,,,2.3,1.65,2.21,1.62,-0.5,,,2526
SP1,13/03/2026,20:00,Alaves,Villarreal,1,1,D,1,0,8,10,0,4,5,2,4,1,0,0,,,,,,,3.7,3.5,2.22,3.6,3.5,2.15,3.41,3.39,2.1,1.91,1.91,,,1.94,1.95,1.89,1.87,0.25,,,2526
SP1,14/03/2026,13:00,Girona,Ath Bilbao,3,0,H,1,0,14,20,6,9,2,9,0,2,0,0,,,,,,,2.96,3.45,2.64,2.9,3.4,2.6,2.8,3.28,2.49,2,1.8,,,2,1.83,1.96,1.8,0,,,2526
SP1,14/03/2026,15:15,Ath Madrid,Getafe,1,0,H,1,0,16,7,5,3,10,3,3,3,0,1,,,,,,,1.71,3.65,7,1.69,3.6,6.75,1.64,3.46,6.1,2.38,1.57,,,2.55,1.57,2.41,1.54,-0.75,,,2526
SP1,14/03/2026,17:30,Oviedo,Valencia,1,0,H,1,0,11,13,6,2,4,7,3,2,0,0,,,,,,,3,3.25,2.74,2.9,3.25,2.7,2.8,3.12,2.59,2.38,1.57,,,2.3,1.67,2.2,1.64,0,,,2526
SP1,14/03/2026,20:00,Real Madrid,Elche,4,1,H,2,0,14,11,6,1,5,4,1,3,0,0,,,,,,,1.31,6.6,11,1.32,6.5,10.5,1.27,5.93,9.32,1.44,2.75,,,1.46,2.95,1.42,2.75,-1.5,,,2526
SP1,15/03/2026,13:00,Mallorca,Espanol,2,1,H,0,1,26,10,12,2,5,6,3,3,0,1,,,,,,,2.56,3.2,3.3,2.5,3.2,3.14,2.43,3.09,3.04,2.3,1.62,,,2.36,1.62,2.26,1.61,-0.25,,,2526
SP1,15/03/2026,15:15,Barcelona,Sevilla,5,2,H,3,1,13,8,8,4,3,4,0,1,0,0,,,,,,,1.33,6.4,10,1.32,6.5,10.5,1.28,5.87,9.28,1.33,3.4,,,1.4,3.25,1.37,3.02,-1.75,,,2526
SP1,15/03/2026,17:30,Betis,Celta,1,1,D,0,1,19,7,6,3,3,4,2,3,0,0,,,,,,,2.1,3.5,4,2.08,3.4,4,2.02,3.32,3.73,1.91,1.91,,,2,1.88,1.92,1.84,-0.25,,,2526
SP1,15/03/2026,20:00,Sociedad,Osasuna,3,1,H,2,0,14,13,6,5,3,5,3,0,0,0,,,,,,,2.04,3.65,4.2,1.95,3.6,4.2,1.91,3.53,3.89,2,1.8,,,1.93,1.93,1.87,1.87,-0.5,,,2526
SP1,16/03/2026,20:00,Vallecano,Levante,1,1,D,0,1,18,19,4,5,5,6,3,5,1,0,,,,,,,1.9,3.65,4.9,1.85,3.7,4.9,1.8,3.55,4.45,1.91,1.91,,,2.1,1.8,2.03,1.75,-0.5,,,2526
SP1,20/03/2026,20:00,Villarreal,Sociedad,3,1,H,3,0,21,11,10,4,4,5,0,2,0,0,,,,,,,2.02,3.8,4,2,3.75,4,1.92,3.62,3.74,1.73,2.1,,,1.77,2.2,1.7,2.09,-0.5,,,2526
SP1,21/03/2026,13:00,Elche,Mallorca,2,1,H,0,0,13,11,4,4,2,2,2,2,0,0,,,,,,,2.14,3.55,3.85,2.1,3.5,3.75,2.05,3.37,3.55,2.1,1.73,,,2,1.92,1.91,1.84,-0.25,,,2526
SP1,21/03/2026,15:15,Espanol,Getafe,1,2,A,0,2,15,10,5,5,12,9,2,7,0,0,,,,,,,2.58,2.94,3.6,2.55,2.88,3.4,2.46,2.83,3.29,3.2,1.36,,,3.2,1.4,3.02,1.36,-0.25,,,2526
SP1,21/03/2026,17:30,Levante,Oviedo,4,2,H,2,2,20,10,8,2,3,1,2,3,0,0,,,,,,,2.42,3.35,3.45,2.35,3.25,3.3,2.29,3.19,3.18,2.1,1.73,,,2.3,1.67,2.18,1.64,-0.25,,,2526
SP1,21/03/2026,17:30,Osasuna,Girona,1,0,H,0,0,19,5,11,0,6,2,2,1,0,0,,,,,,,2.08,3.7,3.9,2.1,3.6,3.8,2.01,3.48,3.56,1.95,1.9,,,1.87,2.05,1.8,1.94,-0.5,,,2526
SP1,21/03/2026,20:00,Sevilla,Valencia,0,2,A,0,2,13,9,2,4,1,3,2,1,0,0,,,,,,,2.3,3.3,3.8,2.3,3.2,3.66,2.18,3.14,3.48,2.38,1.57,,,2.4,1.6,2.34,1.57,-0.25,,,2526
SP1,22/03/2026,13:00,Barcelona,Vallecano,1,0,H,1,0,15,8,4,4,6,9,3,4,0,0,,,,,,,1.22,8.2,15,1.23,7.5,13,1.2,7.1,11.1,1.36,3.2,,,1.3,3.8,1.28,3.53,-2,,,2526
SP1,22/03/2026,15:15,Celta,Alaves,3,4,A,3,1,12,14,5,6,4,1,2,2,0,0,,,,,,,2.04,3.35,4.6,2,3.4,4.35,1.95,3.25,4.17,2.3,1.62,,,2.2,1.73,2.15,1.67,-0.5,,,2526
SP1,22/03/2026,17:30,Ath Bilbao,Betis,2,1,H,2,0,11,11,6,3,6,5,1,1,0,0,,,,,,,2.1,3.7,3.85,2.07,3.6,3.8,2,3.48,3.61,1.91,1.91,,,2.05,1.93,1.94,1.83,-0.5,,,2526
SP1,22/03/2026,20:00,Real Madrid,Ath Madrid,3,2,H,0,1,17,13,10,7,4,1,1,4,1,0,,,,,,,2.16,4,3.45,2.05,4,3.5,2,3.8,3.32,1.62,2.3,,,1.6,2.5,1.56,2.36,-0.5,,,2526
SP1,03/04/2026,20:00,Vallecano,Elche,1,0,H,0,0,21,9,5,4,9,4,0,4,0,1,,,,,,,1.79,4,5.1,1.75,3.9,5,1.71,3.76,4.68,1.8,2,,,1.83,2.03,1.79,1.96,-0.75,,,2526
SP1,04/04/2026,13:00,Sociedad,Levante,2,0,H,1,0,18,8,5,4,11,5,2,3,0,0,,,,,,,1.63,4.4,5.9,1.62,4.4,5.5,1.57,4.24,5.24,1.73,2.1,,,1.6,2.4,1.56,2.35,-1,,,2526
SP1,04/04/2026,15:15,Mallorca,Real Madrid,2,1,H,1,0,6,15,2,6,6,4,3,2,0,0,,,,,,,6.2,4.6,1.59,6,4.6,1.58,5.41,4.41,1.53,1.67,2.2,,,1.6,2.63,1.53,2.44,1,,,2526
SP1,04/04/2026,17:30,Betis,Espanol,0,0,D,0,0,19,8,6,1,4,3,1,3,0,0,,,,,,,1.87,3.8,4.8,1.84,4,4.8,1.78,3.72,4.34,1.85,2,,,1.91,2,1.83,1.92,-0.5,,,2526
SP1,04/04/2026,20:00,Ath Madrid,Barcelona,1,2,A,1,1,6,22,2,8,1,9,6,2,1,0,,,,,,,3.45,4.4,2.04,3.33,4.2,2.15,3.21,3.98,1.99,1.44,2.75,,,1.42,3.1,1.38,2.93,0.5,,,2526
SP1,05/04/2026,13:00,Getafe,Ath Bilbao,2,0,H,1,0,10,5,6,0,4,3,3,1,0,0,,,,,,,3.5,2.96,2.6,3.4,2.88,2.5,3.27,2.84,2.48,3.2,1.36,,,3.25,1.42,3.02,1.36,0.25,,,2526
SP1,05/04/2026,15:15,Valencia,Celta,2,3,A,1,0,13,9,4,5,6,0,1,3,0,0,,,,,,,2.48,3.3,3.35,2.4,3.25,3.2,2.33,3.22,3.11,2.2,1.67,,,2.2,1.71,2.16,1.66,-0.25,,,2526
SP1,05/04/2026,17:30,Oviedo,Sevilla,1,0,H,1,0,7,9,4,0,5,9,5,3,0,1,,,,,,,2.96,3.05,2.92,2.88,3,2.85,2.79,2.93,2.75,2.38,1.57,,,2.63,1.57,2.46,1.52,0,,,2526
SP1,05/04/2026,20:00,Alaves,Osasuna,2,2,D,1,1,18,8,6,5,7,1,2,5,0,0,,,,,,,2.9,3.2,2.84,2.8,3.2,2.8,2.68,3.1,2.73,2.3,1.62,,,2.25,1.67,2.22,1.63,0,,,2526
SP1,06/04/2026,20:00,Girona,Villarreal,1,0,H,1,0,10,9,2,0,7,4,2,2,0,0,,,,,,,3.1,3.7,2.42,3.05,3.6,2.38,2.93,3.53,2.3,1.67,2.2,,,1.67,2.3,1.62,2.24,0.25,,,2526
SP1,10/04/2026,20:00,Real Madrid,Girona,1,1,D,0,0,22,10,9,2,10,1,2,1,0,0,,,,,,,1.35,6.2,9.8,1.38,6,10,1.32,5.79,7.91,1.44,2.75,,,1.33,3.75,1.29,3.48,-1.5,,,2526
SP1,11/04/2026,13:00,Sociedad,Alaves,3,3,D,2,2,12,12,4,2,9,5,2,4,1,0,,,,,,,1.89,3.8,4.6,1.88,3.75,4.5,1.82,3.59,4.23,1.88,1.98,,,1.8,2.1,1.75,2.01,-0.5,,,2526
SP1,11/04/2026,15:15,Elche,Valencia,1,0,H,0,0,8,22,2,8,5,9,1,1,0,0,,,,,,,2.78,3.55,2.76,2.7,3.5,2.88,2.59,3.38,2.62,2,1.8,,,1.83,2.08,1.77,1.99,0,,,2526
SP1,11/04/2026,17:30,Barcelona,Espanol,4,1,H,2,0,20,10,10,2,7,5,3,6,0,0,,,,,,,1.33,6.2,10.5,1.35,6.5,11,1.3,5.64,8.46,1.33,3.4,,,1.42,3,1.39,2.89,-1.5,,,2526
SP1,11/04/2026,20:00,Sevilla,Ath Madrid,2,1,H,2,1,11,13,2,2,6,6,4,4,0,0,,,,,,,2.3,3.65,3.35,3.2,3.6,3.3,2.23,3.46,3.12,2.1,1.73,,,1.94,2,1.84,1.9,-0.25,,,2526
SP1,12/04/2026,13:00,Osasuna,Betis,1,1,D,1,1,12,8,4,3,6,3,3,4,0,0,,,,,,,2.38,3.45,3.35,2.33,3.5,3.2,2.25,3.37,3.1,1.93,1.93,,,2.05,1.88,1.95,1.81,-0.25,,,2526
SP1,12/04/2026,15:15,Mallorca,Vallecano,3,0,H,2,0,12,17,4,3,6,7,1,4,0,0,,,,,,,2.54,3.3,3.25,2.45,3.4,3,2.4,3.26,2.95,2.2,1.67,,,2.1,1.85,2.01,1.77,-0.25,,,2526
SP1,12/04/2026,17:30,Celta,Oviedo,0,3,A,0,2,9,8,6,5,4,1,1,2,0,0,,,,,,,1.81,3.75,5.4,1.8,3.75,5.33,1.72,3.52,4.94,2,1.85,,,2.2,1.73,2.13,1.68,-0.75,,,2526
SP1,12/04/2026,20:00,Ath Bilbao,Villarreal,1,2,A,0,2,18,12,6,6,15,3,2,3,0,0,,,,,,,2.12,3.65,3.85,2.25,3.55,3.75,2.03,3.46,3.55,1.98,1.88,,,1.93,1.92,1.88,1.86,-0.5,,,2526
SP1,13/04/2026,20:00,Levante,Getafe,1,0,H,0,0,22,5,4,1,8,2,2,7,0,1,,,,,,,2.74,3.05,3.2,2.75,3,3.1,2.61,2.95,2.94,2.75,1.44,,,2.65,1.53,2.55,1.49,0,,,2526
SP1,21/04/2026,18:00,Ath Bilbao,Osasuna,1,0,H,1,0,7,8,2,3,5,4,3,2,1,0,,,,,,,,,,1.92,3.6,4.6,1.84,3.42,4.37,1.98,1.88,,,2.03,1.83,1.94,1.81,-0.5,,,2526
SP1,21/04/2026,18:00,Mallorca,Valencia,1,1,D,0,0,20,10,8,3,7,4,0,2,0,0,,,,,,,,,,2.71,3.3,2.88,2.62,3.14,2.76,2.1,1.73,,,2.12,1.78,2.06,1.71,0,,,2526
SP1,21/04/2026,20:30,Girona,Betis,2,3,A,1,1,9,7,2,3,3,1,1,3,0,0,,,,,,,,,,2.45,3.6,3,2.4,3.32,2.89,1.88,1.98,,,1.98,1.98,1.85,1.89,-0.25,,,2526
SP1,21/04/2026,20:30,Real Madrid,Alaves,2,1,H,1,0,24,19,8,5,9,6,1,1,0,0,,,,,,,,,,1.29,8,15,1.2,7.26,11.65,1.4,3,,,1.3,4,1.28,3.5,-2,,,2526
SP1,22/04/2026,18:00,Elche,Ath Madrid,3,2,H,2,2,14,6,6,3,13,3,2,2,0,1,,,,,,,,,,3.5,3.8,2.9,2.43,3.61,2.7,1.67,2.2,,,1.75,2.1,1.72,2.05,0,,,2526
SP1,22/04/2026,19:00,Sociedad,Getafe,0,1,A,0,1,13,5,4,0,6,3,4,5,0,0,,,,,,,,,,2.3,3.25,4.5,2.21,3.02,3.58,2.5,1.53,,,2.63,1.57,2.45,1.52,-0.25,,,2526
SP1,22/04/2026,20:30,Barcelona,Celta,1,0,H,1,0,10,6,3,3,5,3,1,1,0,0,,,,,,,,,,1.26,7.5,12,1.22,6.88,10.23,1.3,3.5,,,1.33,3.65,1.3,3.37,-2,,,2526
SP1,23/04/2026,18:00,Levante,Sevilla,2,0,H,1,0,8,7,3,0,3,6,3,4,0,0,,,,,,,,,,2.5,3.3,3.1,2.41,3.17,2.99,2.1,1.73,,,2.2,1.7,2.13,1.67,-0.25,,,2526
SP1,23/04/2026,19:00,Vallecano,Espanol,1,0,H,0,0,17,15,6,4,6,5,2,4,0,0,,,,,,,,,,2.15,3.4,3.8,2.07,3.29,3.58,2.1,1.73,,,1.93,1.93,1.88,1.86,-0.25,,,2526
SP1,23/04/2026,20:30,Oviedo,Villarreal,1,1,D,0,1,16,7,4,3,7,0,1,1,0,0,,,,,,,,,,3.25,3.4,2.25,3.19,3.29,2.23,1.98,1.88,,,2.03,1.83,1.97,1.79,0.25,,,2526
SP1,24/04/2026,20:00,Betis,Real Madrid,1,1,D,0,1,19,12,4,8,7,6,1,2,0,0,,,,,,,,,,3.7,4.1,1.93,3.54,3.98,1.88,1.5,2.63,,,1.5,2.8,1.46,2.62,0.5,,,2526
SP1,25/04/2026,13:00,Alaves,Mallorca,2,1,H,0,1,15,4,4,2,9,4,2,1,0,0,,,,,,,,,,2.1,3.4,3.8,2.03,3.29,3.65,2.1,1.73,,,1.95,1.91,1.91,1.82,-0.5,,,2526
SP1,25/04/2026,15:15,Getafe,Barcelona,0,2,A,0,1,4,13,0,4,6,3,2,2,0,0,,,,,,,,,,6,4,1.62,5.59,3.84,1.59,1.88,1.98,,,1.93,1.92,1.86,1.86,1,,,2526
SP1,25/04/2026,17:30,Valencia,Girona,2,1,H,0,0,12,7,3,4,4,4,2,2,0,0,,,,,,,,,,2.36,3.3,3.25,2.26,3.22,3.19,1.93,1.93,,,2.05,1.83,1.95,1.79,-0.25,,,2526
SP1,25/04/2026,20:00,Ath Madrid,Ath Bilbao,3,2,H,0,1,6,12,4,4,3,4,0,0,0,0,,,,,,,,,,2.1,3.7,3.7,2.03,3.53,3.44,1.88,1.98,,,1.87,2.1,1.77,1.99,-0.5,,,2526
SP1,26/04/2026,13:00,Vallecano,Sociedad,3,3,D,1,1,24,13,9,8,6,4,6,4,1,0,,,,,,,,,,2.7,3.6,2.75,2.59,3.37,2.61,2,1.8,,,1.8,2.1,1.72,2.05,0,,,2526
SP1,26/04/2026,15:15,Oviedo,Elche,1,2,A,0,2,12,4,3,4,6,1,2,0,0,1,,,,,,,,,,2.3,3.4,3.33,2.24,3.23,3.23,2.1,1.73,,,2.2,1.68,2.15,1.66,-0.25,,,2526
SP1,26/04/2026,17:30,Osasuna,Sevilla,2,1,H,0,0,15,8,7,2,4,4,2,2,0,0,,,,,,,,,,1.95,3.4,4.5,1.9,3.33,4.18,2.1,1.73,,,2.25,1.67,2.17,1.65,-0.5,,,2526
SP1,26/04/2026,20:00,Villarreal,Celta,2,1,H,2,0,13,9,4,3,7,5,3,6,0,0,,,,,,,,,,1.95,3.75,4,1.89,3.64,3.83,1.83,2.03,,,1.67,2.3,1.64,2.19,-0.5,,,2526
SP1,27/04/2026,20:00,Espanol,Levante,0,0,D,0,0,9,8,3,4,4,4,3,3,1,0,,,,,,,,,,2.15,3.4,3.6,2.11,3.3,3.47,1.95,1.9,,,2,1.91,1.91,1.83,-0.25,,,2526
SP1,01/05/2026,20:00,Girona,Mallorca,0,1,A,0,1,14,8,4,4,5,2,4,2,0,0,,,,,,,,,,1.95,3.6,4.2,1.91,3.49,3.91,1.85,2,,,1.93,1.93,1.86,1.88,-0.5,,,2526
SP1,02/05/2026,13:00,Villarreal,Levante,5,1,H,1,0,20,12,8,3,7,3,3,1,0,0,,,,,,,,,,1.78,4.2,4.3,1.73,4.09,4.04,1.57,2.38,,,1.5,2.7,1.49,2.55,-0.75,,,2526
SP1,02/05/2026,15:15,Valencia,Ath Madrid,0,2,A,0,0,12,20,0,5,1,7,1,3,0,0,,,,,,,,,,1.72,4,5,1.69,3.82,4.67,1.83,2.03,,,1.93,2,1.83,1.92,-0.75,,,2526
SP1,02/05/2026,17:30,Alaves,Ath Bilbao,2,4,A,1,0,7,9,4,4,4,7,4,4,0,0,,,,,,,,,,2.83,3.3,2.6,2.74,3.22,2.56,2,1.8,,,2.2,1.73,2.1,1.69,0,,,2526
SP1,02/05/2026,20:00,Osasuna,Barcelona,1,2,A,0,0,9,13,4,4,3,7,2,2,0,0,,,,,,,,,,5,4.33,1.7,4.67,4.16,1.64,1.57,2.38,,,1.55,2.6,1.52,2.44,0.75,,,2526
SP1,03/05/2026,13:00,Celta,Elche,3,1,H,2,0,6,15,4,4,4,2,2,1,0,0,,,,,,,,,,1.73,3.95,5,1.69,3.86,4.62,1.73,2.1,,,1.73,2.15,1.69,2.08,-0.75,,,2526
SP1,03/05/2026,15:15,Getafe,Vallecano,0,2,A,0,1,13,10,3,6,4,1,3,5,0,0,,,,,,,,,,2.1,3.1,4.4,2.02,3.03,4.15,2.75,1.44,,,2.75,1.5,2.64,1.44,-0.5,,,2526
SP1,03/05/2026,17:30,Betis,Oviedo,3,0,H,2,0,10,17,5,5,5,4,0,0,0,0,,,,,,,,,,1.57,4.2,6.5,1.54,4.1,5.85,1.88,1.98,,,1.93,1.94,1.86,1.89,-1,,,2526
SP1,03/05/2026,20:00,Espanol,Real Madrid,0,2,A,0,0,17,15,3,5,5,6,3,4,0,0,,,,,,,,,,4.5,4,1.8,4.31,3.8,1.75,1.57,2.38,,,1.67,2.3,1.6,2.25,0.75,,,2526
SP1,04/05/2026,20:00,Sevilla,Sociedad,1,0,H,0,0,19,6,5,0,3,3,3,1,0,0,,,,,,,,,,2.4,3.3,3.1,2.37,3.19,3.03,1.98,1.88,,,2.2,1.78,2.07,1.71,-0.25,,,2526
SP1,08/05/2026,20:00,Levante,Osasuna,3,2,H,2,2,35,5,12,3,15,1,2,0,0,1,,,,,,,2.72,3.35,2.94,2.6,3.4,2.85,2.53,3.24,2.76,2,1.8,,,2,1.94,1.91,1.83,0,,,2526
SP1,09/05/2026,13:00,Elche,Alaves,1,1,D,0,0,16,12,5,4,7,3,3,6,0,0,,,,,,,,,,2.3,3.3,3.5,2.23,3.21,3.27,1.8,2,,,1.96,1.91,1.9,1.85,-0.25,,,2526
SP1,09/05/2026,15:15,Sevilla,Espanol,2,1,H,0,0,21,10,6,5,4,6,5,5,0,0,,,,,,,2.04,3.35,4.5,2,3.25,4.33,1.98,3.16,4.13,2.1,1.73,,,2.7,1.53,2.52,1.5,-0.5,,,2526
SP1,09/05/2026,17:30,Ath Madrid,Celta,0,1,A,0,0,20,3,4,1,10,0,1,2,0,0,,,,,,,1.91,3.9,4.4,1.9,3.8,4.33,1.84,3.7,3.98,1.73,2.1,,,1.68,2.25,1.64,2.19,-0.5,,,2526
SP1,09/05/2026,20:00,Sociedad,Betis,2,2,D,0,1,14,14,6,6,4,3,2,3,0,1,,,,,,,2.74,3.55,2.82,2.6,3.7,2.7,2.5,3.49,2.64,1.67,2.2,,,1.68,2.25,1.64,2.19,0,,,2526
SP1,10/05/2026,13:00,Mallorca,Villarreal,1,1,D,1,1,18,7,8,2,5,4,2,0,0,0,,,,,,,2.64,3.55,2.9,2.5,3.5,2.8,2.43,3.41,2.75,1.73,2.1,,,1.75,2.1,1.7,2.08,0,,,2526
SP1,10/05/2026,15:15,Ath Bilbao,Valencia,0,1,A,0,0,14,7,4,3,13,5,2,3,0,0,,,,,,,1.69,4,6,1.7,3.8,5.75,1.65,3.71,5.29,1.95,1.9,,,2.1,1.8,2.03,1.74,-0.75,,,2526
SP1,10/05/2026,17:30,Oviedo,Getafe,0,0,D,0,0,8,22,4,4,1,9,2,3,2,0,,,,,,,2.94,3.05,3,2.88,3,2.95,2.78,2.83,2.83,2.5,1.53,,,3.4,1.36,3.15,1.33,0,,,2526
SP1,10/05/2026,20:00,Barcelona,Real Madrid,2,0,H,2,0,10,8,7,1,4,8,2,4,0,0,,,,,,,1.69,5.1,4.6,1.69,4.9,4.6,1.64,4.6,4.18,1.25,4,,,1.38,3.4,1.33,3.18,-0.75,,,2526
SP1,11/05/2026,20:00,Vallecano,Girona,1,1,D,0,0,18,9,5,5,9,5,1,1,0,0,,,,,,,2.34,3.3,3.6,2.3,3.33,3.4,2.22,3.24,3.25,1.83,2.03,,,1.98,1.91,1.92,1.83,-0.25,,,2526
SP1,12/05/2026,18:00,Celta,Levante,2,3,A,1,1,11,14,6,6,4,4,0,2,0,0,,,,,,,1.98,3.7,4.4,1.95,3.75,4,1.89,3.68,3.82,1.8,2,,,1.8,2.1,1.76,2,-0.5,,,2526
SP1,12/05/2026,19:00,Betis,Elche,2,1,H,1,1,16,8,7,2,8,1,3,3,0,1,,,,,,,1.68,4.3,5.7,1.64,4.33,5.33,1.6,4.15,4.95,1.62,2.3,,,1.67,2.36,1.6,2.27,-0.75,,,2526
SP1,12/05/2026,20:30,Osasuna,Ath Madrid,1,2,A,0,1,23,5,5,4,8,4,6,5,0,1,,,,,,,2.76,3.55,2.76,2.66,3.55,2.63,2.59,3.44,2.58,1.73,2.1,,,1.81,2,1.76,2,0,,,2526
SP1,13/05/2026,18:00,Espanol,Ath Bilbao,2,0,H,0,0,12,11,5,4,8,9,0,0,0,0,,,,,,,2.94,2.94,3.05,2.8,3,2.88,2.74,2.91,2.75,2.2,1.67,,,2.63,1.54,2.5,1.5,0,,,2526
SP1,13/05/2026,18:00,Villarreal,Sevilla,2,3,A,2,2,6,13,4,5,6,4,2,1,0,0,,,,,,,2.2,3.5,3.75,2.15,3.5,3.7,2.07,3.33,3.46,1.8,2,,,1.86,2,1.79,1.97,-0.25,,,2526
SP1,13/05/2026,20:30,Alaves,Barcelona,1,0,H,1,0,9,8,3,0,6,4,1,2,0,0,,,,,,,3.2,3.9,2.28,3.2,3.75,2.25,2.98,3.69,2.15,1.5,2.63,,,1.6,2.5,1.55,2.37,0.25,,,2526
SP1,13/05/2026,20:30,Getafe,Mallorca,3,1,H,2,0,6,9,4,2,3,3,3,4,0,0,,,,,,,2.42,3,3.9,2.35,3,3.6,2.29,2.88,3.48,2.63,1.5,,,3.2,1.44,2.85,1.39,-0.25,,,2526
SP1,14/05/2026,18:00,Valencia,Vallecano,1,1,D,1,1,12,6,3,3,5,1,1,1,0,0,,,,,,,2.38,3.2,3.65,2.36,3.1,3.4,2.27,3.05,3.31,1.93,1.93,,,2.2,1.7,2.16,1.66,-0.25,,,2526
SP1,14/05/2026,19:00,Girona,Sociedad,1,1,D,0,1,29,6,4,2,6,3,2,7,0,0,,,,,,,2,3.95,3.95,1.95,3.8,3.75,1.91,3.67,3.65,1.73,2.1,,,1.77,2.1,1.71,2.07,-0.5,,,2526
SP1,14/05/2026,20:30,Real Madrid,Oviedo,2,0,H,1,0,19,9,7,1,4,5,0,0,0,0,,,,,,,1.25,7.4,14,1.25,7,13,1.21,6.51,11.28,1.4,3,,,1.44,2.9,1.42,2.75,-1.75,,,2526
SP1,17/05/2026,18:00,Ath Bilbao,Celta,1,1,D,0,1,27,3,9,2,5,0,2,2,0,0,,,,,,,2.24,3.3,3.95,2.15,3.3,3.75,2.13,3.15,3.52,2.1,1.73,,,2.2,1.71,2.14,1.67,-0.25,,,2526
SP1,17/05/2026,18:00,Ath Madrid,Girona,1,0,H,1,0,17,25,4,11,9,8,2,0,0,0,,,,,,,1.88,4,4.5,1.83,4,4.25,1.78,3.83,4.07,1.73,2.1,,,1.67,2.25,1.63,2.19,-0.5,,,2526
SP1,17/05/2026,18:00,Elche,Getafe,1,0,H,1,0,10,4,3,0,4,0,3,1,0,1,,,,,,,2.42,3,3.9,2.4,3,3.6,2.3,2.87,3.48,2.75,1.44,,,2.75,1.5,2.64,1.45,-0.25,,,2526
SP1,17/05/2026,18:00,Levante,Mallorca,2,0,H,1,0,15,8,3,3,4,6,2,0,1,1,,,,,,,2.18,3.5,3.85,2.12,3.5,3.75,2.05,3.39,3.49,1.91,1.91,,,1.93,1.96,1.85,1.9,-0.5,,,2526
SP1,17/05/2026,18:00,Osasuna,Espanol,1,2,A,0,1,24,7,8,3,9,2,1,2,0,0,,,,,,,2.24,3,4.5,2.2,3,4.25,2.11,2.9,3.96,2.1,1.73,,,2.4,1.65,2.27,1.59,-0.25,,,2526
SP1,17/05/2026,18:00,Oviedo,Alaves,0,1,A,0,1,8,7,0,1,5,2,3,1,0,0,,,,,,,4.1,3.3,2.16,4,3.33,2.15,3.71,3.18,2.04,1.8,2,,,2.5,1.63,2.29,1.59,0.5,,,2526
SP1,17/05/2026,18:00,Sevilla,Real Madrid,0,1,A,0,1,14,12,6,1,4,4,4,0,0,0,,,,,,,3.8,3.85,2.08,3.66,3.8,2,3.45,3.68,1.96,1.73,2.1,,,1.67,2.3,1.63,2.2,0.5,,,2526
SP1,17/05/2026,18:00,Sociedad,Valencia,3,4,A,1,2,8,13,3,6,3,2,4,0,0,1,,,,,,,2.5,3.4,3.2,2.45,3.3,3.1,2.37,3.19,2.99,1.91,1.91,,,1.95,1.91,1.9,1.85,-0.25,,,2526
SP1,17/05/2026,18:00,Vallecano,Villarreal,2,0,H,1,0,15,11,7,2,1,9,2,1,0,0,,,,,,,2.04,3.75,4,2,3.7,3.8,1.96,3.55,3.58,1.73,2.1,,,1.75,2.12,1.7,2.08,-0.5,,,2526
SP1,17/05/2026,20:15,Barcelona,Betis,3,1,H,1,0,15,7,9,2,6,4,1,0,0,0,,,,,,,1.37,6.4,8.6,1.35,6,8,1.32,5.67,7.3,1.33,3.4,,,1.33,3.6,1.31,3.33,-1.5,,,2526
SP1,23/05/2026,20:00,Alaves,Vallecano,1,2,A,1,0,19,15,11,7,10,5,3,3,0,0,,,,,,,2.24,3.4,3.75,2.18,3.4,3.6,2.11,3.27,3.45,1.98,1.88,,,2.1,1.73,2.07,1.71,-0.25,,,2526
SP1,23/05/2026,20:00,Betis,Levante,2,1,H,1,1,18,15,8,7,4,8,1,2,0,0,,,,,,,2.48,3.5,3.2,2.38,3.65,3,2.29,3.43,2.91,1.73,2.1,,,1.62,2.4,1.58,2.28,-0.25,,,2526
SP1,23/05/2026,20:00,Celta,Sevilla,1,0,H,0,0,12,9,3,2,4,3,1,1,0,0,,,,,,,1.94,3.5,4.9,1.91,3.5,4.55,1.85,3.37,4.34,1.91,1.91,,,2.25,1.68,2.15,1.66,-0.5,,,2526
SP1,23/05/2026,20:00,Espanol,Sociedad,1,1,D,0,1,17,9,8,4,3,5,1,3,0,0,,,,,,,2.5,3.65,3,2.45,3.7,2.87,2.38,3.49,2.77,1.85,2,,,1.73,2.25,1.68,2.13,0,,,2526
SP1,23/05/2026,20:00,Getafe,Osasuna,1,0,H,0,0,6,11,3,5,2,4,1,2,0,0,,,,,,,3.2,2.58,3.2,3,2.66,3.1,2.91,2.55,2.99,2.75,1.44,,,3.5,1.36,3.22,1.32,0,,,2526
SP1,23/05/2026,20:00,Girona,Elche,1,1,D,0,1,10,3,7,1,2,1,4,4,0,0,,,,,,,1.83,4,4.8,1.84,3.8,4.5,1.77,3.73,4.21,1.73,2.1,,,1.8,2.1,1.74,2.02,-0.5,,,2526
SP1,23/05/2026,20:00,Mallorca,Oviedo,3,0,H,1,0,23,7,7,0,5,5,2,1,0,0,,,,,,,1.51,4.7,7.8,1.5,4.7,7.5,1.45,4.34,6.78,1.88,1.98,,,1.91,1.92,1.86,1.88,-1,,,2526
SP1,23/05/2026,20:00,Real Madrid,Ath Bilbao,4,2,H,2,1,13,8,8,2,2,1,2,0,0,0,,,,,,,1.59,4.8,5.9,1.55,4.8,5.5,1.52,4.6,5.18,1.5,2.63,,,1.45,3,1.41,2.78,-1,,,2526
SP1,23/05/2026,20:00,Valencia,Barcelona,3,1,H,0,0,19,11,6,4,7,8,2,2,0,0,,,,,,,3.6,4.1,2.04,3.4,4.1,2,3.34,3.98,1.92,1.44,2.75,,,1.48,2.88,1.43,2.71,0.5,,,2526
SP1,24/05/2026,20:00,Villarreal,Ath Madrid,5,1,H,4,1,14,9,8,4,5,9,0,1,0,0,,,,,,,2.6,4.1,2.68,2.57,4,2.6,2.46,3.79,2.5,1.5,2.63,,,1.41,3.2,1.38,2.93,0,,,2526
F1,15/08/2025,19:45,Rennes,Marseille,1,0,H,0,0,12,24,5,2,1,12,2,3,1,0,3.64,3.58,2.11,3.99,3.69,1.97,4.1,3.8,2.02,3.9,3.75,1.97,3.8,3.58,1.93,1.88,1.98,1.88,2.03,1.81,2.08,1.76,2.01,0.5,1.94,1.98,2526
F1,16/08/2025,16:00,Lens,Lyon,0,1,A,0,1,18,11,5,3,13,8,2,3,0,0,2.35,3.63,3.02,2.41,3.61,2.98,2.6,3.55,2.98,2.54,3.6,2.9,2.43,3.47,2.75,1.67,2.2,1.72,2.23,1.75,2.2,1.71,2.08,0,1.76,2.18,2526
F1,16/08/2025,18:00,Monaco,Le Havre,3,1,H,1,0,13,9,3,4,5,4,0,1,0,0,1.34,5.61,8.59,1.24,6.79,12.26,1.25,7.4,14,1.23,7,13,1.21,6.63,11.97,1.53,2.5,1.45,2.81,1.44,3,1.4,2.84,-2,2.1,1.79,2526
F1,16/08/2025,20:05,Nice,Toulouse,0,1,A,0,0,13,10,2,2,9,4,2,3,0,0,2.12,3.45,3.69,2.15,3.36,3.77,2.06,3.55,4.2,2,3.5,4.2,1.95,3.39,3.9,2,1.85,2.06,1.85,2.06,1.85,1.97,1.79,-0.5,2.14,1.78,2526
F1,17/08/2025,14:00,Brest,Lille,3,3,D,1,2,18,10,5,6,2,2,2,1,0,0,3.36,3.48,2.23,2.71,3.23,2.87,2.62,3.3,3.1,2.55,3.3,3.13,2.46,3.18,2.93,1.9,1.95,2.15,1.76,2.1,1.8,2.03,1.74,-0.25,2.29,1.68,2526
F1,17/08/2025,16:15,Angers,Paris FC,1,0,H,1,0,8,17,2,7,3,7,2,1,1,0,2.75,3.17,2.83,3.24,3.46,2.33,3.25,3.4,2.48,3.13,3.4,2.4,3.04,3.27,2.35,2.2,1.67,1.93,1.98,2,1.87,1.94,1.81,0.25,1.92,2.01,2526
F1,17/08/2025,16:15,Auxerre,Lorient,1,0,H,0,0,7,14,3,3,4,5,3,2,0,0,2.4,3.46,3.06,2.47,3.29,3.14,2.66,3.3,3.1,2.55,3.25,3,2.49,3.18,2.88,1.9,1.95,2.1,1.81,2.16,1.83,2.04,1.74,0,1.74,2.22,2526
F1,17/08/2025,16:15,Metz,Strasbourg,0,1,A,0,0,2,9,0,4,3,3,2,2,0,0,3.23,3.48,2.29,3.52,3.53,2.17,3.95,3.6,2.1,4,3.6,2.05,3.62,3.47,2.01,1.88,1.98,1.91,2,1.91,1.98,1.86,1.9,0.5,1.78,2.17,2526
F1,17/08/2025,19:45,Nantes,Paris SG,0,1,A,0,0,6,18,0,4,2,7,1,1,0,0,8.26,5.72,1.35,11.14,6.54,1.26,15,7.8,1.24,14,7.5,1.25,12.38,6.71,1.21,1.44,2.75,1.51,2.64,1.5,2.95,1.42,2.74,2,1.69,2.26,2526
F1,22/08/2025,19:45,Paris SG,Angers,1,0,H,0,0,21,3,4,0,12,0,0,0,0,0,1.09,12.5,27,1.09,12.48,27.07,1.09,16.5,40,1.08,13,41,1.06,11.97,29.25,1.25,4,,,1.27,4,1.24,3.8,-2.75,1.93,1.95,2526
F1,23/08/2025,16:00,Marseille,Paris FC,5,2,H,2,1,12,8,7,4,5,2,1,0,0,0,1.39,5.14,8.08,1.42,5.09,7.5,1.43,5.2,8.6,1.44,5.1,8,1.39,4.93,7.16,1.65,2.2,1.63,2.39,1.57,2.5,1.53,2.41,-1.25,1.93,2,2526
F1,23/08/2025,18:00,Nice,Auxerre,3,1,H,2,1,16,12,6,8,5,4,2,2,0,1,1.68,4.12,4.98,1.85,3.81,4.42,1.91,3.8,4.6,1.88,3.9,4.5,1.8,3.68,4.25,1.73,2.08,1.94,1.96,2,1.94,1.91,1.84,-0.5,1.85,2.08,2526
F1,23/08/2025,20:05,Lyon,Metz,3,0,H,2,0,13,11,8,2,4,3,0,2,0,0,1.4,5.19,7.54,1.43,5.17,7.3,1.44,5.3,8.4,1.44,5.25,7.5,1.39,4.95,7.07,1.53,2.5,1.55,2.58,1.53,2.55,1.5,2.47,-1.25,1.93,2,2526
F1,24/08/2025,14:00,Lorient,Rennes,4,0,H,1,0,22,5,7,1,3,2,6,0,0,2,2.84,3.3,2.64,2.8,3.35,2.68,2.9,3.5,2.68,2.8,3.4,2.6,2.74,3.31,2.52,1.98,1.88,2.01,1.89,2.01,1.85,1.95,1.81,0,2.01,1.92,2526
F1,24/08/2025,16:15,Le Havre,Lens,1,2,A,1,2,18,6,6,3,7,0,3,1,0,0,3.99,3.66,1.95,4.42,3.69,1.88,4.4,3.75,1.94,4.65,3.85,1.88,4.21,3.66,1.81,1.85,2,1.83,2.07,1.87,2.05,1.79,1.97,0.5,2.04,1.88,2526
F1,24/08/2025,16:15,Strasbourg,Nantes,1,0,H,0,0,15,9,4,2,7,6,2,2,0,0,1.78,3.65,4.98,1.79,3.65,5.08,1.83,3.7,5.3,1.8,3.75,5.4,1.74,3.6,4.74,1.93,1.93,2.06,1.85,2.07,1.87,1.96,1.8,-0.75,2.04,1.89,2526
F1,24/08/2025,16:15,Toulouse,Brest,2,0,H,0,0,6,16,3,2,3,9,0,1,0,0,2.11,3.57,3.57,2.27,3.4,3.4,2.32,3.45,3.45,2.3,3.45,3.33,2.2,3.37,3.22,1.93,1.93,2.05,1.87,2.05,1.83,1.97,1.79,-0.25,1.96,1.96,2526
F1,24/08/2025,19:45,Lille,Monaco,1,0,H,0,0,18,6,1,1,8,3,1,2,0,0,3.11,3.64,2.29,3.52,3.64,2.13,3.45,3.7,2.24,3.35,3.7,2.2,3.22,3.59,2.12,1.67,2.15,1.68,2.32,1.68,2.28,1.64,2.19,0.25,2.08,1.85,2526
F1,29/08/2025,19:45,Lens,Brest,3,1,H,0,1,30,9,10,2,15,1,1,3,0,1,1.88,3.83,4.24,1.98,3.74,3.92,2,3.8,4.1,2,3.85,4.1,1.9,3.69,3.8,1.8,2,1.74,2.19,1.75,2.15,1.72,2.06,-0.5,1.99,1.93,2526
F1,30/08/2025,16:00,Lorient,Lille,1,7,A,0,0,6,20,2,11,3,8,3,3,0,0,3.44,3.62,2.14,3.4,3.6,2.18,3.5,3.6,2.26,3.33,3.55,2.21,3.27,3.45,2.15,1.88,1.98,1.93,1.97,1.91,1.95,1.85,1.91,0.25,2.03,1.9,2526
F1,30/08/2025,18:00,Nantes,Auxerre,1,0,H,1,0,4,14,3,4,3,9,1,3,0,0,2.33,3.27,3.34,2.42,3.23,3.28,2.66,3.35,3,2.6,3.3,3.1,2.48,3.24,2.86,2.2,1.67,2.29,1.68,2.2,1.8,2.06,1.73,0,1.69,2.3,2526
F1,30/08/2025,20:05,Toulouse,Paris SG,3,6,A,1,4,14,13,6,8,5,7,1,0,0,0,8.47,5.48,1.36,8.84,5.63,1.35,10,5.7,1.37,9,6,1.35,8.54,5.48,1.32,1.57,2.38,1.58,2.51,1.55,2.5,1.52,2.43,1.5,1.94,1.98,2526
F1,31/08/2025,14:00,Angers,Rennes,1,1,D,0,1,10,15,7,7,1,7,2,2,0,0,3.47,3.53,2.16,4.31,3.6,1.93,4.7,3.8,1.89,4.75,3.75,1.84,4.37,3.6,1.8,2.05,1.8,2.09,1.83,2.04,1.93,1.94,1.82,0.75,1.74,2.21,2526
F1,31/08/2025,16:15,Le Havre,Nice,3,1,H,1,0,12,7,8,3,0,5,1,4,0,0,3.64,3.59,2.08,3.47,3.58,2.17,3.45,3.5,2.34,3.4,3.65,2.3,3.24,3.41,2.19,1.88,1.98,1.91,2,2.05,1.9,1.92,1.84,0.25,2.04,1.88,2526
F1,31/08/2025,16:15,Monaco,Strasbourg,3,2,H,1,0,12,12,4,4,6,5,2,1,0,1,1.56,4.56,5.64,1.55,4.75,5.75,1.48,5.2,7.2,1.5,5.25,7,1.42,4.91,6.54,1.62,2.3,1.59,2.49,1.53,2.75,1.48,2.56,-1.25,2.16,1.78,2526
F1,31/08/2025,16:15,Paris FC,Metz,3,2,H,1,1,24,14,9,2,14,6,1,1,0,1,1.84,3.76,4.43,1.76,3.94,4.78,1.83,3.85,5,1.77,4,4.75,1.74,3.77,4.57,1.98,1.88,1.89,2.02,1.92,2,1.85,1.9,-0.75,1.99,1.93,2526
F1,31/08/2025,19:45,Lyon,Marseille,1,0,H,0,0,17,5,5,2,9,4,2,2,0,1,2.74,3.75,2.49,2.99,3.48,2.43,3.1,3.6,2.46,3,3.6,2.45,2.83,3.49,2.38,1.53,2.4,1.76,2.14,1.75,2.25,1.68,2.13,0.25,1.83,2.12,2526
F1,12/09/2025,19:45,Marseille,Lorient,4,0,H,3,0,15,4,8,1,10,0,3,2,0,1,1.39,5.55,7.44,1.36,5.66,8.12,1.39,5.7,9,1.37,5.5,9,1.35,5.16,8.17,1.5,2.63,1.48,2.79,1.67,2.45,1.58,2.32,-1.5,1.99,1.93,2526
F1,13/09/2025,16:00,Nice,Nantes,1,0,H,0,0,19,14,8,3,7,4,2,0,0,0,1.71,3.89,5.1,1.57,4.27,6.06,1.61,4.3,6.6,1.58,4.3,6.5,1.55,4.15,5.8,1.9,1.95,1.76,2.15,1.77,2.11,1.72,2.07,-1,1.97,1.95,2526
F1,13/09/2025,20:05,Auxerre,Monaco,1,2,A,0,1,9,13,2,3,5,8,3,6,1,0,5.17,4.55,1.6,4.95,4.63,1.62,5.6,4.7,1.62,5.25,4.75,1.6,5.03,4.49,1.57,1.53,2.5,1.45,2.87,1.47,2.8,1.43,2.72,1,1.91,2.02,2526
F1,14/09/2025,14:00,Lille,Toulouse,2,1,H,0,0,20,9,5,4,7,6,2,3,0,1,1.78,4.01,4.43,1.88,3.61,4.49,1.93,3.7,4.6,1.88,3.7,4.35,1.84,3.6,4.18,1.8,2,2.02,1.89,2,1.91,1.91,1.86,-0.5,1.89,2.03,2526
F1,14/09/2025,16:15,Brest,Paris FC,1,2,A,0,2,23,7,8,4,6,1,0,2,0,1,2.31,3.66,3.05,2.53,3.47,2.91,2.82,3.45,2.76,2.72,3.45,2.75,2.6,3.38,2.62,1.73,2.1,1.83,2.06,1.81,2.05,1.77,2,0,1.83,2.11,2526
F1,14/09/2025,16:15,Metz,Angers,1,1,D,1,0,9,11,5,4,4,3,0,1,0,0,2.35,3.32,3.26,2.23,3.35,3.57,2.32,3.45,3.45,2.28,3.4,3.35,2.25,3.27,3.24,2.1,1.73,2.11,1.79,2.16,1.77,2.06,1.72,-0.25,1.91,2.01,2526
F1,14/09/2025,16:15,Paris SG,Lens,2,0,H,1,0,14,11,6,3,4,3,1,2,0,0,1.33,5.97,8.28,1.35,5.92,8.11,1.38,6,8.8,1.38,6,8.5,1.34,5.58,7.59,1.36,3.2,1.35,3.3,1.4,3.1,1.36,3.02,-1.5,1.94,1.98,2526
F1,14/09/2025,16:15,Strasbourg,Le Havre,1,0,H,0,0,9,10,7,1,4,3,2,2,1,0,1.64,4.27,5.15,1.83,3.84,4.48,1.91,3.7,4.7,1.85,3.8,4.6,1.8,3.68,4.35,1.8,2,1.91,2,2.03,1.95,1.9,1.86,-0.5,1.83,2.09,2526
F1,14/09/2025,19:45,Rennes,Lyon,3,1,H,0,1,23,8,5,5,5,4,2,2,0,1,2.71,3.61,2.58,2.45,3.53,2.97,2.6,3.45,3,2.7,3.55,2.8,2.5,3.39,2.74,1.73,2.1,1.72,2.23,1.9,2.17,1.77,2.01,0,1.78,2.16,2526
F1,19/09/2025,19:45,Lyon,Angers,1,0,H,0,0,16,10,5,2,7,4,2,2,0,0,1.47,4.63,6.93,1.46,4.72,7.24,1.49,4.9,8,1.48,4.7,7.5,1.44,4.5,6.95,1.8,2,1.81,2.09,1.8,2.08,1.74,2.03,-1.25,2.05,1.88,2526
F1,20/09/2025,16:00,Nantes,Rennes,2,2,D,0,2,16,8,4,4,4,4,3,1,0,0,3.69,3.47,2.11,3.56,3.45,2.18,4.3,3.6,2.02,4.1,3.6,2.05,3.82,3.45,1.96,2.05,1.8,1.98,1.84,2.05,1.84,1.97,1.79,0.5,1.76,2.18,2526
F1,20/09/2025,18:00,Brest,Nice,4,1,H,2,1,11,21,5,4,2,7,1,3,0,0,2.75,3.59,2.56,3.24,3.66,2.24,3.25,3.65,2.34,3.1,3.65,2.37,2.96,3.54,2.27,1.73,2.1,1.71,2.24,1.74,2.22,1.66,2.15,0.25,1.97,1.95,2526
F1,20/09/2025,20:05,Lens,Lille,3,0,H,2,0,15,17,6,3,4,10,1,3,0,0,2.4,3.49,3.02,2.32,3.55,3.18,2.3,3.65,3.35,2.25,3.5,3.2,2.23,3.45,3.1,1.8,2,1.83,2.07,1.8,2.05,1.77,2,-0.25,2.01,1.92,2526
F1,21/09/2025,14:00,Paris FC,Strasbourg,2,3,A,0,1,18,8,6,4,4,2,1,5,0,0,2.45,3.44,3,2.39,3.5,3.09,2.46,3.55,3.15,2.4,3.55,3,2.36,3.44,2.9,1.73,2.1,1.81,2.09,1.83,2.05,1.78,1.99,-0.25,2.07,1.86,2526
F1,21/09/2025,16:15,Auxerre,Toulouse,1,0,H,1,0,6,13,1,3,3,4,1,6,1,0,2.79,3.27,2.72,3.6,3.16,2.31,3.7,3.25,2.34,3.5,3.35,2.3,3.29,3.25,2.23,2.05,1.8,2.31,1.68,2.22,1.8,2.05,1.73,0.25,1.96,1.96,2526
F1,21/09/2025,16:15,Le Havre,Lorient,1,1,D,0,1,13,8,2,4,6,2,3,6,0,0,2.31,3.49,3.18,2.14,3.35,3.81,2.2,3.4,3.95,2.17,3.4,3.85,2.09,3.27,3.61,1.95,1.9,2.25,1.71,2.28,1.68,2.18,1.64,-0.25,1.83,2.1,2526
F1,21/09/2025,16:15,Monaco,Metz,5,2,H,1,1,16,8,6,3,4,5,1,0,0,0,1.27,6.55,9.38,1.33,5.93,8.93,1.36,6,9.6,1.34,6,9,1.3,5.64,8.57,1.36,3.2,1.46,2.81,1.45,2.9,1.41,2.77,-1.5,1.94,1.98,2526
F1,22/09/2025,22:00,Marseille,Paris SG,1,0,H,1,0,9,12,2,5,5,3,3,0,0,0,3.73,3.98,1.94,4.26,4.08,1.81,4.4,4,1.9,4.2,3.95,1.88,3.99,3.81,1.82,1.53,2.5,1.67,2.32,1.67,2.38,1.61,2.25,0.5,2.11,1.81,2526
F1,26/09/2025,19:45,Strasbourg,Marseille,1,2,A,0,0,9,16,1,9,5,4,2,4,0,0,3.76,3.78,2.01,3.39,3.61,2.19,3.35,3.65,2.3,3.3,3.65,2.25,3.19,3.54,2.15,1.73,2.1,1.79,2.11,1.75,2.2,1.7,2.09,0.25,2.02,1.91,2526
F1,27/09/2025,16:00,Lorient,Monaco,3,1,H,1,0,19,5,8,2,2,4,2,3,0,1,5.28,4.36,1.62,4.04,3.95,1.88,4.2,4,1.94,4.1,4.1,2.08,3.8,3.81,1.87,1.57,2.38,1.66,2.34,1.67,2.3,1.62,2.22,0.5,2.03,1.89,2526
F1,27/09/2025,18:00,Toulouse,Nantes,2,2,D,0,1,20,12,7,2,1,4,2,3,0,0,1.7,3.8,5.4,1.85,3.61,4.73,1.76,3.85,5.6,1.73,3.75,6.33,1.69,3.66,5.17,2.1,1.73,2.09,1.81,2.1,1.83,1.99,1.77,-0.75,2.11,1.81,2526
F1,27/09/2025,20:05,Paris SG,Auxerre,2,0,H,1,0,15,12,8,3,5,5,1,2,0,0,1.16,9.23,14.84,1.18,8.41,14.62,1.22,8,16,1.23,7,15,1.21,6.72,12.1,1.3,3.5,1.38,3.09,1.5,2.95,1.43,2.71,-1.75,1.64,2.37,2526
F1,28/09/2025,14:00,Nice,Paris FC,1,1,D,1,0,11,13,5,3,5,5,1,1,0,0,1.88,3.99,3.96,1.91,3.85,4.09,2.22,3.65,3.55,2.12,3.8,3.8,2.04,3.58,3.4,1.62,2.3,1.72,2.23,1.75,2.25,1.69,2.12,-0.25,1.67,2.36,2526
F1,28/09/2025,16:15,Angers,Brest,0,2,A,0,2,11,7,2,3,11,4,1,1,0,0,3.08,3.43,2.4,3.32,3.11,2.47,3.5,3.2,2.44,3.4,3.2,2.4,3.16,3.11,2.37,2,1.85,2.43,1.61,2.3,1.65,2.24,1.61,0.25,1.85,2.09,2526
F1,28/09/2025,16:15,Lille,Lyon,0,1,A,0,1,14,5,3,2,3,4,4,4,1,0,2.26,3.49,3.28,2.35,3.54,3.12,2.36,3.65,3.2,2.36,3.5,3.2,2.26,3.44,3.04,1.73,2.1,1.76,2.16,1.75,2.15,1.71,2.08,-0.25,2.04,1.88,2526
F1,28/09/2025,16:15,Metz,Le Havre,0,0,D,0,0,7,11,0,2,4,6,2,2,0,0,2.67,3.46,2.7,2.69,3.35,2.8,2.72,3.45,2.9,2.63,3.4,2.8,2.56,3.29,2.71,2,1.85,2,1.91,1.95,1.93,1.89,1.86,0,1.93,2,2526
F1,28/09/2025,19:45,Rennes,Lens,0,0,D,0,0,14,13,2,2,8,4,3,2,0,1,2.54,3.59,2.77,2.61,3.56,2.75,2.8,3.65,2.66,2.68,3.7,2.65,2.56,3.5,2.6,1.73,2.1,1.74,2.21,1.73,2.2,1.67,2.13,0,1.92,2.01,2526
F1,03/10/2025,19:45,Paris FC,Lorient,2,0,H,2,0,10,8,2,3,1,5,0,2,0,0,1.78,3.98,4.52,1.74,3.95,4.91,1.84,3.9,4.9,1.8,3.9,4.75,1.76,3.75,4.42,1.67,2.2,1.8,2.11,1.75,2.1,1.71,2.08,-0.75,1.96,1.96,2526
F1,04/10/2025,16:00,Metz,Marseille,0,3,A,0,0,4,21,1,9,4,4,0,0,0,0,6.24,4.71,1.5,6.51,4.55,1.51,6.2,4.7,1.59,6.25,4.6,1.57,5.77,4.29,1.53,1.62,2.3,1.64,2.37,1.73,2.25,1.66,2.16,1.25,1.81,2.12,2526
F1,04/10/2025,18:00,Brest,Nantes,0,0,D,0,0,17,6,5,0,12,3,2,1,0,0,1.88,3.76,4.23,1.98,3.56,4.13,2.02,3.7,4.2,1.95,3.65,4.2,1.89,3.55,4.01,1.93,1.93,2.08,1.84,2,1.91,1.93,1.83,-0.5,1.99,1.93,2526
F1,04/10/2025,20:05,Auxerre,Lens,1,2,A,0,1,18,7,2,4,2,2,3,7,0,1,3.79,3.87,1.95,3.6,3.7,2.08,3.7,3.75,2.14,3.6,3.8,2.05,3.5,3.59,2.01,1.85,2,1.82,2.09,1.85,2.05,1.79,1.97,0.5,1.85,2.09,2526
F1,05/10/2025,14:00,Lyon,Toulouse,1,2,A,1,0,13,14,3,4,8,5,1,3,0,0,1.95,3.81,3.83,2,3.57,4.02,2.1,3.5,4.1,2.05,3.5,3.9,1.98,3.4,3.8,1.8,2,2.01,1.9,2,1.88,1.95,1.81,-0.5,2.01,1.92,2526
F1,05/10/2025,16:15,Le Havre,Rennes,2,2,D,1,2,10,9,2,3,3,4,1,2,0,0,3.08,3.33,2.45,3.31,3.39,2.32,3.4,3.5,2.34,3.33,3.55,2.3,3.1,3.39,2.25,2,1.85,2,1.91,2,1.94,1.91,1.85,0.25,1.93,2,2526
F1,05/10/2025,16:15,Monaco,Nice,2,2,D,1,2,20,9,6,2,6,7,1,3,0,1,1.96,3.77,3.86,2.05,3.78,3.61,2,3.85,4.1,1.96,3.8,3.8,1.93,3.74,3.65,1.57,2.38,1.56,2.51,1.55,2.5,1.52,2.43,-0.5,2.06,1.87,2526
F1,05/10/2025,16:15,Strasbourg,Angers,5,0,H,1,0,18,5,12,1,2,5,2,2,0,0,1.71,3.9,5.12,1.78,3.78,4.91,1.78,3.95,5.3,1.75,3.8,5.33,1.72,3.64,4.84,2.03,1.83,2.08,1.81,2.1,1.8,2,1.76,-0.75,2.03,1.9,2526
F1,05/10/2025,19:45,Lille,Paris SG,1,1,D,0,0,9,17,3,5,3,5,1,1,0,0,4.47,3.99,1.78,4.27,3.92,1.85,3.75,3.7,2.14,3.6,3.7,2.1,3.39,3.58,2.05,1.67,2.2,1.7,2.26,1.68,2.25,1.64,2.19,0.25,2.44,1.62,2526
F1,17/10/2025,19:45,Paris SG,Strasbourg,3,3,D,1,2,21,12,9,7,4,1,2,1,0,0,1.31,5.83,9.84,1.4,5.25,8,1.42,5.5,8.6,1.44,5.4,8,1.39,5.08,7.09,1.44,2.75,1.47,2.75,1.46,2.83,1.43,2.71,-1.25,1.91,2.02,2526
F1,18/10/2025,16:00,Nice,Lyon,3,2,H,2,1,5,29,4,7,1,16,1,2,0,0,2.54,3.54,2.81,2.48,3.55,2.91,2.32,3.6,3.4,2.4,3.65,3.2,2.23,3.49,3.08,1.8,2,1.81,2.1,1.8,2.12,1.71,2.07,-0.25,2.15,1.79,2526
F1,18/10/2025,18:00,Angers,Monaco,1,1,D,0,0,16,11,3,4,10,3,2,2,0,0,5.31,4.23,1.63,5.22,4.02,1.68,5.9,4.2,1.68,5.6,4.2,1.65,5.28,4.03,1.61,1.67,2.2,1.83,2.07,1.8,2.06,1.76,2.01,0.75,2.04,1.88,2526
F1,18/10/2025,20:05,Marseille,Le Havre,6,2,H,1,1,18,8,11,3,2,1,2,1,0,1,1.33,5.87,8.66,1.37,5.33,8.82,1.32,5.6,14.5,1.37,5.5,10,1.32,5.32,8.98,1.62,2.3,1.66,2.32,1.6,2.38,1.57,2.33,-1.5,2.1,1.82,2526
F1,19/10/2025,14:00,Lens,Paris FC,2,1,H,1,1,11,9,3,3,11,3,2,2,0,0,1.89,3.9,4,1.84,3.83,4.4,1.88,4,4.5,1.82,4,4.33,1.79,3.83,4.15,1.67,2.2,1.7,2.27,1.68,2.3,1.63,2.2,-0.5,1.85,2.09,2526
F1,19/10/2025,16:15,Lorient,Brest,3,3,D,1,2,12,8,7,4,5,2,3,2,0,0,2.55,3.55,2.79,2.72,3.37,2.75,2.92,3.35,2.76,2.8,3.3,2.71,2.71,3.23,2.61,1.98,1.88,1.99,1.92,2.05,1.93,1.95,1.82,0,1.95,1.97,2526
F1,19/10/2025,16:15,Rennes,Auxerre,2,2,D,1,1,19,7,7,4,6,2,1,3,0,0,1.8,3.84,4.53,1.83,3.81,4.56,1.9,3.85,4.6,1.88,3.75,4.4,1.83,3.65,4.18,1.83,2.03,1.81,2.1,1.8,2.12,1.75,2.03,-0.5,1.82,2.1,2526
F1,19/10/2025,16:15,Toulouse,Metz,4,0,H,2,0,16,2,7,2,5,1,2,1,0,1,1.61,4.12,5.71,1.59,4.14,6.14,1.59,4.4,6.8,1.55,4.4,6.5,1.52,4.26,6,1.88,1.98,1.93,1.98,1.77,2.2,1.72,2.07,-1,2.02,1.91,2526
F1,19/10/2025,19:45,Nantes,Lille,0,2,A,0,1,8,23,3,5,5,9,1,4,0,0,4.54,3.86,1.79,5.07,3.85,1.75,5.8,4,1.71,5.5,4,1.67,5.31,3.88,1.62,1.9,1.95,1.91,2,1.85,2,1.81,1.95,0.75,1.95,1.97,2526
F1,24/10/2025,19:45,Paris FC,Nantes,1,2,A,1,2,14,11,3,3,8,2,3,2,0,0,1.67,4.1,5.31,1.58,4.17,6.29,1.63,4.4,6.2,1.61,4.2,6,1.57,4.07,5.61,1.73,2.1,1.82,2.07,1.8,2.12,1.73,2.04,-1,1.99,1.93,2526
F1,25/10/2025,16:00,Brest,Paris SG,0,3,A,0,2,8,18,2,8,2,7,1,1,0,0,8.88,5.61,1.34,8.21,5.41,1.37,9.6,6.2,1.36,9.5,5.66,1.35,8.17,5.47,1.32,1.44,2.75,1.48,2.77,1.45,2.85,1.43,2.72,1.5,1.86,2.07,2526
F1,25/10/2025,18:00,Monaco,Toulouse,1,0,H,1,0,14,10,5,2,2,5,3,4,0,0,1.87,4.03,3.96,2.16,3.63,3.44,2.18,3.7,3.6,2.2,3.7,3.6,2.06,3.57,3.31,1.62,2.3,1.69,2.26,1.68,2.32,1.63,2.2,-0.25,1.88,2.05,2526
F1,25/10/2025,20:05,Lens,Marseille,2,1,H,1,1,8,17,5,3,4,8,3,2,0,0,2.82,3.61,2.49,2.6,3.49,2.81,2.66,3.6,2.88,2.6,3.6,2.75,2.52,3.47,2.67,1.73,2.1,1.73,2.22,1.75,2.23,1.68,2.12,0,1.88,2.04,2526
F1,26/10/2025,14:00,Lille,Metz,6,1,H,2,0,23,10,12,4,7,8,3,2,0,0,1.33,5.55,9.34,1.23,6.74,12.77,1.27,7,13.5,1.26,6.5,13,1.23,6.36,11.36,1.57,2.38,1.47,2.76,1.48,2.8,1.44,2.67,-1.75,1.84,2.08,2526
F1,26/10/2025,16:15,Angers,Lorient,2,0,H,1,0,7,23,4,4,1,6,1,0,0,0,2.63,3.19,2.94,2.76,3.04,2.98,2.9,3.05,3,2.83,3.15,2.83,2.71,3.03,2.76,2.3,1.62,2.51,1.58,2.5,1.63,2.36,1.56,0,1.88,2.04,2526
F1,26/10/2025,16:15,Auxerre,Le Havre,0,1,A,0,0,14,9,3,4,13,5,2,2,0,0,2.16,3.45,3.56,2.15,3.39,3.74,2.18,3.45,3.9,2.1,3.5,3.75,2.08,3.31,3.59,2,1.8,2.14,1.78,2.2,1.81,2.05,1.73,-0.25,1.85,2.09,2526
F1,26/10/2025,16:15,Rennes,Nice,1,2,A,0,2,19,8,7,3,7,3,5,2,0,0,2.2,3.64,3.28,2.11,3.61,3.6,2.1,3.6,3.95,2.1,3.75,3.66,2.05,3.61,3.4,1.73,2.1,1.72,2.21,1.72,2.22,1.66,2.16,-0.5,2.11,1.81,2526
F1,26/10/2025,19:45,Lyon,Strasbourg,2,1,H,1,1,8,7,3,2,4,2,0,4,0,1,2.11,3.75,3.41,1.95,3.78,3.95,1.99,3.85,4.1,1.95,3.8,3.9,1.92,3.67,3.75,1.67,2.2,1.72,2.24,1.68,2.32,1.65,2.18,-0.5,1.96,1.96,2526
F1,29/10/2025,18:00,Le Havre,Brest,1,0,H,0,0,13,8,3,2,5,1,1,3,0,0,2.56,3.38,2.89,2.98,3.13,2.69,3.05,3.15,2.8,2.9,3.15,2.7,2.84,3.07,2.6,1.98,1.88,2.35,1.65,2.3,1.73,2.2,1.63,0,2.07,1.86,2526
F1,29/10/2025,18:00,Lorient,Paris SG,1,1,D,0,0,5,15,2,8,0,8,0,2,0,0,10.79,6.39,1.26,9.63,6.45,1.28,11.5,7,1.29,11,6.5,1.3,9.98,6.09,1.26,1.44,2.75,1.46,2.76,1.46,3,1.42,2.74,1.75,1.85,2.06,2526
F1,29/10/2025,18:00,Metz,Lens,2,0,H,0,0,16,10,7,2,2,5,3,2,1,0,6.36,4.56,1.51,6.46,4.75,1.49,7.4,4.9,1.5,7,4.8,1.5,6.29,4.64,1.46,1.67,2.2,1.6,2.46,1.57,2.4,1.55,2.37,1.25,1.85,2.08,2526
F1,29/10/2025,18:00,Nice,Lille,2,0,H,1,0,8,21,4,4,2,13,3,3,0,0,3.07,3.52,2.36,4.02,4.06,1.87,4.1,4.1,1.93,4,3.9,1.91,3.81,3.77,1.88,1.73,2.1,1.6,2.46,1.62,2.4,1.58,2.29,0.5,2.05,1.88,2526
F1,29/10/2025,20:05,Marseille,Angers,2,2,D,0,1,11,12,6,6,1,5,2,1,0,0,1.22,6.86,12.64,1.23,6.77,12.63,1.27,7,14,1.25,6.5,13,1.23,6.24,11.84,1.57,2.38,1.6,2.41,1.6,2.4,1.56,2.35,-1.75,1.93,1.98,2526
F1,29/10/2025,20:05,Nantes,Monaco,3,5,A,2,2,18,19,5,9,1,3,3,5,0,0,4.97,4,1.71,4.89,4.1,1.72,5.1,4.1,1.77,4.9,4.2,1.73,4.65,3.99,1.68,1.67,2.2,1.73,2.2,1.71,2.23,1.65,2.15,0.75,2,1.93,2526
F1,29/10/2025,20:05,Paris FC,Lyon,3,3,D,0,1,11,7,3,4,4,2,6,2,1,1,2.7,3.61,2.59,2.77,3.51,2.62,2.88,3.6,2.64,2.8,3.6,2.6,2.67,3.45,2.53,1.67,2.2,1.78,2.13,1.75,2.12,1.71,2.07,0,2.02,1.91,2526
F1,29/10/2025,20:05,Strasbourg,Auxerre,3,0,H,0,0,18,6,9,1,4,3,1,1,0,0,1.76,4.03,4.56,1.66,4.11,5.44,1.74,4,5.4,1.74,4,5,1.68,3.85,4.87,1.8,2,1.87,2.04,1.86,2.03,1.81,1.94,-0.75,1.85,2.09,2526
F1,29/10/2025,20:05,Toulouse,Rennes,2,2,D,0,0,15,11,4,5,5,8,2,3,0,0,2.21,3.53,3.36,2.01,3.64,3.92,2.06,3.65,4.1,2.02,3.6,3.8,1.97,3.52,3.72,1.93,1.93,1.92,1.99,1.91,1.98,1.85,1.9,-0.5,2.02,1.91,2526
F1,01/11/2025,16:00,Paris SG,Nice,1,0,H,0,0,28,5,8,2,11,1,3,1,0,0,1.26,6.72,10.13,1.19,7.96,14.78,1.17,9.4,24,1.17,8.5,17,1.15,8.09,15.47,1.36,3.2,1.36,3.19,1.36,3.45,1.33,3.17,-2.25,2.13,1.78,2526
F1,01/11/2025,18:00,Monaco,Paris FC,0,1,A,0,0,10,9,1,1,3,2,3,2,0,0,1.68,4.49,4.56,1.67,4.26,5.01,1.74,4.1,5.3,1.7,4.4,4.9,1.66,4.2,4.58,1.44,2.75,1.6,2.46,1.56,2.63,1.49,2.52,-0.75,1.85,2.09,2526
F1,01/11/2025,20:05,Auxerre,Marseille,0,1,A,0,1,9,6,4,2,3,3,3,4,1,1,4.95,4.15,1.68,5.07,3.98,1.71,5.7,4.1,1.7,5.5,4.1,1.68,5.23,3.83,1.65,1.67,2.2,1.81,2.09,1.95,2,1.87,1.88,0.75,2.01,1.92,2526
F1,02/11/2025,14:00,Rennes,Strasbourg,4,1,H,2,0,13,20,6,2,6,5,1,1,0,0,2.35,3.68,2.98,2.83,3.46,2.6,2.84,3.55,2.68,2.75,3.6,2.6,2.68,3.44,2.52,1.67,2.2,1.75,2.19,1.72,2.2,1.68,2.12,0,2.05,1.88,2526
F1,02/11/2025,16:15,Lens,Lorient,3,0,H,1,0,9,12,6,3,7,6,2,2,0,0,1.48,4.55,7.01,1.59,4.33,5.76,1.6,4.4,6.4,1.57,4.35,6.1,1.55,4.18,5.74,1.67,2.2,1.68,2.28,1.68,2.22,1.65,2.16,-1,2.02,1.91,2526
F1,02/11/2025,16:15,Lille,Angers,1,0,H,1,0,15,6,4,1,9,2,1,0,0,0,1.28,5.98,11.29,1.36,5.39,8.61,1.4,5.4,9.6,1.37,5.25,9,1.35,5.02,8.35,1.67,2.2,1.67,2.31,1.68,2.3,1.63,2.19,-1.5,2.08,1.85,2526
F1,02/11/2025,16:15,Nantes,Metz,0,2,A,0,0,16,14,4,7,8,5,1,3,0,0,1.92,3.73,4.07,2.14,3.61,3.52,2.16,3.65,3.7,2.12,3.6,3.5,2.08,3.52,3.38,1.95,1.9,1.8,2.11,1.82,2.1,1.76,2.01,-0.25,1.86,2.07,2526
F1,02/11/2025,16:15,Toulouse,Le Havre,0,0,D,0,0,18,9,2,3,10,2,1,2,0,0,1.78,3.74,4.82,1.78,3.7,5.03,1.81,3.85,5.2,1.74,3.8,5.25,1.71,3.63,4.94,2,1.85,2.14,1.78,2.1,1.79,2.03,1.74,-0.75,2.03,1.9,2526
F1,02/11/2025,19:45,Brest,Lyon,0,0,D,0,0,13,4,3,2,12,2,1,0,0,1,3.16,3.54,2.3,3.56,3.34,2.23,3.65,3.5,2.26,3.5,3.4,2.2,3.37,3.32,2.16,1.8,2,2.07,1.85,2.05,1.83,1.97,1.79,0.25,2.01,1.92,2526
F1,07/11/2025,19:45,Paris FC,Rennes,0,1,A,0,0,19,10,4,3,8,9,4,2,0,0,2.27,3.61,3.22,2.35,3.6,3.09,2.38,3.6,3.3,2.28,3.65,3.2,2.22,3.52,3.07,1.8,2,1.74,2.18,1.73,2.14,1.69,2.09,-0.25,2.04,1.88,2526
F1,08/11/2025,16:00,Marseille,Brest,3,0,H,2,0,19,4,7,2,6,2,0,1,0,0,1.47,4.67,6.94,1.49,4.81,6.49,1.49,4.9,7.4,1.51,4.8,7,1.46,4.62,6.28,1.67,2.2,1.6,2.46,1.62,2.4,1.58,2.29,-1.25,2.06,1.87,2526
F1,08/11/2025,18:00,Le Havre,Nantes,1,1,D,0,1,17,5,4,2,8,3,3,3,0,0,1.91,3.43,4.56,1.9,3.4,4.77,1.92,3.45,5.1,1.91,3.4,4.8,1.86,3.33,4.51,2.2,1.67,2.2,1.75,2.17,1.73,2.11,1.68,-0.5,1.91,2.01,2526
F1,08/11/2025,20:05,Monaco,Lens,1,4,A,1,3,16,20,6,12,5,4,1,2,1,0,2.1,3.85,3.35,2.02,3.84,3.65,2.06,4,3.65,2,3.9,3.55,1.98,3.81,3.43,1.53,2.5,1.56,2.56,1.53,2.5,1.5,2.48,-0.5,2.03,1.89,2526
F1,09/11/2025,14:00,Lorient,Toulouse,1,1,D,1,0,10,6,2,2,6,4,0,4,0,0,2.99,3.32,2.51,3.26,3.22,2.44,3.3,3.3,2.5,3.1,3.3,2.4,3.03,3.21,2.38,2.1,1.73,2.24,1.71,2.15,1.73,2.09,1.69,0.25,1.85,2.08,2526
F1,09/11/2025,16:15,Angers,Auxerre,2,0,H,0,0,9,12,5,5,3,3,2,2,0,0,2.62,3.18,2.97,2.62,3.11,3.1,2.7,3.15,3.2,2.6,3.13,3.1,2.54,3.01,2.98,2.3,1.62,2.5,1.58,2.5,1.6,2.37,1.55,0,1.81,2.14,2526
F1,09/11/2025,16:15,Metz,Nice,2,1,H,0,1,9,11,2,4,6,3,2,4,0,0,3.35,3.73,2.14,3.06,3.67,2.33,3.2,3.7,2.38,3.1,3.75,2.33,3,3.58,2.24,1.73,2.1,1.72,2.24,1.68,2.2,1.66,2.15,0.25,1.89,2.04,2526
F1,09/11/2025,16:15,Strasbourg,Lille,2,0,H,1,0,5,7,2,4,1,4,4,3,0,1,2.68,3.71,2.56,2.78,3.67,2.53,2.86,3.75,2.6,2.75,3.75,2.55,2.67,3.54,2.48,1.73,2.1,1.66,2.33,1.66,2.3,1.61,2.23,0,2.06,1.88,2526
F1,09/11/2025,19:45,Lyon,Paris SG,2,3,A,1,2,9,9,2,4,5,5,5,2,1,0,4.22,4,1.82,5.94,4.14,1.6,6,4.4,1.64,6,4.2,1.6,5.72,4.09,1.56,1.62,2.3,1.81,2.09,1.8,2.2,1.72,2.06,1,1.89,2.03,2526
F1,21/11/2025,19:45,Nice,Marseille,1,5,A,0,2,15,13,7,11,8,6,2,2,0,0,3.92,3.7,1.96,3.78,3.71,2.02,4,3.85,2.02,3.8,3.75,2,3.65,3.62,1.95,1.73,2.1,1.72,2.23,1.75,2.2,1.67,2.13,0.5,1.89,2.03,2526
F1,22/11/2025,16:00,Lens,Strasbourg,1,0,H,0,0,13,7,5,1,3,1,2,3,1,1,2.1,3.71,3.48,2.19,3.67,3.35,2.18,3.75,3.5,2.15,3.75,3.4,2.09,3.63,3.27,1.67,2.2,1.68,2.3,1.67,2.25,1.63,2.19,-0.25,1.91,2.02,2526
F1,22/11/2025,18:00,Rennes,Monaco,4,1,H,1,0,17,13,9,3,4,6,0,1,0,1,2.71,3.8,2.49,2.47,3.7,2.84,2.54,3.8,2.88,2.5,3.9,2.8,2.43,3.64,2.68,1.57,2.38,1.56,2.56,1.53,2.63,1.5,2.49,0,1.83,2.11,2526
F1,22/11/2025,20:05,Paris SG,Le Havre,3,0,H,1,0,31,12,11,4,6,4,2,1,0,0,1.16,9.07,14.62,1.21,7.28,13.39,1.24,7.4,15.5,1.23,7,13,1.21,6.45,12.38,1.5,2.63,1.55,2.54,1.55,2.6,1.51,2.45,-1.75,1.88,2.03,2526
F1,23/11/2025,14:00,Auxerre,Lyon,0,0,D,0,0,12,16,5,7,7,11,1,3,0,0,3.86,3.53,2.03,4.06,3.54,2,4.2,3.5,2.06,4,3.5,2,3.86,3.41,1.97,1.98,1.88,2.05,1.86,2.1,1.88,1.99,1.77,0.5,1.92,2.01,2526
F1,23/11/2025,16:15,Brest,Metz,3,2,H,1,1,20,7,7,3,6,2,2,3,0,0,1.85,3.81,4.3,1.85,3.83,4.38,1.86,3.9,4.7,1.94,3.8,4.5,1.8,3.73,4.21,1.83,2.03,1.78,2.13,1.8,2.1,1.75,2.01,-0.5,1.86,2.08,2526
F1,23/11/2025,16:15,Nantes,Lorient,1,1,D,0,1,9,7,1,1,1,1,1,1,0,0,2.65,3.49,2.71,3.1,3.4,2.44,3.1,3.55,2.46,3,3.35,2.45,2.95,3.29,2.4,2.03,1.83,2.02,1.88,2,1.88,1.96,1.8,0.25,1.84,2.1,2526
F1,23/11/2025,16:15,Toulouse,Angers,0,1,A,0,1,25,6,6,2,11,1,1,3,0,0,1.62,3.97,5.96,1.69,3.75,5.74,1.73,3.8,6,1.7,3.8,5.75,1.66,3.67,5.45,2.05,1.8,2.24,1.71,2.14,1.73,2.08,1.7,-0.75,1.92,2.01,2526
F1,23/11/2025,19:45,Lille,Paris FC,4,2,H,1,1,17,6,10,3,9,4,1,2,0,0,1.62,4.34,5.28,1.7,4.03,5.15,1.74,4.2,5.3,1.71,4,5.1,1.66,3.91,4.95,1.67,2.2,1.78,2.13,1.77,2.14,1.71,2.07,-0.75,1.89,2.03,2526
F1,28/11/2025,19:45,Metz,Rennes,0,1,A,0,1,16,9,5,2,6,3,0,0,0,0,4,3.97,1.89,3.76,3.94,1.96,3.9,3.9,2.02,3.75,3.9,1.96,3.63,3.79,1.91,1.67,2.2,1.6,2.44,1.66,2.4,1.56,2.33,0.5,1.95,1.97,2526
F1,29/11/2025,16:00,Monaco,Paris SG,1,0,H,0,0,10,17,5,4,4,4,3,1,1,0,5.1,4.59,1.6,4.62,4.41,1.69,4.8,4.6,1.73,4.6,4.4,1.7,4.42,4.32,1.66,1.44,2.75,1.42,2.95,1.44,3.05,1.38,2.93,0.75,2.05,1.88,2526
F1,29/11/2025,18:00,Paris FC,Auxerre,1,1,D,1,1,11,11,2,3,4,3,2,1,0,0,1.82,3.81,4.49,1.9,3.61,4.4,1.95,3.75,4.5,1.95,3.65,4.25,1.88,3.55,4.08,1.88,1.98,2.01,1.9,2,1.93,1.89,1.87,-0.5,1.91,2.01,2526
F1,29/11/2025,20:05,Marseille,Toulouse,2,2,D,0,1,20,6,5,4,9,1,2,1,0,0,1.62,4.17,5.51,1.68,4.04,5.22,1.68,4.2,5.8,1.7,4.1,5.5,1.64,3.98,5.01,1.8,2,1.75,2.17,1.76,2.1,1.71,2.07,-0.75,1.88,2.05,2526
F1,30/11/2025,14:00,Strasbourg,Brest,1,2,A,1,0,14,7,6,4,5,0,0,3,0,0,1.83,3.83,4.4,1.84,3.87,4.33,1.85,3.95,4.7,1.85,3.9,4.4,1.79,3.78,4.24,1.73,2.1,1.72,2.22,1.7,2.2,1.67,2.13,-0.5,1.85,2.08,2526
F1,30/11/2025,16:15,Angers,Lens,1,2,A,0,1,7,17,5,6,2,8,1,1,0,0,4.78,3.88,1.76,5.48,3.86,1.7,5.7,3.95,1.74,5.33,4,1.73,4.79,3.85,1.69,1.91,1.91,1.81,2.08,1.8,2.1,1.75,2.02,0.75,2.03,1.89,2526
F1,30/11/2025,16:15,Le Havre,Lille,0,1,A,0,0,14,8,7,2,6,2,1,3,0,1,4.31,3.7,1.88,4.64,3.79,1.81,4.9,3.85,1.86,4.75,3.75,1.84,4.44,3.67,1.78,1.91,1.91,1.93,1.98,1.91,1.95,1.86,1.89,0.75,1.86,2.07,2526
F1,30/11/2025,16:15,Lorient,Nice,3,1,H,2,1,18,9,7,2,3,7,1,2,0,0,2.45,3.38,3.03,2.44,3.46,3.03,2.52,3.55,3.05,2.4,3.5,3,2.37,3.38,2.91,1.8,2,1.83,2.08,1.83,2.08,1.76,2,-0.25,2.11,1.83,2526
F1,30/11/2025,19:45,Lyon,Nantes,3,0,H,0,0,20,6,8,2,7,0,1,2,0,1,1.45,4.83,7.17,1.42,4.9,7.88,1.45,5,9,1.4,4.9,8.5,1.38,4.75,7.95,1.73,2.1,1.76,2.16,1.73,2.28,1.67,2.14,-1.25,1.95,1.97,2526
F1,05/12/2025,18:00,Brest,Monaco,1,0,H,1,0,12,10,4,2,2,3,2,4,1,0,3.45,3.94,2.06,3.55,3.82,2.06,3.65,3.85,2.12,3.5,3.9,2.1,3.32,3.77,2.02,1.5,2.63,1.59,2.48,1.55,2.5,1.53,2.41,0.5,1.86,2.07,2526
F1,05/12/2025,20:00,Lille,Marseille,1,0,H,1,0,5,6,2,2,2,5,1,1,0,0,2.39,3.58,3.03,2.42,3.48,3.06,2.5,3.55,3.1,2.38,3.6,3,2.34,3.46,2.9,1.73,2.1,1.78,2.14,1.75,2.25,1.69,2.11,-0.25,2.09,1.85,2526
F1,06/12/2025,16:00,Nantes,Lens,1,2,A,1,1,10,20,4,6,1,12,2,0,0,0,4.98,4.09,1.69,5.17,3.9,1.71,5.2,4,1.76,5,4,1.71,4.87,3.86,1.68,1.73,2.1,1.81,2.1,1.8,2.1,1.73,2.04,0.75,2,1.93,2526
F1,06/12/2025,18:00,Toulouse,Strasbourg,1,0,H,1,0,6,3,3,0,1,2,3,3,0,0,2.58,3.42,2.83,2.65,3.32,2.87,2.68,3.4,3,2.6,3.4,2.9,2.52,3.27,2.79,1.93,1.93,2.09,1.83,2,1.87,1.95,1.81,0,1.88,2.05,2526
F1,06/12/2025,20:05,Paris SG,Rennes,5,0,H,2,0,20,6,9,2,8,6,0,3,0,1,1.31,6.21,8.64,1.3,6.31,8.96,1.33,6.6,10,1.3,6.5,9.5,1.27,6.18,8.89,1.4,3,1.34,3.34,1.33,3.5,1.31,3.28,-1.75,2,1.9,2526
F1,07/12/2025,14:00,Nice,Angers,0,1,A,0,1,13,8,3,4,4,1,1,1,1,0,2.02,3.62,3.79,1.8,3.77,4.78,1.86,3.9,4.7,1.84,3.8,4.75,1.78,3.66,4.45,1.88,1.98,1.96,1.94,1.92,1.93,1.88,1.87,-0.5,1.79,2.12,2526
F1,07/12/2025,16:15,Auxerre,Metz,3,1,H,2,1,14,5,7,3,5,3,2,1,0,0,2.01,3.52,3.96,2.06,3.52,3.87,2.12,3.5,4,2.05,3.55,3.85,2,3.45,3.73,2,1.85,2.02,1.89,2,1.91,1.94,1.82,-0.5,2.07,1.87,2526
F1,07/12/2025,16:15,Le Havre,Paris FC,0,0,D,0,0,13,13,2,2,7,2,0,2,0,0,2.72,3.3,2.76,2.97,3.24,2.62,3.05,3.25,2.7,2.9,3.3,2.63,2.78,3.19,2.58,2.03,1.83,2.15,1.76,2.1,1.79,2.04,1.73,0,2.1,1.84,2526
F1,07/12/2025,19:45,Lorient,Lyon,1,0,H,1,0,14,7,6,4,1,7,2,2,0,1,3.32,3.58,2.21,3.82,3.47,2.09,3.85,3.65,2.12,3.75,3.4,2.1,3.65,3.35,2.05,1.91,1.91,2.13,1.77,2.1,1.8,2.02,1.74,0.5,1.84,2.1,2526
F1,12/12/2025,19:45,Angers,Nantes,4,1,H,1,0,20,7,9,4,6,3,1,2,0,0,2.19,3.27,3.77,2.2,3.23,3.79,2.24,3.3,3.95,2.2,3.25,3.7,2.15,3.15,3.58,2.38,1.57,2.42,1.63,2.38,1.6,2.29,1.58,-0.25,1.88,2.05,2526
F1,13/12/2025,16:00,Rennes,Brest,3,1,H,2,1,9,14,5,7,5,7,2,3,0,0,1.84,3.93,4.2,1.88,3.88,4.16,1.94,3.85,4.3,1.89,3.8,4.2,1.84,3.71,4.01,1.73,2.1,1.8,2.12,1.77,2.1,1.72,2.05,-0.5,1.89,2.04,2526
F1,13/12/2025,18:00,Metz,Paris SG,2,3,A,1,2,9,14,5,9,4,4,2,1,0,0,10.74,6.84,1.24,10.63,6.79,1.26,11,7.4,1.28,11,6.5,1.29,10.03,6.34,1.24,1.36,3.2,1.38,3.12,1.37,3.4,1.33,3.14,1.75,1.98,1.93,2526
F1,13/12/2025,20:05,Paris FC,Toulouse,0,3,A,0,2,9,7,2,4,7,4,3,1,0,0,2.48,3.31,3.05,2.78,3.19,2.83,2.88,3.25,2.88,2.75,3.25,2.75,2.7,3.16,2.68,2.03,1.83,2.2,1.74,2.2,1.73,2.1,1.69,0,1.94,1.98,2526
F1,14/12/2025,14:00,Lyon,Le Havre,1,0,H,0,0,18,10,4,4,5,4,2,4,0,0,1.6,4.12,5.85,1.64,4.11,5.66,1.69,4.1,5.9,1.66,4.2,5.75,1.61,3.94,5.38,1.91,1.91,1.87,2.04,1.91,2,1.83,1.91,-0.75,1.81,2.11,2526
F1,14/12/2025,16:15,Auxerre,Lille,3,4,A,0,1,18,8,8,5,10,3,5,2,2,2,4.46,3.76,1.83,4.4,3.46,1.95,4.7,3.5,1.98,4.5,3.75,1.96,4.16,3.34,1.92,1.93,1.93,2.19,1.74,2.22,1.88,2.12,1.68,0.5,1.96,1.96,2526
F1,14/12/2025,16:15,Lens,Nice,2,0,H,1,0,15,8,5,4,2,5,0,2,0,0,1.49,4.72,6.49,1.56,4.65,5.68,1.61,4.6,6,1.57,4.8,6.1,1.52,4.52,5.55,1.53,2.5,1.54,2.57,1.53,2.63,1.49,2.51,-1,1.92,2.01,2526
F1,14/12/2025,16:15,Strasbourg,Lorient,0,0,D,0,0,12,10,2,2,11,3,1,0,0,0,1.75,3.96,4.72,1.82,3.8,4.62,1.84,3.9,4.9,1.84,3.8,4.5,1.76,3.73,4.41,1.8,2,1.91,2,1.91,2,1.84,1.9,-0.5,1.81,2.1,2526
F1,14/12/2025,19:45,Marseille,Monaco,1,0,H,0,0,18,18,8,7,3,7,2,1,0,0,1.93,3.93,3.81,2.09,3.63,3.65,2.1,3.85,3.7,2.05,4,3.6,2.01,3.59,3.5,1.5,2.63,1.73,2.19,1.73,2.6,1.64,2.19,-0.5,2.1,1.84,2526
F1,02/01/2026,19:45,Toulouse,Lens,0,3,A,0,0,8,16,2,7,2,8,2,3,1,0,2.64,3.35,2.86,2.58,3.26,3,2.68,3.35,3,2.6,3.25,2.9,2.51,3.18,2.86,2,1.8,2.17,1.76,2.1,1.8,2.02,1.74,0,1.83,2.12,2526
F1,03/01/2026,16:00,Monaco,Lyon,1,3,A,1,1,6,13,2,9,7,2,2,3,1,0,2.09,3.89,3.36,2.12,3.71,3.48,2.18,3.85,3.5,2.1,3.8,3.5,2.07,3.65,3.29,1.57,2.38,1.69,2.28,1.68,2.3,1.62,2.22,-0.25,1.85,2.08,2526
F1,03/01/2026,18:00,Nice,Strasbourg,1,1,D,0,1,19,8,6,5,5,7,1,2,0,0,2.72,3.53,2.61,3.44,3.52,2.21,3.5,3.55,2.3,3.35,3.5,2.3,3.13,3.43,2.22,1.8,2,1.83,2.07,1.83,2.05,1.76,1.99,0.25,2.01,1.91,2526
F1,03/01/2026,20:05,Lille,Rennes,0,2,A,0,0,13,18,3,4,4,7,1,1,1,0,1.89,3.67,4.27,1.76,3.92,4.78,1.8,4,5,1.77,4,4.75,1.73,3.86,4.48,1.67,2.2,1.7,2.26,1.68,2.2,1.65,2.16,-0.75,1.98,1.94,2526
F1,04/01/2026,14:00,Marseille,Nantes,0,2,A,0,1,11,15,4,9,6,3,2,3,2,0,1.23,6.8,11.54,1.27,6.42,10.55,1.29,6.8,12,1.28,6.5,12,1.25,6.18,10.28,1.5,2.63,1.43,2.88,1.47,2.8,1.44,2.67,-1.75,1.96,1.94,2526
F1,04/01/2026,16:15,Brest,Auxerre,2,0,H,1,0,11,10,4,1,7,6,3,2,0,0,1.96,3.33,4.47,2.01,3.38,4.27,2.02,3.5,4.4,2,3.4,4.33,1.93,3.33,4.11,2,1.8,2.21,1.74,2.1,1.75,2.06,1.71,-0.5,2.01,1.91,2526
F1,04/01/2026,16:15,Le Havre,Angers,2,1,H,1,0,11,9,6,3,6,6,1,1,0,0,2.08,3.38,3.87,2.47,3.28,3.14,2.5,3.35,3.25,2.4,3.33,3.2,2.37,3.2,3.05,2.2,1.67,2.24,1.72,2.23,1.67,2.17,1.64,-0.25,2.12,1.83,2526
F1,04/01/2026,16:15,Lorient,Metz,1,1,D,0,1,16,8,5,2,4,4,1,2,0,0,1.81,3.83,4.51,1.84,3.78,4.52,1.9,3.8,4.7,1.94,3.7,4.35,1.83,3.61,4.2,1.91,1.91,1.92,1.99,1.91,1.98,1.85,1.89,-0.5,1.85,2.09,2526
F1,04/01/2026,19:45,Paris SG,Paris FC,2,1,H,1,0,20,6,6,3,7,1,1,0,0,0,1.21,6.53,16.75,1.15,9.78,17,1.14,11,26,1.15,10,20,1.12,9.05,17.31,1.36,3.2,1.32,3.43,1.29,3.75,1.27,3.57,-2.5,2,1.88,2526
F1,16/01/2026,18:00,Monaco,Lorient,1,3,A,0,0,14,14,7,4,4,3,1,0,0,0,,,,,,,1.67,4.4,5.5,1.65,4.33,5,1.62,4.17,4.88,1.57,2.38,,,1.62,2.45,1.57,2.32,-0.75,,,2526
F1,16/01/2026,20:00,Paris SG,Lille,3,0,H,1,0,13,7,7,4,4,2,0,1,0,0,,,,,,,1.31,6.6,11.5,1.29,6.4,10.5,1.27,6.05,9.35,1.44,2.75,,,1.44,3.1,1.39,2.86,-1.75,,,2526
F1,17/01/2026,16:00,Lens,Auxerre,1,0,H,0,0,19,5,7,0,1,5,2,5,0,0,,,,,,,1.53,4.5,7.6,1.52,4.6,7.5,1.46,4.32,6.74,1.73,2.1,,,1.78,2.1,1.72,2.05,-1.25,,,2526
F1,17/01/2026,18:00,Toulouse,Nice,5,1,H,2,0,22,15,10,6,6,7,1,2,0,0,,,,,,,2.06,3.7,4,2,3.5,4,1.95,3.46,3.81,1.9,1.95,,,1.95,1.91,1.87,1.86,-0.5,,,2526
F1,17/01/2026,20:05,Angers,Marseille,2,5,A,1,4,7,23,3,11,6,2,1,1,0,0,,,,,,,6,4.2,1.65,6,4.2,1.61,5.62,4.05,1.57,1.9,1.95,,,1.8,2.1,1.74,2.01,1,,,2526
F1,18/01/2026,14:00,Strasbourg,Metz,2,1,H,2,1,14,9,6,2,4,1,2,3,0,0,,,,,,,1.46,5,8.4,1.44,4.8,7.5,1.42,4.7,7.02,1.62,2.3,,,1.68,2.25,1.62,2.2,-1.25,,,2526
F1,18/01/2026,16:15,Nantes,Paris FC,1,2,A,0,1,5,10,1,3,1,2,1,3,0,0,,,,,,,2.82,3.25,2.92,2.75,3.25,2.85,2.62,3.15,2.73,2.03,1.83,,,2.1,1.83,2.02,1.74,0,,,2526
F1,18/01/2026,16:15,Rennes,Le Havre,1,1,D,0,0,19,7,7,4,10,6,1,4,0,0,,,,,,,1.65,4.4,5.9,1.62,4.33,5.5,1.59,4.22,5.14,1.83,2.03,,,1.62,2.3,1.6,2.25,-1,,,2526
F1,18/01/2026,19:45,Lyon,Brest,2,1,H,2,0,19,5,6,2,5,0,2,0,0,1,,,,,,,1.72,4,5.7,1.7,4,5.5,1.64,3.87,5.16,1.73,2.1,,,1.91,1.96,1.84,1.9,-0.75,,,2526
F1,23/01/2026,19:00,Auxerre,Paris SG,0,1,A,0,0,8,16,0,8,2,7,0,1,0,0,,,,,,,10,5.5,1.39,9.5,5.25,1.38,8.24,5.01,1.35,1.57,2.38,,,1.62,2.38,1.58,2.28,1.5,,,2526
F1,24/01/2026,16:00,Rennes,Lorient,0,2,A,0,1,22,6,5,4,9,3,2,0,0,0,,,,,,,1.87,3.75,4.9,1.81,3.85,4.6,1.76,3.7,4.42,1.8,2,,,1.88,2,1.8,1.96,-0.75,,,2526
F1,24/01/2026,18:00,Le Havre,Monaco,0,0,D,0,0,7,10,1,2,5,6,0,3,0,0,,,,,,,4.5,4,1.85,4.4,4,1.83,4.1,3.89,1.78,1.67,2.2,,,1.62,2.38,1.58,2.28,0.75,,,2526
F1,24/01/2026,20:05,Marseille,Lens,3,1,H,2,0,10,7,5,2,2,2,0,3,0,0,,,,,,,2.12,3.95,3.5,2.16,3.8,3.4,2.07,3.72,3.22,1.62,2.3,,,1.53,2.5,1.5,2.48,-0.25,,,2526
F1,25/01/2026,14:00,Nantes,Nice,1,4,A,1,3,20,7,5,4,4,2,2,3,0,0,,,,,,,2.82,3.45,2.74,2.8,3.4,2.63,2.7,3.34,2.55,1.8,2,,,1.88,2,1.82,1.92,0,,,2526
F1,25/01/2026,16:15,Brest,Toulouse,0,2,A,0,2,13,8,5,5,3,2,2,3,0,0,,,,,,,3.25,3,2.74,3.14,3,2.66,2.98,2.89,2.62,2.1,1.73,,,2.5,1.57,2.44,1.52,0,,,2526
F1,25/01/2026,16:15,Metz,Lyon,2,5,A,1,4,15,13,6,10,6,4,1,0,0,0,,,,,,,6,3.95,1.71,5.33,3.8,1.69,5.18,3.72,1.66,1.73,2.1,,,2,1.98,1.92,1.83,0.75,,,2526
F1,25/01/2026,16:15,Paris FC,Angers,0,0,D,0,0,8,7,1,1,2,1,1,1,0,0,,,,,,,1.95,3.45,4.9,1.91,3.4,4.75,1.87,3.32,4.41,2,1.8,,,2.23,1.68,2.18,1.64,-0.5,,,2526
F1,25/01/2026,19:45,Lille,Strasbourg,1,4,A,0,2,20,15,6,6,8,1,2,2,0,0,,,,,,,2.66,3.3,3.05,2.54,3.3,2.95,2.46,3.21,2.89,1.8,2,,,2.14,1.8,2.05,1.72,-0.25,,,2526
F1,30/01/2026,19:45,Lens,Le Havre,1,0,H,1,0,15,8,3,2,4,3,1,2,0,0,,,,,,,1.45,4.9,8.6,1.46,4.8,7.5,1.42,4.58,7.1,1.57,2.38,,,1.77,2.2,1.68,2.11,-1.25,,,2526
F1,31/01/2026,16:00,Paris FC,Marseille,2,2,D,0,1,9,18,4,4,4,4,1,4,0,0,,,,,,,4.8,4,1.82,4.5,4,1.81,4.28,3.81,1.77,1.73,2.1,,,1.73,2.2,1.69,2.1,0.75,,,2526
F1,31/01/2026,18:00,Lorient,Nantes,2,1,H,1,0,5,10,4,2,1,4,4,5,0,0,,,,,,,1.97,3.6,4.6,1.91,3.6,4.5,1.86,3.45,4.25,2,1.8,,,2.1,1.77,2.04,1.72,-0.5,,,2526
F1,31/01/2026,20:05,Monaco,Rennes,4,0,H,1,0,14,8,6,4,5,2,1,2,0,0,,,,,,,2.02,4.1,3.75,2,4,3.65,1.93,3.87,3.51,1.5,2.63,,,1.5,2.7,1.46,2.61,-0.5,,,2526
F1,01/02/2026,14:00,Lyon,Lille,1,0,H,1,0,4,11,2,4,2,7,1,4,0,0,,,,,,,2.3,3.55,3.45,2.28,3.5,3.3,2.23,3.38,3.15,1.8,2,,,1.91,1.98,1.83,1.91,-0.25,,,2526
F1,01/02/2026,16:15,Angers,Metz,1,0,H,1,0,17,5,7,0,4,3,2,2,0,1,,,,,,,2.24,3.4,3.75,2.2,3.3,3.75,2.14,3.24,3.49,2.1,1.73,,,2.12,1.73,2.08,1.7,-0.25,,,2526
F1,01/02/2026,16:15,Nice,Brest,2,2,D,0,2,15,12,7,2,6,5,5,3,0,0,,,,,,,2.38,3.55,3.3,2.33,3.4,3.3,2.26,3.34,3.13,1.83,2.03,,,1.8,2.05,1.76,1.99,-0.25,,,2526
F1,01/02/2026,16:15,Toulouse,Auxerre,0,0,D,0,0,12,8,4,2,5,4,1,2,0,0,,,,,,,1.85,3.65,5.3,1.8,3.55,5.1,1.76,3.43,4.91,2.2,1.67,,,2.3,1.65,2.22,1.62,-0.75,,,2526
F1,01/02/2026,19:45,Strasbourg,Paris SG,1,2,A,1,1,9,13,4,4,5,6,1,0,0,1,,,,,,,5.4,4.4,1.68,5.25,4.35,1.66,4.93,4.15,1.6,1.53,2.5,,,1.6,2.6,1.54,2.39,1,,,2526
F1,06/02/2026,19:45,Metz,Lille,0,0,D,0,0,6,16,2,1,1,6,1,1,0,0,,,,,,,6.6,4.6,1.57,6.5,4.4,1.55,6.18,4.23,1.51,1.73,2.1,,,1.88,2.05,1.79,1.97,1,,,2526
F1,07/02/2026,16:00,Lens,Rennes,3,1,H,1,1,10,14,3,1,4,4,4,2,1,0,,,,,,,1.63,4.5,5.9,1.62,4.5,5.8,1.56,4.31,5.23,1.62,2.3,,,1.53,2.63,1.5,2.51,-1,,,2526
F1,07/02/2026,18:00,Brest,Lorient,2,0,H,0,0,11,13,5,2,7,7,2,0,0,0,,,,,,,2.46,3.25,3.4,2.38,3.2,3.5,2.31,3.1,3.26,2.1,1.73,,,2.2,1.7,2.14,1.67,-0.25,,,2526
F1,07/02/2026,20:05,Nantes,Lyon,0,1,A,0,1,13,10,2,3,5,4,4,2,0,1,,,,,,,5.2,3.85,1.8,5.2,3.8,1.75,4.81,3.74,1.71,1.91,1.91,,,1.92,1.95,1.87,1.88,0.75,,,2526
F1,08/02/2026,14:00,Nice,Monaco,0,0,D,0,0,13,10,3,2,8,6,2,2,0,0,,,,,,,3.45,4,2.14,3.4,4,2.12,3.24,3.82,2.03,1.5,2.63,,,1.53,2.63,1.49,2.51,0.5,,,2526
F1,08/02/2026,16:15,Angers,Toulouse,1,0,H,0,0,12,12,4,5,3,5,3,2,0,0,,,,,,,3.95,3.3,2.22,4,3.25,2.2,3.72,3.15,2.1,2.38,1.57,,,2.38,1.62,2.31,1.57,0.25,,,2526
F1,08/02/2026,16:15,Auxerre,Paris FC,0,0,D,0,0,12,8,2,4,7,4,1,4,0,0,,,,,,,2.62,3.35,3.05,2.55,3.3,3,2.48,3.18,2.9,2.2,1.67,,,2.22,1.73,2.14,1.66,-0.25,,,2526
F1,08/02/2026,16:15,Le Havre,Strasbourg,2,1,H,1,1,15,10,7,3,9,3,2,1,0,1,,,,,,,4.5,3.85,1.9,4.3,3.75,1.86,4.2,3.62,1.82,2,1.85,,,1.93,2,1.83,1.92,0.5,,,2526
F1,08/02/2026,19:45,Paris SG,Marseille,5,0,H,2,0,22,9,7,3,5,2,2,2,0,0,,,,,,,1.47,5.5,7,1.48,5,6.5,1.44,4.92,6.05,1.44,2.75,,,1.44,3,1.4,2.83,-1.25,,,2526
F1,13/02/2026,18:00,Rennes,Paris SG,3,1,H,1,0,13,22,4,7,5,8,0,0,0,0,,,,,,,7,5.4,1.48,8,5.75,1.38,7.47,5.47,1.34,1.4,3,,,1.35,3.4,1.32,3.2,1.5,,,2526
F1,13/02/2026,20:05,Monaco,Nantes,3,1,H,3,1,12,13,6,2,9,3,5,2,1,0,,,,,,,1.51,4.9,7.2,1.46,5,7,1.43,4.78,6.56,1.53,2.5,,,1.54,2.6,1.5,2.48,-1.25,,,2526
F1,14/02/2026,16:00,Marseille,Strasbourg,2,2,D,1,0,10,12,6,4,5,5,4,2,0,0,,,,,,,2.06,3.9,3.8,2.05,4,4,1.9,3.8,3.65,1.62,2.3,,,1.68,2.3,1.62,2.21,-0.5,,,2526
F1,14/02/2026,18:00,Lille,Brest,1,1,D,0,0,20,11,5,4,13,1,0,1,0,0,,,,,,,1.63,4.3,6.2,1.62,4.25,6,1.58,3.99,5.65,1.91,1.91,,,1.91,2.02,1.83,1.91,-1,,,2526
F1,14/02/2026,20:05,Paris FC,Lens,0,5,A,0,2,11,17,6,6,3,5,2,1,0,0,,,,,,,4.2,3.7,2,4.1,3.6,2,3.83,3.52,1.93,1.85,2,,,1.91,1.95,1.85,1.89,0.5,,,2526
F1,15/02/2026,14:00,Le Havre,Toulouse,2,1,H,1,1,5,25,2,9,1,10,1,4,1,0,,,,,,,3.7,3.25,2.34,3.5,3.25,2.32,3.33,3.11,2.27,2.2,1.67,,,2.3,1.62,2.25,1.6,0.25,,,2526
F1,15/02/2026,16:15,Lorient,Angers,2,0,H,1,0,8,10,2,3,3,2,0,0,0,0,,,,,,,2.08,3.3,4.5,2.05,3.2,4.5,1.96,3.12,4.28,2.3,1.62,,,2.33,1.62,2.27,1.59,-0.5,,,2526
F1,15/02/2026,16:15,Metz,Auxerre,1,3,A,0,1,13,14,4,3,4,3,2,3,0,0,,,,,,,3.25,3.15,2.62,3.2,3.1,2.55,3.04,3.01,2.48,2.2,1.67,,,2.2,1.73,2.14,1.67,0.25,,,2526
F1,15/02/2026,19:45,Lyon,Nice,2,0,H,1,0,9,10,2,3,8,5,3,1,0,0,,,,,,,1.98,3.8,4.2,1.91,3.85,4.33,1.83,3.68,4.09,1.73,2.1,,,1.75,2.1,1.71,2.07,-0.5,,,2526
F1,20/02/2026,19:45,Brest,Marseille,2,0,H,2,0,12,17,4,4,3,2,1,4,0,0,,,,,,,4.2,3.95,1.94,3.9,3.85,1.9,3.8,3.75,1.87,1.67,2.2,,,1.67,2.22,1.65,2.17,0.5,,,2526
F1,21/02/2026,16:00,Lens,Monaco,2,3,A,1,0,18,10,7,5,7,2,2,1,0,0,,,,,,,1.85,4,4.6,1.78,4.2,4.75,1.72,4.02,4.29,1.5,2.63,,,1.62,2.45,1.55,2.36,-0.75,,,2526
F1,21/02/2026,18:00,Toulouse,Paris FC,1,1,D,0,1,23,5,10,2,12,3,1,5,0,0,,,,,,,2.06,3.4,4.3,2.05,3.4,4.1,1.99,3.26,3.92,2.2,1.67,,,2.25,1.73,2.16,1.65,-0.5,,,2526
F1,21/02/2026,20:05,Paris SG,Metz,3,0,H,2,0,17,3,7,0,4,1,0,2,0,0,,,,,,,1.15,10.5,25,1.15,9.5,18,1.13,8.78,16.16,1.25,4,,,1.33,3.6,1.3,3.35,-2.25,,,2526
F1,22/02/2026,14:00,Auxerre,Rennes,0,3,A,0,3,11,12,2,7,4,5,1,4,0,0,,,,,,,3.1,3.45,2.56,3,3.4,2.5,2.85,3.34,2.43,1.91,1.91,,,1.91,1.93,1.86,1.88,0,,,2526
F1,22/02/2026,16:15,Angers,Lille,0,1,A,0,1,6,14,2,5,1,7,3,1,0,0,,,,,,,5,3.85,1.84,4.75,3.6,1.85,4.54,3.52,1.79,2,1.8,,,2.14,1.73,2.07,1.7,0.75,,,2526
F1,22/02/2026,16:15,Nantes,Le Havre,2,0,H,2,0,9,6,2,1,5,6,4,3,0,0,,,,,,,2.54,3.45,3.1,2.5,3.4,3.05,2.4,3.22,2.98,2.1,1.73,,,2.2,1.73,2.11,1.68,-0.25,,,2526
F1,22/02/2026,16:15,Nice,Lorient,3,3,D,2,1,8,17,4,5,3,7,2,3,0,0,,,,,,,2.24,3.65,3.5,2.2,3.5,3.4,2.15,3.37,3.33,1.85,2,,,2.05,1.91,1.92,1.83,-0.25,,,2526
F1,22/02/2026,19:45,Strasbourg,Lyon,3,1,H,1,0,13,4,7,2,4,2,1,2,0,0,,,,,,,2.3,3.7,3.3,2.35,3.55,3.2,2.27,3.45,3.01,1.8,2,,,1.83,2.08,1.75,2,-0.25,,,2526
F1,27/02/2026,19:45,Strasbourg,Lens,1,1,D,1,0,8,25,5,5,2,8,2,2,0,0,,,,,,,2.32,3.8,3.2,2.28,3.65,3.1,2.23,3.5,3.04,1.62,2.3,,,1.75,2.1,1.7,2.08,-0.25,,,2526
F1,28/02/2026,16:00,Rennes,Toulouse,1,0,H,1,0,10,9,2,2,6,1,1,3,0,0,,,,,,,2.06,3.65,4,2.02,3.7,3.8,1.97,3.51,3.67,1.88,1.98,,,1.83,2.03,1.78,1.97,-0.5,,,2526
F1,28/02/2026,18:00,Monaco,Angers,2,0,H,0,0,10,6,4,2,5,2,0,3,0,0,,,,,,,1.47,5,8,1.44,4.8,7.5,1.41,4.71,7.02,1.73,2.1,,,1.62,2.4,1.58,2.28,-1.25,,,2526
F1,28/02/2026,20:05,Le Havre,Paris SG,0,1,A,0,1,10,22,2,9,3,3,3,0,0,0,,,,,,,11,6.2,1.32,10,6,1.33,9.38,5.61,1.28,1.44,2.75,,,1.57,2.55,1.51,2.45,1.5,,,2526
F1,01/03/2026,14:00,Paris FC,Nice,1,0,H,1,0,16,11,6,3,8,6,6,3,1,0,,,,,,,2.56,3.5,3.05,2.5,3.5,3,2.43,3.35,2.83,1.93,1.93,,,1.85,2,1.8,1.94,0,,,2526
F1,01/03/2026,16:15,Lille,Nantes,1,0,H,0,0,9,3,3,1,4,1,3,1,0,0,,,,,,,1.56,4.4,7.2,1.52,4.33,7,1.49,4.16,6.58,1.8,2,,,1.93,1.98,1.84,1.9,-1,,,2526
F1,01/03/2026,16:15,Lorient,Auxerre,2,2,D,2,2,15,10,5,3,3,7,1,3,0,0,,,,,,,2.18,3.3,4.1,2.1,3.3,4,2.07,3.22,3.71,2.2,1.67,,,2.3,1.67,2.22,1.63,-0.25,,,2526
F1,01/03/2026,16:15,Metz,Brest,0,1,A,0,0,24,6,6,1,12,4,2,1,0,1,,,,,,,3.9,3.5,2.16,3.8,3.4,2.14,3.57,3.34,2.07,1.98,1.88,,,2.05,1.8,1.97,1.79,0.25,,,2526
F1,01/03/2026,19:45,Marseille,Lyon,3,2,H,0,1,18,12,7,6,8,1,3,2,0,0,,,,,,,2.02,3.85,4,1.95,3.75,3.8,1.92,3.62,3.74,1.67,2.2,,,1.83,2.1,1.75,2.01,-0.5,,,2526
F1,06/03/2026,19:45,Paris SG,Monaco,1,3,A,0,1,20,11,6,6,7,3,1,3,0,0,,,,,,,1.4,6,8.2,1.4,5.75,8,1.35,5.42,7.15,1.33,3.4,,,1.36,3.4,1.33,3.17,-1.5,,,2526
F1,07/03/2026,16:00,Nantes,Angers,0,1,A,0,0,13,11,3,4,3,4,1,1,0,0,,,,,,,2.32,3.15,3.9,2.28,3.1,3.75,2.2,2.99,3.63,2.38,1.57,,,2.75,1.5,2.58,1.47,-0.25,,,2526
F1,07/03/2026,18:00,Auxerre,Strasbourg,0,0,D,0,0,10,13,4,5,5,4,1,2,0,0,,,,,,,3.65,3.5,2.22,3.6,3.4,2.28,3.37,3.3,2.16,2,1.8,,,2.05,1.83,1.98,1.77,0.25,,,2526
F1,07/03/2026,20:05,Toulouse,Marseille,0,1,A,0,1,12,10,2,3,4,2,2,3,0,0,,,,,,,3.45,3.65,2.24,3.3,3.7,2.2,3.13,3.53,2.15,1.91,1.91,,,1.75,2.14,1.7,2.07,0.25,,,2526
F1,08/03/2026,14:00,Lens,Metz,3,0,H,1,0,24,5,7,0,6,4,0,3,0,0,,,,,,,1.29,6.8,12,1.29,6.5,11,1.26,6,10,1.5,2.63,,,1.45,3,1.42,2.74,-1.75,,,2526
F1,08/03/2026,16:15,Brest,Le Havre,2,0,H,1,0,11,14,2,0,1,3,3,1,0,0,,,,,,,1.95,3.6,4.6,1.95,3.4,4.33,1.9,3.36,4.18,2,1.8,,,2.3,1.72,2.16,1.66,-0.5,,,2526
F1,08/03/2026,16:15,Lille,Lorient,1,1,D,0,0,12,9,2,5,5,1,4,1,0,0,,,,,,,1.59,4.3,6.8,1.6,4.35,6.5,1.52,4.12,6.15,1.9,1.95,,,1.93,1.94,1.85,1.89,-1,,,2526
F1,08/03/2026,16:15,Nice,Rennes,0,4,A,0,2,14,12,2,6,7,1,2,1,0,0,,,,,,,2.8,3.65,2.68,2.7,3.6,2.62,2.61,3.46,2.56,1.67,2.2,,,1.73,2.2,1.66,2.14,0,,,2526
F1,08/03/2026,19:45,Lyon,Paris FC,1,1,D,0,0,14,14,4,4,8,2,2,0,0,0,,,,,,,1.98,3.55,4.6,1.91,4,5.6,1.82,3.48,4.45,1.8,2,,,2.2,1.86,2.03,1.73,-0.5,,,2526
F1,13/03/2026,19:45,Marseille,Auxerre,1,0,H,0,0,16,8,3,3,9,2,4,2,0,0,,,,,,,1.46,4.9,8.8,1.45,4.75,7.5,1.42,4.53,7.11,1.57,2.38,,,1.8,2.12,1.72,2.06,-1.25,,,2526
F1,14/03/2026,16:00,Lorient,Lens,2,1,H,1,0,6,20,3,6,1,10,2,3,0,0,,,,,,,5.5,4.1,1.73,5.33,4.2,1.7,4.98,3.92,1.65,1.8,2,,,1.75,2.1,1.73,2.04,0.75,,,2526
F1,14/03/2026,18:00,Angers,Nice,0,2,A,0,0,11,12,1,8,7,6,1,3,0,0,,,,,,,3.45,3.2,2.48,3.33,3.13,2.4,3.19,3.07,2.35,2,1.8,,,2.33,1.67,2.25,1.61,0.25,,,2526
F1,14/03/2026,20:05,Monaco,Brest,2,0,H,1,0,10,13,4,1,3,8,2,1,0,0,,,,,,,1.64,4.3,6.2,1.62,4.2,5.5,1.58,4.14,5.23,1.62,2.3,,,1.67,2.3,1.62,2.2,-1,,,2526
F1,15/03/2026,14:00,Strasbourg,Paris FC,0,0,D,0,0,12,11,3,2,12,4,1,0,0,0,,,,,,,1.72,4.2,5.4,1.7,4.2,5,1.65,3.93,4.88,1.83,2.03,,,1.73,2.2,1.71,2.07,-0.75,,,2526
F1,15/03/2026,16:15,Le Havre,Lyon,0,0,D,0,0,12,13,4,4,2,2,1,3,1,0,,,,,,,3.75,3.45,2.22,3.6,3.4,2.2,3.44,3.33,2.11,2.1,1.73,,,2.1,1.8,2.02,1.74,0.25,,,2526
F1,15/03/2026,16:15,Metz,Toulouse,3,4,A,2,3,17,19,8,6,4,4,0,3,0,0,,,,,,,4.3,3.55,2.04,4,3.4,2,3.92,3.36,1.96,2.2,1.67,,,2.2,1.73,2.14,1.67,0.5,,,2526
F1,15/03/2026,19:45,Rennes,Lille,1,2,A,0,1,12,8,4,3,5,2,2,5,0,0,,,,,,,2.32,3.55,3.4,2.25,3.4,3.4,2.19,3.26,3.3,1.8,2,,,2.05,1.91,1.95,1.8,-0.25,,,2526
F1,20/03/2026,19:45,Lens,Angers,5,1,H,3,0,26,16,9,5,7,3,0,0,0,0,,,,,,,1.24,7.4,15.5,1.23,7,15,1.2,6.54,13.04,1.53,2.5,,,1.5,2.7,1.46,2.6,-2,,,2526
F1,21/03/2026,16:00,Toulouse,Lorient,1,0,H,0,0,12,7,4,2,1,4,2,3,0,0,,,,,,,1.89,3.55,5.2,1.85,3.5,5.1,1.8,3.35,4.71,2.1,1.73,,,2.1,1.83,2.02,1.73,-0.5,,,2526
F1,21/03/2026,18:00,Auxerre,Brest,3,0,H,1,0,11,9,7,2,6,3,0,4,1,0,,,,,,,2.4,3.15,3.65,2.33,3.2,3.5,2.27,3.1,3.33,2.2,1.67,,,2.38,1.62,2.3,1.57,-0.25,,,2526
F1,21/03/2026,20:05,Nice,Paris SG,0,4,A,0,1,6,17,1,10,2,5,0,1,1,0,,,,,,,7.4,5,1.48,6.6,5,1.48,6.41,4.73,1.44,1.4,3,,,1.57,2.6,1.51,2.47,1.25,,,2526
F1,22/03/2026,14:00,Lyon,Monaco,1,2,A,1,0,15,21,4,7,2,6,1,3,1,0,,,,,,,2.78,3.6,2.74,2.71,3.6,2.6,2.62,3.52,2.51,1.73,2.1,,,1.67,2.3,1.64,2.19,0,,,2526
F1,22/03/2026,16:15,Marseille,Lille,1,2,A,1,0,14,11,3,4,6,4,1,3,0,0,,,,,,,1.95,3.75,4.4,1.9,3.75,4.2,1.86,3.64,3.99,1.8,2,,,1.85,2,1.78,1.97,-0.5,,,2526
F1,22/03/2026,16:15,Paris FC,Le Havre,3,2,H,2,0,15,20,4,6,9,5,0,1,1,0,,,,,,,2.24,3.25,4,2.2,3.4,4,2.1,3.17,3.67,2.1,1.73,,,2.1,1.77,2.07,1.71,-0.25,,,2526
F1,22/03/2026,16:15,Rennes,Metz,0,0,D,0,0,25,7,8,2,8,2,1,3,0,0,,,,,,,1.32,6.2,11,1.32,6,10,1.29,5.58,9.16,1.57,2.38,,,1.57,2.5,1.52,2.43,-1.5,,,2526
F1,22/03/2026,19:45,Nantes,Strasbourg,2,3,A,1,1,14,13,9,9,3,6,3,3,0,0,,,,,,,3.8,3.6,2.16,3.66,3.5,2.15,3.43,3.42,2.08,2,1.8,,,1.96,1.91,1.88,1.86,0.25,,,2526
F1,03/04/2026,19:45,Paris SG,Toulouse,3,1,H,2,1,17,5,7,1,5,2,0,1,0,0,,,,,,,1.32,6.2,11.5,1.31,6.1,10.5,1.27,5.82,9.61,1.44,2.75,,,1.48,2.95,1.42,2.73,-1.5,,,2526
F1,04/04/2026,16:00,Strasbourg,Nice,3,1,H,3,0,16,8,6,3,4,10,0,2,0,0,,,,,,,2,3.9,3.95,1.96,3.8,3.75,1.93,3.68,3.67,1.73,2.1,,,1.66,2.4,1.6,2.25,-0.5,,,2526
F1,04/04/2026,18:00,Brest,Rennes,3,4,A,1,2,10,15,4,7,3,7,2,4,0,0,,,,,,,3.5,3.55,2.3,3.3,3.5,2.38,3.17,3.39,2.21,1.91,1.91,,,2,1.91,1.91,1.82,0.25,,,2526
F1,04/04/2026,20:05,Lille,Lens,3,0,H,1,0,13,5,7,1,3,3,3,2,0,0,,,,,,,3,3.5,2.58,2.9,3.5,2.48,2.82,3.38,2.4,1.85,2,,,1.85,2.05,1.78,1.96,0,,,2526
F1,05/04/2026,14:00,Angers,Lyon,0,0,D,0,0,7,11,1,2,3,7,3,0,0,0,,,,,,,6,4.3,1.65,5.75,4.2,1.63,5.4,4.01,1.59,2.2,1.67,,,1.83,2,1.77,1.97,1,,,2526
F1,05/04/2026,16:15,Le Havre,Auxerre,1,1,D,1,1,10,12,3,2,5,5,2,2,0,0,,,,,,,2.58,3.15,3.3,2.45,3.13,3.33,2.41,3.04,3.12,2.3,1.62,,,2.5,1.58,2.36,1.55,-0.25,,,2526
F1,05/04/2026,16:15,Lorient,Paris FC,1,1,D,0,0,10,7,3,5,5,6,1,2,0,0,,,,,,,2.54,3.35,3.2,2.4,3.3,3.2,2.36,3.21,3.05,2.1,1.73,,,2.1,1.8,2.05,1.72,-0.25,,,2526
F1,05/04/2026,16:15,Metz,Nantes,0,0,D,0,0,19,6,5,2,6,3,2,1,0,1,,,,,,,3,3.45,2.64,2.88,3.4,2.55,2.81,3.27,2.48,2.2,1.67,,,2.1,1.75,2.04,1.72,0,,,2526
F1,05/04/2026,19:45,Monaco,Marseille,2,1,H,0,0,7,19,3,9,0,8,2,2,0,0,,,,,,,2.18,3.8,3.55,2.1,3.8,3.5,2.05,3.7,3.29,1.57,2.38,,,1.57,2.5,1.52,2.42,-0.25,,,2526
F1,10/04/2026,18:00,Paris FC,Monaco,4,1,H,3,1,12,19,6,5,1,11,1,0,0,0,,,,,,,4,3.95,2,4,3.75,1.95,3.75,3.7,1.89,1.62,2.3,,,1.67,2.3,1.62,2.21,0.5,,,2526
F1,10/04/2026,20:05,Marseille,Metz,3,1,H,1,0,18,6,9,2,7,4,1,2,0,0,,,,,,,1.27,7.2,12.5,1.28,7,11.5,1.23,6.48,10,1.4,3,,,1.33,3.6,1.3,3.37,-2,,,2526
F1,11/04/2026,18:00,Auxerre,Nantes,0,0,D,0,0,5,13,0,4,3,2,0,4,0,0,,,,,,,1.98,3.5,4.6,2,3.4,4.33,1.91,3.33,4.15,2.3,1.62,,,2.32,1.67,2.23,1.61,-0.5,,,2526
F1,11/04/2026,20:05,Rennes,Angers,2,1,H,2,0,15,6,7,4,11,3,0,2,0,0,,,,,,,1.38,5.5,10,1.4,5.25,9.5,1.34,5.01,8.65,1.67,2.2,,,1.66,2.3,1.61,2.22,-1.5,,,2526
F1,12/04/2026,16:15,Nice,Le Havre,1,1,D,0,1,15,11,5,6,5,2,1,1,0,0,,,,,,,1.93,3.45,5,1.95,3.4,4.6,1.88,3.31,4.35,1.98,1.88,,,2,1.88,1.93,1.82,-0.5,,,2526
F1,12/04/2026,16:15,Toulouse,Lille,0,4,A,0,1,9,15,1,9,4,2,2,0,1,0,,,,,,,3.7,3.35,2.3,3.4,3.25,2.3,3.27,3.19,2.25,2.2,1.67,,,2.22,1.73,2.15,1.66,0.25,,,2526
F1,12/04/2026,19:45,Lyon,Lorient,2,0,H,0,0,11,12,5,6,4,6,4,1,0,0,,,,,,,1.67,4.3,5.7,1.73,4.2,5.4,1.62,3.97,5.09,1.91,1.91,,,1.73,2.14,1.7,2.08,-0.75,,,2526
F1,17/04/2026,19:45,Lens,Toulouse,3,2,H,0,2,41,5,13,2,14,1,1,1,0,1,,,,,,,1.54,4.7,7,1.6,4.5,6.33,1.5,4.36,5.94,1.67,2.2,,,1.67,2.3,1.63,2.21,-1,,,2526
F1,18/04/2026,16:00,Lorient,Marseille,2,0,H,1,0,11,16,4,2,1,7,0,3,0,0,,,,,,,5,4.6,1.69,4.8,4.5,1.91,4.5,4.28,1.65,1.67,2.2,,,1.52,2.75,1.47,2.59,1,,,2526
F1,18/04/2026,18:00,Angers,Le Havre,1,1,D,1,1,11,16,5,8,4,3,1,3,0,1,,,,,,,3.55,3.05,2.5,3.4,3.1,2.6,3.21,3.01,2.39,2.38,1.57,,,2.63,1.57,2.46,1.51,0.25,,,2526
F1,18/04/2026,20:05,Lille,Nice,0,0,D,0,0,9,5,2,1,5,3,3,1,0,0,,,,,,,1.54,4.7,7.2,1.6,4.75,6.5,1.49,4.37,6.06,1.8,2,,,1.67,2.3,1.63,2.19,-1,,,2526
F1,19/04/2026,14:00,Monaco,Auxerre,2,2,D,0,2,15,12,6,7,11,3,2,3,0,0,,,,,,,1.65,4.3,6,1.62,4.33,5.75,1.58,4.18,5.27,1.73,2.1,,,1.67,2.3,1.62,2.22,-1,,,2526
F1,19/04/2026,16:15,Metz,Paris FC,1,3,A,1,1,13,15,6,7,6,5,2,2,0,0,,,,,,,3.25,3.7,2.34,3.2,3.6,2.3,3.06,3.48,2.22,1.85,2,,,1.67,2.25,1.66,2.16,0.25,,,2526
F1,19/04/2026,16:15,Nantes,Brest,1,1,D,1,0,17,4,4,2,11,0,2,2,1,0,,,,,,,2.48,3.35,3.25,2.5,3.3,3.1,2.37,3.22,3.02,2.1,1.73,,,2.2,1.68,2.14,1.67,-0.25,,,2526
F1,19/04/2026,16:15,Strasbourg,Rennes,0,3,A,0,1,9,26,1,9,2,9,0,1,0,0,,,,,,,4.2,4.2,1.89,4,4.25,2.6,3.73,3.97,1.87,1.67,2.2,,,1.56,2.66,1.51,2.46,0.5,,,2526
F1,19/04/2026,19:45,Paris SG,Lyon,1,2,A,0,2,23,6,6,5,13,5,5,1,0,0,,,,,,,1.36,6,9.6,1.35,5.75,9,1.31,5.53,8.34,1.44,2.75,,,1.5,2.88,1.44,2.69,-1.5,,,2526
F1,22/04/2026,18:00,Paris SG,Nantes,3,0,H,2,0,14,11,6,4,7,6,2,1,0,0,,,,,,,,,,1.18,9.5,18,1.15,7.93,14.88,1.33,3.4,,,1.35,3.5,1.31,3.25,-2.25,,,2526
F1,24/04/2026,19:45,Brest,Lens,3,3,D,3,0,6,25,3,7,0,6,3,3,0,0,,,,,,,,,,6,4.3,1.57,5.71,4.18,1.53,1.67,2.2,,,1.8,2.23,1.67,2.12,1,,,2526
F1,25/04/2026,14:00,Lyon,Auxerre,3,2,H,1,1,12,9,6,2,6,3,1,2,0,0,,,,,,,,,,1.65,4.1,5.5,1.61,3.95,5.14,1.8,2,,,1.78,2.2,1.72,2.03,-0.75,,,2526
F1,25/04/2026,18:00,Angers,Paris SG,0,3,A,0,2,6,17,1,10,5,4,0,2,0,1,,,,,,,,,,13,6.5,1.28,11.05,6.11,1.23,1.53,2.5,,,1.53,2.7,1.48,2.53,1.75,,,2526
F1,25/04/2026,20:05,Toulouse,Monaco,2,2,D,0,2,18,8,5,5,4,2,3,2,0,0,,,,,,,,,,4.5,4.2,1.75,4.31,4.01,1.71,1.67,2.2,,,1.58,2.5,1.54,2.36,0.75,,,2526
F1,26/04/2026,14:00,Lorient,Strasbourg,2,3,A,1,0,14,11,6,5,9,7,1,2,0,0,,,,,,,,,,2.15,3.75,3.3,2.08,3.59,3.21,1.8,2,,,1.75,2.2,1.68,2.11,-0.25,,,2526
F1,26/04/2026,16:15,Le Havre,Metz,4,4,D,2,2,14,12,5,5,6,4,3,1,0,0,,,,,,,,,,1.6,4.4,5.6,1.57,4.19,5.21,1.91,1.91,,,1.67,2.3,1.62,2.21,-1,,,2526
F1,26/04/2026,16:15,Paris FC,Lille,0,1,A,0,1,7,10,2,4,7,3,6,3,1,0,,,,,,,,,,4.75,4,1.75,4.63,3.84,1.7,1.88,1.98,,,1.75,2.2,1.7,2.07,0.75,,,2526
F1,26/04/2026,16:15,Rennes,Nantes,2,1,H,1,1,14,24,5,8,6,8,3,2,0,0,,,,,,,,,,1.48,4.6,7,1.45,4.5,6.5,1.62,2.3,,,1.66,2.3,1.62,2.22,-1.25,,,2526
F1,26/04/2026,19:45,Marseille,Nice,1,1,D,0,0,24,5,6,2,7,1,4,1,0,0,,,,,,,,,,1.76,4,4.75,1.7,3.97,4.43,1.44,2.75,,,1.67,2.25,1.63,2.19,-0.75,,,2526
F1,02/05/2026,14:00,Nantes,Marseille,3,0,H,0,0,17,16,6,8,7,8,1,3,0,0,,,,,,,,,,3.8,4,2,3.61,3.82,1.89,1.67,2.2,,,1.6,2.4,1.56,2.33,0.5,,,2526
F1,02/05/2026,16:00,Paris SG,Lorient,2,2,D,1,1,24,5,6,3,12,2,1,1,0,0,,,,,,,,,,1.36,6,8.5,1.33,5.47,7.68,1.4,3,,,1.42,3,1.4,2.8,-1.5,,,2526
F1,02/05/2026,18:00,Metz,Monaco,1,2,A,0,0,13,15,1,3,5,9,0,2,0,0,,,,,,,,,,7.5,6,1.4,7.12,5.65,1.33,1.36,3.2,,,1.29,3.75,1.27,3.56,1.5,,,2526
F1,02/05/2026,20:05,Nice,Lens,1,1,D,0,0,9,16,2,4,7,8,2,3,0,1,,,,,,,,,,4.8,4.33,1.71,4.55,4.16,1.65,1.57,2.38,,,1.55,2.6,1.52,2.42,0.75,,,2526
F1,03/05/2026,14:00,Lille,Le Havre,1,1,D,1,1,22,2,10,2,14,5,2,3,0,0,,,,,,,,,,1.4,4.8,9.5,1.35,4.72,8.52,1.91,1.91,,,1.86,2.03,1.8,1.94,-1.25,,,2526
F1,03/05/2026,16:15,Auxerre,Angers,3,1,H,1,0,19,9,10,3,4,6,2,4,0,1,,,,,,,,,,1.8,3.8,5.1,1.72,3.65,4.77,2.2,1.67,,,2.05,1.83,1.98,1.77,-0.75,,,2526
F1,03/05/2026,16:15,Paris FC,Brest,4,0,H,2,0,17,10,8,1,7,3,2,1,0,0,,,,,,,,,,1.9,3.8,4.2,1.84,3.75,3.89,1.91,1.91,,,1.73,2.2,1.67,2.12,-0.5,,,2526
F1,03/05/2026,16:15,Strasbourg,Toulouse,1,2,A,1,1,9,16,4,6,8,3,1,3,0,0,,,,,,,,,,3,3.6,2.3,2.97,3.48,2.25,1.83,2.03,,,1.83,2.1,1.75,2,0.25,,,2526
F1,03/05/2026,19:45,Lyon,Rennes,4,2,H,2,1,16,8,9,5,7,5,0,3,0,0,,,,,,,,,,2.1,3.8,3.25,2.05,3.76,3.16,1.67,2.2,,,1.57,2.5,1.51,2.42,-0.25,,,2526
F1,08/05/2026,19:45,Lens,Nantes,1,0,H,0,0,14,15,5,3,8,3,2,1,0,0,,,,,,,1.5,5.1,7,1.48,5,6.5,1.44,4.78,6.17,1.44,2.75,,,1.53,2.63,1.49,2.51,-1.25,,,2526
F1,10/05/2026,20:00,Angers,Strasbourg,1,1,D,0,1,11,15,4,6,0,2,2,2,0,0,,,,,,,2.9,3.6,2.64,2.7,3.5,2.6,2.64,3.45,2.5,1.98,1.88,,,1.8,2.1,1.75,2.01,0,,,2526
F1,10/05/2026,20:00,Auxerre,Nice,2,1,H,1,1,12,10,4,6,10,1,1,0,0,0,,,,,,,2.5,3.4,3.2,2.4,3.4,3.14,2.31,3.33,2.97,1.93,1.93,,,2,1.9,1.93,1.81,-0.25,,,2526
F1,10/05/2026,20:00,Le Havre,Marseille,0,1,A,0,0,10,8,2,3,3,0,4,2,0,0,,,,,,,4.1,3.95,1.97,3.8,3.9,1.95,3.61,3.78,1.89,1.67,2.2,,,1.62,2.4,1.57,2.31,0.5,,,2526
F1,10/05/2026,20:00,Metz,Lorient,0,4,A,0,1,8,14,2,7,7,4,2,2,0,0,,,,,,,3.1,3.65,2.42,2.92,3.75,2.37,2.86,3.58,2.28,1.67,2.2,,,1.67,2.3,1.62,2.21,0.25,,,2526
F1,10/05/2026,20:00,Monaco,Lille,0,1,A,0,0,7,7,3,2,5,2,1,3,0,0,,,,,,,2.72,3.75,2.7,2.63,3.7,2.6,2.53,3.59,2.53,1.62,2.3,,,1.67,2.3,1.62,2.22,0,,,2526
F1,10/05/2026,20:00,Paris SG,Brest,1,0,H,0,0,23,3,6,2,13,2,0,0,0,0,,,,,,,1.23,8,15,1.23,7.5,15,1.19,7.29,11.47,1.36,3.2,,,1.29,4,1.26,3.62,-2,,,2526
F1,10/05/2026,20:00,Rennes,Paris FC,2,1,H,0,0,14,11,5,1,8,2,0,2,0,0,,,,,,,1.6,5,5.6,1.57,4.8,5.33,1.53,4.6,5.04,1.5,2.63,,,1.44,3.1,1.39,2.86,-1,,,2526
F1,10/05/2026,20:00,Toulouse,Lyon,2,1,H,1,0,14,18,6,3,7,8,6,2,1,0,,,,,,,4.4,3.85,1.94,4.1,3.9,1.91,3.89,3.74,1.84,1.8,2,,,1.71,2.2,1.68,2.12,0.5,,,2526
F1,13/05/2026,18:00,Brest,Strasbourg,1,2,A,1,2,21,10,6,5,5,4,0,1,0,0,,,,,,,3.45,3.7,2.24,3.75,3.7,2.15,3.24,3.56,2.09,1.73,2.1,,,1.73,2.2,1.68,2.1,0.5,,,2526
F1,13/05/2026,20:00,Lens,Paris SG,0,2,A,0,1,25,10,10,3,6,3,0,1,0,0,,,,,,,3.45,4.2,2.1,3.25,4.2,2.05,3.09,4.01,2.01,1.5,2.63,,,1.4,3.2,1.36,3,0.5,,,2526
F1,17/05/2026,20:00,Brest,Angers,1,1,D,0,0,18,8,5,2,6,3,1,1,0,0,,,,,,,2.04,3.55,4.1,2,3.5,4,1.93,3.43,3.79,1.85,2,,,2,1.91,1.93,1.81,-0.5,,,2526
F1,17/05/2026,20:00,Lille,Auxerre,0,2,A,0,1,12,7,3,4,4,2,3,2,0,0,,,,,,,1.46,5,8.2,1.48,4.8,7.5,1.41,4.58,6.95,1.73,2.1,,,1.75,2.1,1.69,2.09,-1.25,,,2526
F1,17/05/2026,20:00,Lorient,Le Havre,0,2,A,0,1,12,7,2,4,5,1,2,1,0,0,,,,,,,2.4,3.55,3.25,2.38,3.6,3,2.29,3.4,2.92,1.88,1.98,,,1.86,2.03,1.8,1.94,-0.25,,,2526
F1,17/05/2026,20:00,Lyon,Lens,0,4,A,0,3,16,14,4,4,20,8,1,4,0,0,,,,,,,1.6,5.1,5.5,1.57,4.8,5.5,1.52,4.52,5.16,1.57,2.38,,,1.5,2.8,1.47,2.58,-1,,,2526
F1,17/05/2026,20:00,Marseille,Rennes,3,1,H,2,0,27,27,11,6,4,11,3,1,0,0,,,,,,,1.89,4.3,4.1,1.91,4.33,4,1.82,4.11,3.58,1.57,2.38,,,1.35,3.4,1.33,3.19,-0.5,,,2526
F1,17/05/2026,20:00,Nantes,Toulouse,0,0,D,0,0,2,2,1,1,2,2,0,0,0,0,,,,,,,3.05,3.55,2.52,3,3.5,2.5,2.75,3.41,2.4,1.73,2.1,,,1.86,2.02,1.79,1.97,0.25,,,2526
F1,17/05/2026,20:00,Nice,Metz,0,0,D,0,0,22,16,4,4,10,4,2,1,0,0,,,,,,,1.3,6.6,11.5,1.29,6.5,10.5,1.27,5.78,9.47,1.57,2.38,,,1.5,2.8,1.46,2.6,-1.5,,,2526
F1,17/05/2026,20:00,Paris FC,Paris SG,2,1,H,0,0,17,9,9,2,3,3,2,1,0,0,,,,,,,6.4,5.1,1.53,6,5,1.5,5.62,4.81,1.46,1.4,3,,,1.38,3.3,1.35,3.01,1.25,,,2526
F1,17/05/2026,20:00,Strasbourg,Monaco,5,4,H,1,3,15,21,7,8,4,6,1,2,0,0,,,,,,,3.5,4.5,2,3.33,4.33,2,3.19,4.13,1.93,1.44,2.75,,,1.35,3.4,1.32,3.25,0.5,,,2526
E0,21/08/2026,20:00,Arsenal,Coventry,3,0,H,2,0,20,4,6,1,8,2,1,1,0,0,,,,,,,1.23,7.4,18,1.22,7.5,16,1.2,6.72,14,1.57,2.38,,,1.58,2.45,1.55,2.37,-2,,,2627
E0,22/08/2026,12:30,Hull,Man United,2,0,H,2,0,8,21,4,5,1,6,2,1,0,0,,,,,,,9.6,5.4,1.39,9,5.5,1.37,8.49,5.11,1.34,1.67,2.2,,,1.58,2.5,1.55,2.38,1.5,,,2627
E0,22/08/2026,15:00,Everton,Crystal Palace,2,0,H,1,0,16,11,5,4,4,0,0,1,0,0,,,,,,,2.42,3.45,3.25,2.38,3.5,3.2,2.32,3.36,3.05,1.95,1.9,,,1.98,1.88,1.93,1.83,-0.25,,,2627
E0,22/08/2026,15:00,Ipswich,Sunderland,2,1,H,1,1,10,11,3,4,3,5,0,3,0,0,,,,,,,3,3.35,2.68,3,3.3,2.6,2.83,3.22,2.52,1.98,1.88,,,2.2,1.73,2.14,1.67,0,,,2627
E0,22/08/2026,15:00,Nott'm Forest,Leeds,0,1,A,0,0,12,11,2,3,3,2,2,1,0,0,,,,,,,2.6,3.3,3.15,2.52,3.25,3,2.45,3.2,2.94,1.98,1.88,,,2.2,1.75,2.12,1.69,-0.25,,,2627
E0,22/08/2026,17:30,Brentford,Tottenham,3,0,H,2,0,26,9,8,4,7,3,1,1,0,0,,,,,,,2.1,4,3.55,2.14,3.9,3.5,1.99,3.71,3.39,1.67,2.2,,,1.7,2.3,1.65,2.18,-0.5,,,2627
E0,23/08/2026,14:00,Brighton,Aston Villa,4,0,H,4,0,21,6,6,0,5,2,2,3,0,1,,,,,,,2.16,3.55,3.8,2.12,3.5,3.7,2.07,3.41,3.52,1.73,2.1,,,2.03,1.85,1.93,1.82,-0.25,,,2627
E0,23/08/2026,14:00,Man City,Bournemouth,2,1,H,0,1,13,5,6,4,8,3,1,2,0,0,,,,,,,1.51,5.1,7,1.48,5,7,1.44,4.78,6.36,1.44,2.75,,,1.57,2.63,1.52,2.45,-1.25,,,2627
E0,23/08/2026,16:30,Newcastle,Liverpool,2,2,D,1,0,13,27,4,7,2,6,5,3,0,0,,,,,,,4.1,4,1.95,3.9,4,2.5,3.66,3.82,1.92,1.5,2.63,,,2,2.8,1.49,2.58,0.5,,,2627
E0,24/08/2026,20:00,Fulham,Chelsea,2,3,A,1,2,14,18,6,6,6,4,2,3,0,0,,,,,,,3.95,3.65,2.1,3.65,3.6,2.08,3.57,3.5,2.02,1.67,2.2,,,1.91,1.95,1.84,1.91,0.5,,,2627
I1,22/08/2026,17:30,Inter,Monza,4,1,H,1,1,13,7,5,3,3,3,2,2,0,0,,,,,,,1.18,9,21,1.17,8.5,21,1.15,7.82,17.22,1.62,2.3,,,1.5,2.7,1.48,2.55,-2,,,2627
I1,22/08/2026,17:30,Udinese,Como,1,1,D,1,0,17,20,3,6,1,10,3,0,0,0,,,,,,,5.5,3.7,1.81,5.33,3.7,1.75,5,3.59,1.72,2.2,1.67,,,2.05,1.83,2,1.77,0.75,,,2627
I1,22/08/2026,19:45,Genoa,Napoli,0,2,A,0,0,11,13,2,4,5,5,2,1,0,0,,,,,,,4.4,3.15,2.18,4.33,3.2,2.15,3.94,3.06,2.07,2.3,1.62,,,2.63,1.53,2.48,1.51,0.5,,,2627
I1,22/08/2026,19:45,Parma,Cagliari,0,1,A,0,0,13,14,2,5,3,2,0,2,0,0,,,,,,,3.05,3,2.88,2.9,2.9,2.85,2.86,2.86,2.74,2.5,1.53,,,3,1.5,2.71,1.44,0,,,2627
I1,23/08/2026,17:30,Frosinone,Juventus,0,1,A,0,1,11,20,2,5,3,12,2,2,0,0,,,,,,,8,4.9,1.48,7.4,5,1.45,6.67,4.69,1.43,1.83,2.03,,,1.6,2.45,1.57,2.33,1.25,,,2627
I1,23/08/2026,17:30,Venezia,Lecce,0,2,A,0,0,19,12,7,5,5,3,1,3,0,0,,,,,,,1.89,3.65,5,1.83,3.6,5,1.79,3.51,4.54,2.3,1.62,,,2,2,1.93,1.82,-0.5,,,2627
I1,23/08/2026,19:45,Atalanta,Sassuolo,2,1,H,1,0,14,22,7,8,4,4,0,0,0,0,,,,,,,1.58,4.6,6.6,1.55,4.5,6,1.51,4.34,5.88,1.67,2.2,,,1.67,2.25,1.64,2.2,-1,,,2627
I1,23/08/2026,19:45,Torino,Milan,1,2,A,0,0,8,19,1,4,2,4,0,1,0,0,,,,,,,4.7,3.55,1.95,4.6,3.5,1.91,4.39,3.35,1.87,1.93,1.93,,,2.25,1.73,2.17,1.66,0.5,,,2627
I1,24/08/2026,17:30,Bologna,Lazio,0,1,A,0,0,14,10,5,3,8,6,4,4,0,0,,,,,,,2.64,3.05,3.35,2.6,3.2,3.25,2.46,3.03,3.07,2.2,1.67,,,2.38,1.6,2.33,1.57,-0.25,,,2627
I1,24/08/2026,19:45,Roma,Fiorentina,4,0,H,1,0,17,9,8,4,2,3,2,2,0,0,,,,,,,1.8,3.85,5.3,1.73,3.8,5.2,1.71,3.73,4.81,1.88,1.98,,,1.93,1.93,1.88,1.87,-0.75,,,2627
SP1,15/08/2026,18:30,Alaves,Getafe,3,0,H,0,0,18,6,8,2,5,3,4,3,0,1,,,,,,,2.38,2.88,4.2,2.4,2.88,4,2.32,2.76,3.75,3.2,1.36,,,3.75,1.4,3.32,1.32,-0.25,,,2627
SP1,15/08/2026,20:30,Sevilla,Vallecano,2,1,H,0,1,13,6,4,3,1,2,4,4,1,0,,,,,,,2.66,3.05,3.3,2.66,3.1,3.4,2.49,2.92,3.19,2.3,1.62,,,2.75,1.54,2.53,1.5,0,,,2627
SP1,16/08/2026,16:00,Santander,Villarreal,2,2,D,2,2,17,12,3,7,6,10,2,4,0,0,,,,,,,3.9,3.85,2.04,3.9,4,2,3.69,3.77,1.92,1.8,2,,,1.6,2.63,1.52,2.47,0.5,,,2627
SP1,16/08/2026,18:00,Espanol,Levante,3,0,H,2,0,16,4,6,0,0,1,3,0,0,0,,,,,,,2.18,3.4,4,2.16,3.3,3.8,2.1,3.23,3.71,2.2,1.67,,,2.2,1.73,2.13,1.68,-0.5,,,2627
SP1,17/08/2026,20:00,La Coruna,Elche,1,1,D,1,0,8,11,3,6,2,6,2,2,0,0,,,,,,,2.28,3.2,3.95,2.26,3.25,3.7,2.19,3.15,3.53,2.3,1.62,,,2.3,1.67,2.25,1.61,-0.25,,,2627
SP1,19/08/2026,20:00,Ath Madrid,Malaga,2,0,H,0,0,15,5,6,1,6,1,2,3,0,0,,,,,,,1.51,4.8,7.4,1.5,4.6,7,1.46,4.51,6.53,1.73,2.1,,,1.67,2.3,1.63,2.22,-1.25,,,2627
SP1,20/08/2026,20:00,Vallecano,Alaves,1,1,D,0,0,8,15,3,3,9,7,1,2,0,0,,,,,,,2.56,3.15,3.35,2.5,3.2,3.25,2.42,3.07,3.07,2.75,1.44,,,2.5,1.65,2.3,1.59,-0.25,,,2627
SP1,21/08/2026,20:00,Betis,Sociedad,1,0,H,0,0,18,9,7,3,4,5,3,3,0,0,,,,,,,2.22,3.55,3.6,2.15,3.55,3.5,2.11,3.43,3.38,1.8,2,,,1.83,2,1.78,1.97,-0.25,,,2627
SP1,22/08/2026,16:00,Ath Bilbao,Sevilla,1,3,A,0,1,18,7,8,4,10,3,2,5,1,0,,,,,,,1.82,3.65,5.4,1.8,3.6,5,1.75,3.57,4.79,2.2,1.67,,,2.15,1.73,2.1,1.69,-0.75,,,2627
SP1,22/08/2026,18:30,Valencia,Celta,0,0,D,0,0,8,7,2,3,1,2,2,3,0,0,,,,,,,2.62,3.15,3.25,2.45,3.2,3.2,2.42,3.12,3.04,2.2,1.67,,,2.38,1.65,2.26,1.6,-0.25,,,2627
SP1,22/08/2026,20:30,Espanol,Real Madrid,1,2,A,1,1,8,21,3,8,0,8,5,1,0,0,,,,,,,8.6,5.3,1.43,8,5,1.41,7.35,4.88,1.39,1.73,2.1,,,1.57,2.63,1.52,2.45,1.25,,,2627
SP1,23/08/2026,16:00,Ath Madrid,Villarreal,2,2,D,0,0,19,13,4,6,5,3,3,2,1,0,,,,,,,1.87,3.9,4.7,1.84,3.9,4.6,1.78,3.83,4.15,1.88,1.98,,,1.67,2.3,1.62,2.22,-0.5,,,2627
SP1,23/08/2026,18:30,Getafe,Santander,1,0,H,0,0,12,6,1,3,8,6,1,3,0,0,,,,,,,2.38,3.25,3.6,2.38,3.13,3.5,2.27,3.07,3.42,2.75,1.44,,,2.25,1.67,2.2,1.64,-0.25,,,2627
SP1,23/08/2026,20:30,Elche,Barcelona,0,5,A,0,2,7,11,2,7,3,1,1,0,0,0,,,,,,,9.2,5.9,1.38,9,5.75,1.36,8.35,5.52,1.32,1.44,2.75,,,1.5,2.75,1.47,2.62,1.5,,,2627
SP1,24/08/2026,18:30,Osasuna,Levante,0,0,D,0,0,12,11,7,1,9,4,2,1,0,0,,,,,,,1.99,3.5,4.6,1.94,3.5,4.33,1.9,3.38,4.21,2,1.8,,,2.2,1.73,2.14,1.67,-0.5,,,2627
SP1,24/08/2026,20:30,Malaga,La Coruna,1,1,D,1,1,13,6,2,4,7,4,1,4,0,0,,,,,,,2.5,3.15,3.5,2.42,3.2,3.3,2.36,3.05,3.2,2.63,1.5,,,2.3,1.67,2.23,1.63,-0.25,,,2627
SP1,25/08/2026,20:00,Valencia,Betis,0,1,A,0,0,16,15,3,3,8,2,2,1,0,0,,,,,,,2.74,3.4,2.9,2.7,3.3,2.8,2.61,3.23,2.72,2.1,1.73,,,2.15,1.75,2.09,1.7,0,,,2627
SP1,26/08/2026,20:00,Real Madrid,Sociedad,4,1,H,1,1,20,10,11,3,4,7,3,3,0,0,,,,,,,1.22,8.6,15,1.21,8,15,1.18,7.37,12.96,1.44,2.75,,,1.33,3.6,1.31,3.37,-2,,,2627
SP1,27/08/2026,19:30,Celta,Osasuna,1,2,A,1,0,4,13,2,5,5,3,0,1,1,0,,,,,,,1.96,3.4,5,1.9,3.4,5,1.85,3.29,4.63,2.2,1.67,,,2.35,1.62,2.27,1.6,-0.5,,,2627
SP1,27/08/2026,20:00,Barcelona,Ath Bilbao,2,0,H,1,0,22,5,10,0,12,5,1,2,0,0,,,,,,,1.25,7.4,14.5,1.25,7,12,1.22,6.64,10.81,1.44,2.75,,,1.33,3.6,1.31,3.34,-1.75,,,2627
F1,21/08/2026,19:45,Marseille,Strasbourg,4,0,H,0,0,14,5,8,2,3,4,1,2,0,1,,,,,,,1.79,4.2,4.7,1.75,4.2,4.4,1.73,4.02,4.25,1.57,2.38,,,1.58,2.63,1.51,2.46,-0.75,,,2627
F1,22/08/2026,16:15,Lens,Auxerre,5,2,H,1,0,12,10,9,4,4,7,1,1,0,1,,,,,,,1.49,4.7,8,1.5,4.8,7.5,1.44,4.56,6.9,1.67,2.2,,,1.67,2.25,1.65,2.17,-1.25,,,2627
F1,22/08/2026,19:45,Le Mans,Brest,2,2,D,1,1,8,26,5,7,1,10,1,1,0,0,,,,,,,2.66,3.5,2.94,2.58,3.4,2.8,2.5,3.32,2.76,1.88,1.98,,,1.98,1.91,1.9,1.84,0,,,2627
F1,22/08/2026,19:45,Nice,Lorient,0,0,D,0,0,14,10,1,2,9,3,1,0,0,0,,,,,,,2.5,3.35,3.25,2.4,3.3,3.2,2.33,3.23,3.1,1.85,2,,,2.15,1.73,2.06,1.71,-0.25,,,2627
F1,22/08/2026,19:45,Toulouse,Lyon,0,2,A,0,0,17,11,2,3,6,5,1,2,0,0,,,,,,,2.36,3.5,3.4,2.3,3.5,3.2,2.25,3.42,3.09,1.83,2.03,,,1.88,2,1.83,1.91,-0.25,,,2627
F1,22/08/2026,19:45,Troyes,Paris FC,0,0,D,0,0,9,10,2,1,6,2,2,1,0,0,,,,,,,3.6,3.65,2.2,3.5,3.6,2.15,3.3,3.52,2.11,1.73,2.1,,,1.8,2.1,1.73,2.03,0.5,,,2627
F1,23/08/2026,14:00,Angers,Lille,0,2,A,0,2,20,11,2,8,8,3,2,2,0,0,,,,,,,5.2,3.8,1.83,5,3.6,1.81,4.67,3.58,1.76,2.03,1.83,,,2.1,1.8,2.04,1.73,0.75,,,2627
F1,23/08/2026,16:15,Le Havre,Monaco,0,1,A,0,1,15,15,4,7,7,4,3,2,0,0,,,,,,,4.3,3.65,2,4.2,3.6,2,3.89,3.5,1.92,1.57,2.38,,,2.03,1.95,1.86,1.88,0.5,,,2627
F1,23/08/2026,19:45,Rennes,Paris SG,2,2,D,2,0,9,19,3,5,0,10,2,2,0,0,,,,,,,6.8,5,1.52,6.5,5,1.5,5.94,4.84,1.45,1.44,2.75,,,1.45,3,1.41,2.78,1.25,,,2627